Description,TotalQuantity,TotalRevenue,TotalOrders,AvgMonthlyDemand,ReorderPoint,InventoryStatus
  DOORMAT UNION JACK GUNS AND ROSES,169,1084.75,51,6.76,10.14,Low Demand
 3 STRIPEY MICE FELTCRAFT,663,1243.05,112,26.52,39.78,Medium Demand
 4 PURPLE FLOCK DINNER CANDLES,340,535.96,51,13.6,20.4,Low Demand
 50'S CHRISTMAS GIFT BAG LARGE,1885,2272.25,109,75.4,113.10000000000001,Medium Demand
 ANIMAL STICKERS,385,80.85,12,15.4,23.1,Low Demand
 BLACK PIRATE TREASURE CHEST,47,77.55,13,1.88,2.82,Low Demand
 BROWN  PIRATE TREASURE CHEST ,36,59.4,7,1.44,2.16,Low Demand
 Bank Charges,2,30.0,2,0.08,0.12,Low Demand
 CAMPHOR WOOD PORTOBELLO MUSHROOM,43,53.75,7,1.72,2.58,Low Demand
 CHERRY BLOSSOM  DECORATIVE FLASK,308,1068.6000000000001,26,12.32,18.48,Low Demand
 DOLLY GIRL BEAKER,2398,2759.5,133,95.92,143.88,Medium Demand
 FAIRY CAKE CANDLES,153,202.05,2,6.12,9.18,Low Demand
 FLAMINGO LIGHTS,335,1523.8500000000001,46,13.4,20.1,Low Demand
 HOME SWEET HOME  BLACKBOARD,117,722.3100000000001,33,4.68,7.02,Low Demand
 I LOVE LONDON MINI BACKPACK,360,1454.0,68,14.4,21.6,Low Demand
 I LOVE LONDON MINI RUCKSACK,1,4.15,1,0.04,0.06,Low Demand
 IVORY PAPER CUP CAKE CASES ,1146,521.1,23,45.84,68.76,Medium Demand
 LARGE SKULL WINDMILL,8,16.8,2,0.32,0.48,Low Demand
 NEW BAROQUE BLACK BOXES,6,76.5,3,0.24,0.36,Low Demand
 NINE DRAWER OFFICE TIDY,55,792.85,30,2.2,3.3000000000000003,Low Demand
 OVAL WALL MIRROR DIAMANTE ,141,1258.95,67,5.64,8.459999999999999,Low Demand
 PAINT YOUR OWN CANVAS SET,480,724.8,17,19.2,28.799999999999997,Low Demand
 PEACE WOODEN BLOCK LETTERS,133,917.15,47,5.32,7.98,Low Demand
 RED SPOT GIFT BAG LARGE,1700,2041.0,92,68.0,102.0,Medium Demand
 RED/WHITE DOT MINI CASES,479,3536.13,138,19.16,28.740000000000002,Low Demand
 RIDGED GLASS T-LIGHT HOLDER,940,531.8000000000001,12,37.6,56.400000000000006,Medium Demand
 SET 2 TEA TOWELS I LOVE LONDON ,3698,10278.800000000001,331,147.92,221.88,High Demand
 SET Of 6 SOLDIER SKITTLES,16,60.0,3,0.64,0.96,Low Demand
 SILVER CHERRY LIGHTS,264,1594.8000000000002,35,10.56,15.84,Low Demand
 SILVER T-LIGHT SETTING,37,240.15,15,1.48,2.2199999999999998,Low Demand
 SPACEBOY BABY GIFT SET,450,7065.499999999999,142,18.0,27.0,Low Demand
 STAR  T-LIGHT HOLDER ,20,28.999999999999996,4,0.8,1.2000000000000002,Low Demand
 TOADSTOOL BEDSIDE LIGHT ,2,17.9,1,0.08,0.12,Low Demand
 TRELLIS COAT RACK,217,1016.5500000000001,46,8.68,13.02,Low Demand
 VINTAGE DESIGN GIFT TAGS,244,207.4,20,9.76,14.64,Low Demand
 WHITE BAMBOO RIBS LAMPSHADE,210,148.26,7,8.4,12.600000000000001,Low Demand
 WHITE CHERRY LIGHTS,1986,11697.300000000001,215,79.44,119.16,Medium Demand
10 COLOUR SPACEBOY PEN,12284,10211.3,472,491.36,737.04,High Demand
11 PC CERAMIC TEA SET POLKADOT,3,14.85,1,0.12,0.18,Low Demand
12 ASS ZINC CHRISTMAS DECORATIONS,441,926.1,45,17.64,26.46,Low Demand
12 COLOURED PARTY BALLOONS,4227,2683.35,255,169.08,253.62,High Demand
12 DAISY PEGS IN WOOD BOX,909,1499.85,178,36.36,54.54,Medium Demand
12 EGG HOUSE PAINTED WOOD,475,5176.67,143,19.0,28.5,Low Demand
12 HANGING EGGS HAND PAINTED,42,87.36,7,1.68,2.52,Low Demand
12 IVORY ROSE PEG PLACE SETTINGS,2399,2909.83,228,95.96,143.94,Medium Demand
12 MESSAGE CARDS WITH ENVELOPES,3043,4852.95,346,121.72,182.57999999999998,High Demand
12 MINI TOADSTOOL PEGS,474,592.5,88,18.96,28.44,Low Demand
12 PENCIL SMALL TUBE WOODLAND,9255,5883.15,514,370.2,555.3,High Demand
12 PENCILS SMALL TUBE POSY,519,337.35,64,20.76,31.14,Medium Demand
12 PENCILS SMALL TUBE RED RETROSPOT,10014,6450.3,459,400.56,600.84,High Demand
12 PENCILS SMALL TUBE RED SPOTTY,8003,5001.95,304,320.12,480.18,High Demand
12 PENCILS SMALL TUBE SKULL,12961,8219.45,684,518.44,777.6600000000001,High Demand
12 PENCILS TALL TUBE POSY,5861,1906.1699999999998,225,234.44,351.65999999999997,High Demand
12 PENCILS TALL TUBE RED RETROSPOT,3867,3280.71,336,154.68,232.02,High Demand
12 PENCILS TALL TUBE RED SPOTTY,2241,1879.8899999999999,210,89.64,134.46,Medium Demand
12 PENCILS TALL TUBE SKULLS,4678,3965.3799999999997,487,187.12,280.68,High Demand
12 PENCILS TALL TUBE WOODLAND,4492,3743.3199999999997,427,179.68,269.52,High Demand
12 PINK HEN+CHICKS IN BASKET,90,229.5,34,3.6,5.4,Low Demand
12 PINK ROSE PEG PLACE SETTINGS,1478,1758.58,115,59.12,88.67999999999999,Medium Demand
12 RED ROSE PEG PLACE SETTINGS,1170,1453.38,182,46.8,70.19999999999999,Medium Demand
15 PINK FLUFFY CHICKS IN BOX,30,88.5,20,1.2,1.7999999999999998,Low Demand
15CM CHRISTMAS GLASS BALL 20 LIGHTS,2586,19091.7,432,103.44,155.16,High Demand
16 PC CUTLERY SET PANTRY DESIGN,4,63.8,1,0.16,0.24,Low Demand
16 PIECE CUTLERY SET PANTRY DESIGN,210,3018.2999999999997,46,8.4,12.600000000000001,Low Demand
18PC WOODEN CUTLERY SET DISPOSABLE,503,595.15,24,20.12,30.18,Medium Demand
2 DAISIES HAIR COMB,18,53.10000000000001,3,0.72,1.08,Low Demand
2 PICTURE BOOK EGGS EASTER BUNNY,718,732.5,57,28.72,43.08,Medium Demand
2 PICTURE BOOK EGGS EASTER CHICKS,718,732.5,51,28.72,43.08,Medium Demand
2 PICTURE BOOK EGGS EASTER DUCKS,664,665.0,48,26.56,39.839999999999996,Medium Demand
20 DOLLY PEGS RETROSPOT,5593,6822.83,431,223.72,335.58,High Demand
200 BENDY SKULL STRAWS,1240,1390.4,95,49.6,74.4,Medium Demand
200 RED + WHITE BENDY STRAWS,1993,2404.61,296,79.72,119.58,Medium Demand
24 HANGING EASTER EGGS FLORAL TUB,655,2225.85,99,26.2,39.3,Medium Demand
3 BIRDS CANVAS SCREEN,3,3.69,3,0.12,0.18,Low Demand
3 BLACK CATS W HEARTS BLANK CARD,79,15.01,9,3.16,4.74,Low Demand
3 DRAWER ANTIQUE WHITE WOOD CABINET,715,6195.73,186,28.6,42.900000000000006,Medium Demand
3 GARDENIA MORRIS BOXED CANDLES,831,2187.11,110,33.24,49.86,Medium Demand
3 HEARTS HANGING DECORATION RUSTIC,8439,23768.81,646,337.56,506.34000000000003,High Demand
3 HOOK HANGER MAGIC GARDEN,2673,4769.549999999999,140,106.92,160.38,High Demand
3 HOOK PHOTO SHELF ANTIQUE WHITE,3055,21914.02,544,122.2,183.3,High Demand
3 PIECE JIGSAW TOADSTOOLS,16,26.4,2,0.64,0.96,Low Demand
3 PIECE SPACEBOY COOKIE CUTTER SET,2725,5477.740000000001,321,109.0,163.5,High Demand
3 PINK HEN+CHICKS IN BASKET,99,112.35,13,3.96,5.9399999999999995,Low Demand
3 RAFFIA RIBBONS 50'S CHRISTMAS ,1792,1632.4,134,71.68,107.52000000000001,Medium Demand
3 RAFFIA RIBBONS VINTAGE CHRISTMAS,679,608.65,44,27.16,40.74,Medium Demand
3 ROSE MORRIS BOXED CANDLES,1246,2249.98,158,49.84,74.76,Medium Demand
3 STRIPEY MICE FELTCRAFT,7104,12775.0,717,284.16,426.24,High Demand
3 TIER CAKE TIN GREEN AND CREAM,487,6723.01,184,19.48,29.22,Low Demand
3 TIER CAKE TIN RED AND CREAM,855,11631.83,220,34.2,51.300000000000004,Medium Demand
3 TIER SWEETHEART GARDEN SHELF,63,2225.8500000000004,48,2.52,3.7800000000000002,Low Demand
3 TRADITIONAL COOKIE CUTTERS  SET,366,696.6000000000001,10,14.64,21.96,Low Demand
3 TRADITIONAl BISCUIT CUTTERS  SET,1458,3020.42,218,58.32,87.48,Medium Demand
3 WHITE CHOC MORRIS BOXED CANDLES,1117,2271.73,111,44.68,67.02,Medium Demand
3 WICK CHRISTMAS BRIAR CANDLE ,260,975.0,59,10.4,15.600000000000001,Low Demand
36 DOILIES DOLLY GIRL,1944,2703.6,131,77.76,116.64000000000001,Medium Demand
36 DOILIES SPACEBOY DESIGN ,706,994.9,52,28.24,42.36,Medium Demand
36 DOILIES VINTAGE CHRISTMAS,7745,10591.85,299,309.8,464.70000000000005,High Demand
36 FOIL HEART CAKE CASES,2557,4935.96,225,102.28,153.42000000000002,High Demand
36 FOIL STAR CAKE CASES ,1445,2826.1400000000003,156,57.8,86.69999999999999,Medium Demand
36 PENCILS TUBE POSY,172,215.0,39,6.88,10.32,Low Demand
36 PENCILS TUBE RED RETROSPOT,4579,5529.1900000000005,316,183.16,274.74,High Demand
36 PENCILS TUBE RED SPOTTY,3225,3882.29,202,129.0,193.5,High Demand
36 PENCILS TUBE SKULLS,3834,4710.42,396,153.36,230.04000000000002,High Demand
36 PENCILS TUBE WOODLAND,3572,4437.64,357,142.88,214.32,High Demand
3D CHRISTMAS STAMPS STICKERS ,1855,2316.43,169,74.2,111.30000000000001,Medium Demand
3D DOG PICTURE PLAYING CARDS,1270,3631.3,169,50.8,76.19999999999999,Medium Demand
3D HEARTS  HONEYCOMB PAPER GARLAND,856,2463.6000000000004,94,34.24,51.36,Medium Demand
3D SHEET OF CAT STICKERS,1167,991.9499999999999,150,46.68,70.02,Medium Demand
3D SHEET OF DOG STICKERS,1193,1014.8299999999999,151,47.72,71.58,Medium Demand
3D SHEET OF SEA WORLD STICKERS,147,124.94999999999999,29,5.88,8.82,Low Demand
3D STICKERS CHRISTMAS STAMPS,940,1137.0,34,37.6,56.400000000000006,Medium Demand
3D STICKERS TRADITIONAL CHRISTMAS ,980,1187.0,36,39.2,58.800000000000004,Medium Demand
3D STICKERS VINTAGE CHRISTMAS,1060,1268.0,38,42.4,63.599999999999994,Medium Demand
3D TRADITIONAL CHRISTMAS STICKERS,2372,2988.04,217,94.88,142.32,Medium Demand
3D VINTAGE CHRISTMAS STICKERS ,2483,3090.59,205,99.32,148.98,Medium Demand
4 BLUE DINNER CANDLES SILVER FLOCK,218,478.5,44,8.72,13.080000000000002,Low Demand
4 BURGUNDY WINE DINNER CANDLES,543,320.19,31,21.72,32.58,Medium Demand
4 FESTIVE GREEN DINNER CANDLES,51,23.91,2,2.04,3.06,Low Demand
4 GOLD FLOCK CHRISTMAS BALLS,126,198.0,29,5.04,7.5600000000000005,Low Demand
4 IVORY DINNER CANDLES GOLD FLOCK,819,1037.3700000000001,62,32.76,49.14,Medium Demand
4 IVORY DINNER CANDLES SILVER FLOCK,1334,2341.98,226,53.36,80.03999999999999,Medium Demand
4 LAVENDER BOTANICAL DINNER CANDLES,1135,2223.25,134,45.4,68.1,Medium Demand
4 LILY  BOTANICAL DINNER CANDLES,798,2037.5,142,31.92,47.88,Medium Demand
4 PEAR BOTANICAL DINNER CANDLES,1093,2286.25,155,43.72,65.58,Medium Demand
4 PINK DINNER CANDLE SILVER FLOCK,259,390.61,42,10.36,15.54,Low Demand
4 PINK FLOCK CHRISTMAS BALLS,164,245.5,43,6.56,9.84,Low Demand
4 ROSE PINK DINNER CANDLES,540,347.15999999999997,22,21.6,32.400000000000006,Medium Demand
4 SKY BLUE DINNER CANDLES,376,230.96,22,15.04,22.56,Low Demand
4 TRADITIONAL SPINNING TOPS,7696,9935.93,654,307.84,461.76,High Demand
4 VANILLA BOTANICAL CANDLES,1059,1848.75,168,42.36,63.54,Medium Demand
4 WILDFLOWER BOTANICAL CANDLES,599,1532.75,98,23.96,35.94,Medium Demand
5 HOOK BLACKBOARD ORGANISER ,301,2589.5899999999997,102,12.04,18.06,Low Demand
5 HOOK HANGER MAGIC TOADSTOOL,1814,2801.1,96,72.56,108.84,Medium Demand
5 HOOK HANGER RED MAGIC TOADSTOOL,4526,6848.7,181,181.04,271.56,High Demand
5 STRAND GLASS NECKLACE AMBER,15,95.25,9,0.6,0.8999999999999999,Low Demand
5 STRAND GLASS NECKLACE AMETHYST,17,107.94999999999999,12,0.68,1.02,Low Demand
5 STRAND GLASS NECKLACE BLACK,17,107.94999999999999,9,0.68,1.02,Low Demand
5 STRAND GLASS NECKLACE CRYSTAL,101,598.35,26,4.04,6.0600000000000005,Low Demand
50'S CHRISTMAS PAPER GIFT BAG,1327,1068.1399999999999,88,53.08,79.62,Medium Demand
50CM METAL STRING WITH  7 CLIPS,317,244.97,35,12.68,19.02,Low Demand
6 CHOCOLATE LOVE HEART T-LIGHTS,2621,5156.14,282,104.84,157.26,High Demand
6 CROCHET STRAWBERRIES,942,1102.64,69,37.68,56.519999999999996,Medium Demand
6 EGG HOUSE PAINTED WOOD,939,7008.89,297,37.56,56.34,Medium Demand
6 GIFT TAGS 50'S CHRISTMAS ,3346,2753.42,261,133.84,200.76,High Demand
6 GIFT TAGS VINTAGE CHRISTMAS ,3735,3076.29,253,149.4,224.10000000000002,High Demand
6 HOOK JEWEL STAND LILAC DRESS,1,8.49,1,0.04,0.06,Low Demand
6 HOOK JEWELLERY STAND BLACK DRESS,516,1071.6,28,20.64,30.96,Medium Demand
6 RABBIT CHAIN EASTER,53,45.05,7,2.12,3.18,Low Demand
6 RIBBONS ELEGANT CHRISTMAS ,3092,4437.98,256,123.68,185.52,High Demand
6 RIBBONS EMPIRE  ,2123,3068.37,240,84.92,127.38,Medium Demand
6 RIBBONS RUSTIC CHARM,16284,27457.34,1361,651.36,977.04,High Demand
6 RIBBONS SHIMMERING PINKS ,1750,1722.44,152,70.0,105.0,Medium Demand
6 ROCKET BALLOONS ,3782,2485.9,307,151.28,226.92000000000002,High Demand
6 SEGMENT COLOURED SNACK BOWL ,18,143.1,9,0.72,1.08,Low Demand
60 CAKE CASES DOLLY GIRL DESIGN,9934,5092.86,492,397.36,596.04,High Demand
60 CAKE CASES VINTAGE CHRISTMAS,25775,12884.57,801,1031.0,1546.5,High Demand
60 GOLD AND SILVER FAIRY CAKE CASES,4229,2021.6299999999999,161,169.16,253.74,High Demand
60 TEATIME FAIRY CAKE CASES,53495,26121.57,1765,2139.8,3209.7000000000003,High Demand
6PC WOOD PLATE SET DISPOSABLE,405,443.25,16,16.2,24.299999999999997,Low Demand
70'S ALPHABET WALL ART,150,1043.1,15,6.0,9.0,Low Demand
72 CAKE CASES DOLLY GIRL DESIGN,943,471.84999999999997,25,37.72,56.58,Medium Demand
72 CAKE CASES VINTAGE CHRISTMAS,4317,2162.19,99,172.68,259.02,High Demand
72 ROUND PINK DOILIES,115,166.75,15,4.6,6.8999999999999995,Low Demand
72 SWEETHEART FAIRY CAKE CASES,34541,16475.22,1176,1381.64,2072.46,High Demand
75 BLACK FAIRY CAKE CASES,986,479.9,46,39.44,59.16,Medium Demand
75 BLACK PETIT FOUR CASES,535,224.7,77,21.4,32.099999999999994,Medium Demand
75 GREEN FAIRY CAKE CASES,2069,1028.75,121,82.76,124.14000000000001,Medium Demand
75 GREEN PETIT FOUR CASES,1368,574.56,126,54.72,82.08,Medium Demand
A PRETTY THANK YOU CARD,438,179.64000000000001,26,17.52,26.28,Low Demand
A4 WALL TIDY BLUE OFFICE,240,132.24,8,9.6,14.399999999999999,Low Demand
A4 WALL TIDY RED FLOWERS,15,8.67,6,0.6,0.8999999999999999,Low Demand
ABC TREASURE BOOK BOX ,2090,4377.76,186,83.6,125.39999999999999,Medium Demand
ABSTRACT CIRCLE JOURNAL ,906,1841.4,113,36.24,54.36,Medium Demand
ABSTRACT CIRCLES NOTEBOOK,3188,700.1999999999999,53,127.52,191.28,High Demand
ABSTRACT CIRCLES POCKET BOOK,5394,934.5,74,215.76,323.64,High Demand
ABSTRACT CIRCLES SKETCHBOOK ,604,1748.13,144,24.16,36.24,Medium Demand
"ACRYLIC BEAD CHAIN, BLUE",229,87.02,1,9.16,13.74,Low Demand
"ACRYLIC BEAD CHAIN, PINK",114,43.32,1,4.56,6.84,Low Demand
"ACRYLIC BEAD GARLAND,PINK",2,5.9,2,0.08,0.12,Low Demand
ACRYLIC GEOMETRIC LAMP,27,497.65,20,1.08,1.62,Low Demand
"ACRYLIC HANGING JEWEL,BLUE",383,182.95,29,15.32,22.98,Low Demand
"ACRYLIC HANGING JEWEL,PINK",95,66.55,7,3.8,5.699999999999999,Low Demand
"ACRYLIC JEWEL ANGEL,BLUE",137,52.93,2,5.48,8.22,Low Demand
"ACRYLIC JEWEL ANGEL,PINK",292,124.88,7,11.68,17.52,Low Demand
"ACRYLIC JEWEL ICICLE, BLUE",403,168.38,8,16.12,24.18,Low Demand
"ACRYLIC JEWEL ICICLE, PINK",552,209.76,20,22.08,33.12,Medium Demand
"ACRYLIC JEWEL SNOWFLAKE, PINK",168,75.88,7,6.72,10.08,Low Demand
"ACRYLIC JEWEL SNOWFLAKE,BLUE",235,91.47,4,9.4,14.100000000000001,Low Demand
"ACRYLIC JEWEL SNOWFLAKE,PINK",406,202.02,9,16.24,24.36,Low Demand
ADULT APRON APPLE DELIGHT,180,896.88,40,7.2,10.8,Low Demand
ADVENT CALENDAR GINGHAM SACK,1818,10534.58,388,72.72,109.08,Medium Demand
AFGHAN SLIPPER SOCK PAIR,2828,9051.6,72,113.12,169.68,High Demand
AGED GLASS SILVER T-LIGHT HOLDER,17578,10697.300000000001,532,703.12,1054.68,High Demand
AIRLINE BAG VINTAGE JET SET BROWN,489,2251.95,194,19.56,29.339999999999996,Low Demand
AIRLINE BAG VINTAGE JET SET RED,909,4337.09,341,36.36,54.54,Medium Demand
AIRLINE BAG VINTAGE JET SET WHITE,461,2201.19,191,18.44,27.660000000000004,Low Demand
AIRLINE BAG VINTAGE TOKYO 78,1553,7094.23,505,62.12,93.17999999999999,Medium Demand
AIRLINE BAG VINTAGE WORLD CHAMPION ,534,2588.08,228,21.36,32.04,Medium Demand
"AIRLINE LOUNGE,METAL SIGN",911,1880.8100000000002,290,36.44,54.66,Medium Demand
ALARM CLOCK BAKELIKE CHOCOLATE,2330,8607.84,419,93.2,139.8,Medium Demand
ALARM CLOCK BAKELIKE GREEN,6980,25900.21,1041,279.2,418.79999999999995,High Demand
ALARM CLOCK BAKELIKE IVORY,3615,13566.5,616,144.6,216.89999999999998,High Demand
ALARM CLOCK BAKELIKE ORANGE,2887,10637.94,500,115.48,173.22,High Demand
ALARM CLOCK BAKELIKE PINK,5979,21917.48,772,239.16,358.74,High Demand
ALARM CLOCK BAKELIKE RED ,8856,31993.09,1144,354.24,531.36,High Demand
ALPHABET HEARTS STICKER SHEET,837,711.4499999999999,93,33.48,50.22,Medium Demand
ALPHABET STENCIL CRAFT,4580,5204.51,312,183.2,274.79999999999995,High Demand
ALUMINIUM HEART,30,74.7,6,1.2,1.7999999999999998,Low Demand
ALUMINIUM STAMPED HEART,775,1862.5100000000002,124,31.0,46.5,Medium Demand
AMBER BERTIE GLASS BEAD BAG CHARM,2,4.2,2,0.08,0.12,Low Demand
AMBER BERTIE MOBILE PHONE CHARM,17,28.73,2,0.68,1.02,Low Demand
AMBER CHUNKY BEAD BRACELET W STRAP,34,304.3,12,1.36,2.04,Low Demand
AMBER CHUNKY GLASS+BEAD NECKLACE,24,286.79999999999995,15,0.96,1.44,Low Demand
AMBER CRYSTAL DROP EARRINGS,1,2.95,1,0.04,0.06,Low Demand
AMBER DIAMANTE EXPANDABLE RING,36,153.0,9,1.44,2.16,Low Demand
AMBER DROP EARRINGS W LONG BEADS,26,76.70000000000002,6,1.04,1.56,Low Demand
AMBER FINE BEAD NECKLACE W TASSEL,8,47.6,5,0.32,0.48,Low Demand
AMBER GLASS BRACELET HEART CHARMS,9,44.550000000000004,4,0.36,0.54,Low Demand
AMBER GLASS TASSLE BAG CHARM,38,112.10000000000001,12,1.52,2.2800000000000002,Low Demand
AMBER GLASS/SHELL/PEARL NECKLACE,3,26.849999999999998,3,0.12,0.18,Low Demand
AMBER GLASS/SILVER BRACELET,32,279.95,18,1.28,1.92,Low Demand
AMETHYST CHUNKY BEAD BRACELET W STR,51,456.45,26,2.04,3.06,Low Demand
AMETHYST DIAMANTE EXPANDABLE RING,45,191.25,13,1.8,2.7,Low Demand
AMETHYST HOOP EARRING FLORAL LEAF,56,165.20000000000002,15,2.24,3.3600000000000003,Low Demand
ANGEL DECORATION 3 BUTTONS ,7617,3130.02,227,304.68,457.02,High Demand
ANGEL DECORATION PAINTED ZINC ,2189,1307.65,82,87.56,131.34,Medium Demand
ANGEL DECORATION STARS ON DRESS,5586,2325.96,191,223.44,335.15999999999997,High Demand
ANGEL DECORATION WITH LACE PADDED,1748,1485.8,112,69.92,104.88,Medium Demand
ANGEL ON KNEES METAL POLE 100CM H,6,5.1,1,0.24,0.36,Low Demand
ANIMAL STICKERS,3521,738.21,100,140.84,211.26,High Demand
ANIMALS AND NATURE WALL ART,267,923.97,17,10.68,16.02,Low Demand
ANT COPPER LIME BOUDICCA BRACELET,99,490.05,34,3.96,5.9399999999999995,Low Demand
ANT COPPER PINK BOUDICCA BRACELET,74,363.85,24,2.96,4.4399999999999995,Low Demand
ANT COPPER RED BOUDICCA BRACELET,39,193.05,14,1.56,2.34,Low Demand
ANT COPPER TURQ BOUDICCA BRACELET,89,440.55,26,3.56,5.34,Low Demand
ANT SILVER FUSCHIA BOUDICCA RING,42,123.90000000000002,16,1.68,2.52,Low Demand
ANT SILVER LIME GREEN BOUDICCA RING,55,162.25000000000003,19,2.2,3.3000000000000003,Low Demand
ANT SILVER PURPLE BOUDICCA RING,27,79.65,11,1.08,1.62,Low Demand
ANT SILVER TURQUOISE BOUDICCA RING,29,85.55000000000001,10,1.16,1.7399999999999998,Low Demand
ANT WHITE HIGH RISE BIRD BOX,49,304.0,3,1.96,2.94,Low Demand
ANT WHITE IRON BASKET,34,192.3,15,1.36,2.04,Low Demand
ANT WHITE SWEETHEART TABLE W 3 DRAW,3,320.0,3,0.12,0.18,Low Demand
ANT WHITE WIRE HEART SPIRAL,1666,5865.06,269,66.64,99.96000000000001,Medium Demand
ANTIQUE ALL GLASS CANDLESTICK,1488,2180.88,141,59.52,89.28,Medium Demand
ANTIQUE CREAM CUTLERY CUPBOARD,41,522.75,27,1.64,2.46,Low Demand
ANTIQUE CREAM CUTLERY SHELF ,108,918.0,58,4.32,6.48,Low Demand
ANTIQUE EDWARDIAN DRESSER,52,737.4,11,2.08,3.12,Low Demand
ANTIQUE GLASS DRESSING TABLE POT,2279,6544.01,258,91.16,136.74,Medium Demand
ANTIQUE GLASS HEART DECORATION ,2147,4100.25,152,85.88,128.82,Medium Demand
ANTIQUE GLASS PEDESTAL BOWL,1197,4374.6,226,47.88,71.82000000000001,Medium Demand
ANTIQUE GLASS PLACE SETTING,839,994.03,39,33.56,50.34,Medium Demand
ANTIQUE GLASS RIDGED HANGING BALL,787,1477.05,52,31.48,47.22,Medium Demand
ANTIQUE HEART SHELF UNIT,267,3879.15,68,10.68,16.02,Low Demand
ANTIQUE IVORY WIRE BOWL SMALL,97,241.53,19,3.88,5.82,Low Demand
ANTIQUE LILY FAIRY LIGHTS,2669,12085.95,281,106.76,160.14000000000001,High Demand
ANTIQUE MID BLUE FLOWER EARRINGS,7,29.75,4,0.28,0.42000000000000004,Low Demand
ANTIQUE OLIVE GREEN FLOWER EARRINGS,16,68.0,7,0.64,0.96,Low Demand
ANTIQUE OPAL WHITE FLOWER EARRINGS,6,25.5,5,0.24,0.36,Low Demand
ANTIQUE RASPBERRY FLOWER EARRINGS,4,17.0,3,0.16,0.24,Low Demand
ANTIQUE SILVER BAUBLE LAMP  ,374,3489.7000000000003,72,14.96,22.44,Low Demand
ANTIQUE SILVER T-LIGHT GLASS,12973,15206.42,534,518.92,778.3799999999999,High Demand
ANTIQUE SILVER TEA GLASS ENGRAVED,15343,17543.0,559,613.72,920.58,High Demand
ANTIQUE SILVER TEA GLASS ETCHED,19508,22588.36,789,780.32,1170.48,High Demand
ANTIQUE TALL SWIRLGLASS TRINKET POT,1081,4002.13,189,43.24,64.86,Medium Demand
APOTHECARY MEASURING JAR,64,751.4000000000001,21,2.56,3.84,Low Demand
APPLE BATH SPONGE,3203,3935.54,293,128.12,192.18,High Demand
APRON APPLE DELIGHT,495,2345.25,112,19.8,29.700000000000003,Low Demand
APRON MODERN VINTAGE COTTON,603,1523.85,89,24.12,36.18,Medium Demand
AQUA BERTIE GLASS BEAD BAG CHARM,31,50.099999999999994,6,1.24,1.8599999999999999,Low Demand
ARCHED GREY MIRROR,84,540.6,16,3.36,5.04,Low Demand
AREA PATROLLED METAL SIGN,7495,14876.000000000002,696,299.8,449.70000000000005,High Demand
ARMY CAMO BOOKCOVER TAPE,37,15.54,9,1.48,2.2199999999999998,Low Demand
ARMY CAMO WRAPPING TAPE,2246,157.18,12,89.84,134.76,Medium Demand
"ART LIGHTS,FUNK MONKEY",617,1654.5500000000002,76,24.68,37.019999999999996,Medium Demand
ASS COL CIRCLE MOBILE ,759,279.9,15,30.36,45.54,Medium Demand
ASS COL LARGE SAND FROG P'WEIGHT,723,689.67,89,28.92,43.38,Medium Demand
ASS COL LARGE SAND GECKO P'WEIGHT,812,753.78,56,32.48,48.72,Medium Demand
ASS COL SMALL SAND FROG P'WEIGHT,1147,445.74,27,45.88,68.82000000000001,Medium Demand
ASS COL SMALL SAND GECKO P'WEIGHT,1596,638.28,80,63.84,95.76,Medium Demand
ASS COLOUR GLOWING TIARAS,712,554.8,52,28.48,42.72,Medium Demand
ASS DES PHONE SPONGE CRAFT STICKER,1091,531.39,28,43.64,65.46000000000001,Medium Demand
ASS FLORAL PRINT MULTI SCREWDRIVER,2871,1407.94,191,114.84,172.26,High Demand
ASS FLORAL PRINT SCISSORS,6828,1169.4,22,273.12,409.68,High Demand
ASS FLORAL PRINT SPIRIT LEVEL ,150,197.38,48,6.0,9.0,Low Demand
ASS FLORAL PRINT TAPE MEASURE,235,289.19,24,9.4,14.100000000000001,Low Demand
ASS FLORAL PRINT TORCH,2571,736.55,11,102.84,154.26,High Demand
"ASS RETROSPOOF MUGS,SPORTS",143,75.0,6,5.72,8.58,Low Demand
ASS WINDPROOF MARIJUANA LIGHTERS,15,6.3,2,0.6,0.8999999999999999,Low Demand
ASSORTED BOTTLE TOP  MAGNETS ,3228,1223.16,141,129.12,193.68,High Demand
ASSORTED CAKES FRIDGE MAGNETS,2808,1756.0800000000002,149,112.32,168.48,High Demand
ASSORTED CHEESE FRIDGE MAGNETS,774,497.34000000000003,46,30.96,46.44,Medium Demand
ASSORTED CIRCULAR MOBILE,1187,228.39,39,47.48,71.22,Medium Demand
ASSORTED COLOUR BIRD ORNAMENT,79913,127074.17,2652,3196.52,4794.78,High Demand
ASSORTED COLOUR JUMBO PEN,247,103.74,16,9.88,14.82,Low Demand
ASSORTED COLOUR LIZARD SUCTION HOOK,1471,576.0600000000001,72,58.84,88.26,Medium Demand
ASSORTED COLOUR METAL CAT ,245,294.85,38,9.8,14.700000000000001,Low Demand
ASSORTED COLOUR MINI CASES,3060,21830.84,726,122.4,183.60000000000002,High Demand
ASSORTED COLOUR SET 6 TEASPOONS,229,973.25,63,9.16,13.74,Low Demand
ASSORTED COLOUR SILK COIN PURSE,3551,1667.5900000000001,43,142.04,213.06,High Demand
ASSORTED COLOUR SILK COSMETIC PURSE,1395,1537.5,41,55.8,83.69999999999999,Medium Demand
ASSORTED COLOUR SILK GLASSES CASE,1991,1059.54,47,79.64,119.46000000000001,Medium Demand
ASSORTED COLOUR SUCTION CUP HOOK,369,70.11,29,14.76,22.14,Low Demand
ASSORTED COLOUR T-LIGHT HOLDER,7554,4767.94,221,302.16,453.24,High Demand
ASSORTED COLOURED CIRCLE MOBILE ,65,27.3,7,2.6,3.9000000000000004,Low Demand
ASSORTED COLOURS SILK FAN,41078,28829.32,634,1643.12,2464.68,High Demand
ASSORTED CREEPY CRAWLIES,7844,3251.89,225,313.76,470.64,High Demand
ASSORTED DESIGN FLOWER MUGS,8,6.8,3,0.32,0.48,Low Demand
ASSORTED DESIGN GEISHA GIRL MUGS,5,6.25,1,0.2,0.30000000000000004,Low Demand
ASSORTED EASTER DECORATIONS  BELLS,878,988.0600000000001,27,35.12,52.67999999999999,Medium Demand
ASSORTED EASTER GIFT TAGS,1240,1016.56,62,49.6,74.4,Medium Demand
ASSORTED FARMYARD ANIMALS IN BUCKET,3836,1431.44,38,153.44,230.16,High Demand
ASSORTED FLORAL SECATEURS,3143,1297.65,33,125.72,188.57999999999998,High Demand
"ASSORTED FLOWER COLOUR ""LEIS""",24672,11764.32,258,986.88,1480.32,High Demand
ASSORTED FRAGRANCE BATH CONFETTI,56,23.52,6,2.24,3.3600000000000003,Low Demand
ASSORTED ICE CREAM FRIDGE MAGNETS,2817,1755.81,136,112.68,169.02,High Demand
ASSORTED INCENSE PACK,12137,2213.97,66,485.48,728.22,High Demand
ASSORTED LAQUERED INCENSE HOLDERS,6159,1082.0700000000002,35,246.36,369.54,High Demand
ASSORTED MINI MADRAS NOTEBOOK,1718,1425.1,49,68.72,103.08,Medium Demand
ASSORTED MONKEY SUCTION CUP HOOK,1116,432.72,61,44.64,66.96000000000001,Medium Demand
ASSORTED SANSKRIT MINI NOTEBOOK,1274,1537.78,45,50.96,76.44,Medium Demand
ASSORTED SANTA CHRISTMAS DECORATION,48,40.8,5,1.92,2.88,Low Demand
ASSORTED SHAPED STENCIL FOR HENNA,52,2.08,1,2.08,3.12,Low Demand
ASSORTED SHAPES PHOTO CLIP SILVER ,1099,515.63,27,43.96,65.94,Medium Demand
ASSORTED TUTTI FRUTTI  FOB NOTEBOOK,2044,1724.9199999999998,135,81.76,122.64000000000001,Medium Demand
ASSORTED TUTTI FRUTTI BRACELET,2847,863.39,101,113.88,170.82,High Demand
ASSORTED TUTTI FRUTTI HEART BOX,1025,1281.25,116,41.0,61.5,Medium Demand
ASSORTED TUTTI FRUTTI KEYRING,249,211.64999999999998,13,9.96,14.940000000000001,Low Demand
ASSORTED TUTTI FRUTTI KEYRING BALL,1541,741.1299999999999,48,61.64,92.46000000000001,Medium Demand
ASSORTED TUTTI FRUTTI LARGE PURSE,820,1722.0000000000002,109,32.8,49.199999999999996,Medium Demand
ASSORTED TUTTI FRUTTI MIRROR,1323,1630.95,103,52.92,79.38,Medium Demand
ASSORTED TUTTI FRUTTI NOTEBOOK,1003,2106.3,118,40.12,60.17999999999999,Medium Demand
ASSORTED TUTTI FRUTTI PEN,4225,2277.0899999999997,184,169.0,253.5,High Demand
ASSORTED TUTTI FRUTTI PHOTO FRAME,413,1120.75,23,16.52,24.78,Low Demand
ASSORTED TUTTI FRUTTI ROUND BOX,967,1595.55,114,38.68,58.019999999999996,Medium Demand
ASSORTED TUTTI FRUTTI SMALL PURSE,2646,3184.38,120,105.84,158.76,High Demand
ASSORTED WHITE EMBOSSED CHINA MUGS,680,1320.0,39,27.2,40.8,Medium Demand
ASSTD COL BUTTERFLY/CRYSTAL W/CHIME,477,237.69,16,19.08,28.619999999999997,Low Demand
ASSTD DESIGN 3D PAPER STICKERS,1802,926.88,50,72.08,108.12,Medium Demand
ASSTD DESIGN BUBBLE GUM RING,22470,4634.7,385,898.8,1348.1999999999998,High Demand
ASSTD DESIGN POP ART SLIM PEN,684,581.4,12,27.36,41.04,Medium Demand
ASSTD DESIGN RACING CAR PEN,4325,6696.69,178,173.0,259.5,High Demand
ASSTD FRUIT+FLOWERS FRIDGE MAGNETS,2952,928.32,90,118.08,177.12,High Demand
ASSTD HEARTS DESIGN MUGS,318,536.1,6,12.72,19.080000000000002,Low Demand
ASSTD MULTICOLOUR CIRCLES MUG,1542,770.12,52,61.68,92.52,Medium Demand
ASSTD RASTA KEY-CHAINS,36,15.120000000000001,7,1.44,2.16,Low Demand
Adjustment by Peter on Jun 25 2010 ,3,731.0500000000001,3,0.12,0.18,Low Demand
Adjustment by john on 26/01/2010 16,18,2107.41,18,0.72,1.08,Low Demand
Adjustment by john on 26/01/2010 17,14,1431.1100000000001,14,0.56,0.8400000000000001,Low Demand
BABUSHKA LIGHTS STRING OF 10,1668,10486.14,335,66.72,100.08,Medium Demand
BABY BOOM RIBBONS ,2104,2602.64,295,84.16,126.24,Medium Demand
BABY MOUSE RED GINGHAM DRESS,431,1802.25,123,17.24,25.86,Low Demand
BAG 125g SWIRLY MARBLES,14501,5505.13,452,580.04,870.06,High Demand
BAG 250g SWIRLY MARBLES,16938,12838.08,464,677.52,1016.28,High Demand
BAG 500g SWIRLY MARBLES,2420,2914.56,183,96.8,145.2,Medium Demand
BAG FOR CHILDREN VINTAGE BLUE ,96,408.0,1,3.84,5.76,Low Demand
BAG FOR CHILDREN VINTAGE PINK ,96,408.0,1,3.84,5.76,Low Demand
BAG OF SILVER STONES,147,61.739999999999995,19,5.88,8.82,Low Demand
BAKING MOULD CHOCOLATE CUP CAKES,24,61.2,2,0.96,1.44,Low Demand
BAKING MOULD CHOCOLATE CUPCAKES,955,2460.89,133,38.2,57.300000000000004,Medium Demand
BAKING MOULD CUPCAKE CHOCOLATE,12,30.6,1,0.48,0.72,Low Demand
BAKING MOULD EASTER EGG MILK CHOC,888,2307.6000000000004,91,35.52,53.28,Medium Demand
BAKING MOULD EASTER EGG WHITE CHOC,560,1527.2,69,22.4,33.599999999999994,Medium Demand
BAKING MOULD HEART MILK CHOCOLATE,1132,2715.32,145,45.28,67.92,Medium Demand
BAKING MOULD HEART WHITE CHOCOLATE,881,2068.06,110,35.24,52.86,Medium Demand
BAKING MOULD ROSE MILK CHOCOLATE,754,2191.5,52,30.16,45.24,Medium Demand
BAKING MOULD ROSE WHITE CHOCOLATE,267,796.13,33,10.68,16.02,Low Demand
BAKING MOULD TOFFEE CUP  CHOCOLATE,6,15.3,1,0.24,0.36,Low Demand
BAKING MOULD TOFFEE CUP CHOCOLATE,945,2104.65,63,37.8,56.699999999999996,Medium Demand
BAKING SET 9 PIECE RETROSPOT ,9052,43155.06,1742,362.08,543.12,High Demand
BAKING SET SPACEBOY DESIGN,4303,20335.11,883,172.12,258.18,High Demand
BALLERINA HEART DECORATION.,338,468.4,13,13.52,20.28,Low Demand
BALLOON ART MAKE YOUR OWN FLOWERS,1366,1718.94,129,54.64,81.96000000000001,Medium Demand
BALLOON PUMP WITH 10 BALLOONS,2561,4732.13,262,102.44,153.66,High Demand
BALLOON WATER BOMB PACK OF 35,8449,3288.7799999999997,258,337.96,506.93999999999994,High Demand
BALLOONS  WRITING SET ,1686,2780.5,374,67.44,101.16,Medium Demand
BANK ACCOUNT  GREETING  CARD ,1028,421.68,70,41.12,61.67999999999999,Medium Demand
BANQUET BIRTHDAY  CARD  ,3916,1608.0,261,156.64,234.95999999999998,High Demand
BAROQUE BUTTERFLY EARRINGS BLACK,2,7.5,2,0.08,0.12,Low Demand
BAROQUE BUTTERFLY EARRINGS CRYSTAL,2,7.5,2,0.08,0.12,Low Demand
BAROQUE BUTTERFLY EARRINGS GREEN,2,7.5,2,0.08,0.12,Low Demand
BAROQUE BUTTERFLY EARRINGS MONTANA,3,11.25,3,0.12,0.18,Low Demand
BAROQUE BUTTERFLY EARRINGS PINK,2,7.5,2,0.08,0.12,Low Demand
BAROQUE BUTTERFLY EARRINGS RED,1,3.75,1,0.04,0.06,Low Demand
BASKET OF FLOWERS SEWING KIT,1778,1453.1599999999999,112,71.12,106.68,Medium Demand
BASKET OF TOADSTOOLS,2148,2607.48,162,85.92,128.88,Medium Demand
BASKET/8 SCENTED LOVE TOKEN CANDLES,121,453.75,44,4.84,7.26,Low Demand
BATH BUILDING BLOCK WORD,1599,9501.880000000001,519,63.96,95.94,Medium Demand
BATH DUCK WATERING CAN,832,2016.5200000000002,98,33.28,49.92,Medium Demand
BATHROOM HOOK,140,137.76,21,5.6,8.399999999999999,Low Demand
BATHROOM METAL SIGN,12722,6754.26,927,508.88,763.3199999999999,High Demand
BATHROOM METAL SIGN ,1824,2481.6,226,72.96,109.44,Medium Demand
BATHROOM SCALES FOOTPRINTS IN SAND,97,331.75,42,3.88,5.82,Low Demand
BATHROOM SCALES RUBBER DUCKS,85,291.55,39,3.4,5.1,Low Demand
"BATHROOM SCALES, FAG BREAK",2,7.5,2,0.08,0.12,Low Demand
"BATHROOM SCALES, TROPICAL BEACH",35,131.25,23,1.4,2.0999999999999996,Low Demand
BATHROOM SET LOVE HEART DESIGN,584,1410.8,31,23.36,35.04,Medium Demand
BEACH HUT DESIGN BLACKBOARD,388,1025.0,47,15.52,23.28,Low Demand
BEACH HUT KEY CABINET,361,793.75,54,14.44,21.66,Low Demand
BEACH HUT MIRROR,344,654.54,37,13.76,20.64,Low Demand
BEACH HUT PHOTO FRAME,574,583.1,21,22.96,34.44,Medium Demand
BEACH HUT SHELF W 3 DRAWERS,293,967.35,52,11.72,17.580000000000002,Low Demand
BEADED CHANDELIER T-LIGHT HOLDER,599,1313.29,34,23.96,35.94,Medium Demand
BEADED CRYSTAL HEART BLUE  LARGE,675,749.11,61,27.0,40.5,Medium Demand
BEADED CRYSTAL HEART BLUE ON STICK,309,208.59,26,12.36,18.54,Low Demand
BEADED CRYSTAL HEART BLUE SMALL,399,500.1,48,15.96,23.94,Low Demand
BEADED CRYSTAL HEART GREEN LARGE,875,805.0500000000001,59,35.0,52.5,Medium Demand
BEADED CRYSTAL HEART GREEN ON STICK,331,211.42999999999998,24,13.24,19.86,Low Demand
BEADED CRYSTAL HEART GREEN SMALL,230,283.08,36,9.2,13.799999999999999,Low Demand
BEADED CRYSTAL HEART PINK LARGE,741,835.83,80,29.64,44.46,Medium Demand
BEADED CRYSTAL HEART PINK ON STICK,488,270.94,24,19.52,29.28,Low Demand
BEADED CRYSTAL HEART PINK SMALL,659,855.35,85,26.36,39.54,Medium Demand
BEADED CRYSTAL HEART PINK\ON STICK,16,20.0,8,0.64,0.96,Low Demand
BEADED LOVE HEART JEWELLERY SET,2108,1676.36,75,84.32,126.47999999999999,Medium Demand
BEADED PEARL HEART WHITE LARGE,708,1165.8,74,28.32,42.480000000000004,Medium Demand
BEADED PEARL HEART WHITE ON STICK,1424,1121.68,77,56.96,85.44,Medium Demand
BEAUTY SPEED EXPRESSO CUPS,462,306.9,9,18.48,27.72,Low Demand
BEECH WOOD P/FRAME,5,36.25,2,0.2,0.30000000000000004,Low Demand
BEECH WOOD PHOTO FRAME ,271,338.75,6,10.84,16.259999999999998,Low Demand
BEIGE PHOTO ALBUM,94,201.29999999999998,10,3.76,5.64,Low Demand
BELL HEART ANTIQUE GOLD,12,24.96,1,0.48,0.72,Low Demand
BELL HEART DECORATION,252,387.0,9,10.08,15.120000000000001,Low Demand
BELLE JARDINIERE CUSHION COVER,696,2604.48,175,27.84,41.76,Medium Demand
BENDY COLOUR PENCILS,4,1.68,1,0.16,0.24,Low Demand
BERRIES CHUNKY KNITTED THROW ,5,84.75,4,0.2,0.30000000000000004,Low Demand
BEST DAD CANDLE LETTERS,217,154.20999999999998,27,8.68,13.02,Low Demand
BEWARE OF THE CAT DOORMAT,2,13.5,2,0.08,0.12,Low Demand
BEWARE OF THE CAT METAL SIGN ,9154,14195.14,779,366.16,549.24,High Demand
BICYCLE PUNCTURE REPAIR KIT ,1731,3338.8,103,69.24,103.85999999999999,Medium Demand
BICYCLE SAFTEY WALL ART,458,2371.94,39,18.32,27.48,Low Demand
BIG DOUGHNUT FRIDGE MAGNETS,5852,4893.08,325,234.08,351.12,High Demand
BIG PINK POODLE,28,213.7,4,1.12,1.6800000000000002,Low Demand
BIG POLKADOT MUG,78,128.33999999999997,5,3.12,4.68,Low Demand
BILI NUT AND WOOD NECKLACE,48,48.0,5,1.92,2.88,Low Demand
BINGO SET,3269,12064.95,626,130.76,196.14,High Demand
BIRD BOX CHRISTMAS TREE DECORATION,229,194.65,37,9.16,13.74,Low Demand
BIRD DECORATION GREEN  SPOT,586,498.09999999999997,47,23.44,35.160000000000004,Medium Demand
BIRD DECORATION GREEN POLKADOT,486,413.09999999999997,45,19.44,29.160000000000004,Low Demand
BIRD DECORATION RED RETROSPOT,1158,965.5799999999999,73,46.32,69.48,Medium Demand
BIRD DECORATION RED SPOT,1139,966.5899999999999,84,45.56,68.34,Medium Demand
BIRD HOUSE HOT WATER BOTTLE,1936,4412.51,323,77.44,116.16,Medium Demand
BIRD IN TREE MUG ,4643,504.55,8,185.72,278.58,High Demand
BIRD ON BRANCH CANVAS SCREEN,11,21.45,1,0.44,0.66,Low Demand
BIRDCAGE DECORATION MAGIC GARDEN,21,53.55,3,0.84,1.26,Low Demand
BIRDCAGE DECORATION TEALIGHT HOLDER,954,1145.76,109,38.16,57.239999999999995,Medium Demand
BIRDHOUSE DECORATION MAGIC GARDEN,1621,1926.69,184,64.84,97.26,Medium Demand
BIRDHOUSE GARDEN MARKER ,2546,3348.1,216,101.84,152.76,High Demand
BIRDS MOBILE VINTAGE DESIGN,582,3414.26,169,23.28,34.92,Medium Demand
BIRTHDAY BANNER TAPE,48,60.0,3,1.92,2.88,Low Demand
BIRTHDAY BANQUET GIFT WRAP,2840,1176.8,102,113.6,170.39999999999998,High Demand
"BIRTHDAY CARD, RETRO SPOT",2592,1062.72,168,103.68,155.52,High Demand
BIRTHDAY PARTY CORDON BARRIER TAPE,747,910.02,96,29.88,44.82,Medium Demand
BISCUIT TIN 50'S CHRISTMAS,2060,5795.2,271,82.4,123.60000000000001,Medium Demand
BISCUIT TIN VINTAGE CHRISTMAS,1635,4576.05,232,65.4,98.10000000000001,Medium Demand
BISCUIT TIN VINTAGE GREEN,581,3645.73,161,23.24,34.86,Medium Demand
BISCUIT TIN VINTAGE LEAF,24,64.56,3,0.96,1.44,Low Demand
BISCUIT TIN VINTAGE RED,787,5013.05,212,31.48,47.22,Medium Demand
"BISCUIT TIN, MINT,IVORY, VINTAGE",1,6.75,1,0.04,0.06,Low Demand
"BISCUIT TIN, RED,IVORY, VINTAGE",37,230.55,7,1.48,2.2199999999999998,Low Demand
BISCUITS SMALL BOWL LIGHT BLUE,1267,726.36,130,50.68,76.02,Medium Demand
BLACK 3 BEAD DROP EARRINGS,8,23.6,2,0.32,0.48,Low Demand
BLACK 3 TIER GLASS PLATE STAND,10,127.5,6,0.4,0.6000000000000001,Low Demand
BLACK AND WHITE CAT BOWL,1577,3106.2,82,63.08,94.62,Medium Demand
BLACK AND WHITE DOG BOWL,1386,3140.82,92,55.44,83.16,Medium Demand
BLACK AND WHITE PAISLEY FLOWER MUG,25685,3019.57,18,1027.4,1541.1000000000001,High Demand
BLACK ASSORTED DROPLET DECORATION,59,22.419999999999998,2,2.36,3.54,Low Demand
BLACK BAROQUE CARRIAGE CLOCK,38,358.62,23,1.52,2.2800000000000002,Low Demand
BLACK BAROQUE CUCKOO CLOCK,113,1134.75,41,4.52,6.779999999999999,Low Demand
BLACK BAROQUE WALL CLOCK ,68,639.6,37,2.72,4.08,Low Demand
BLACK BIRD GARDEN DESIGN MUG,6149,934.87,30,245.96,368.94,High Demand
BLACK BOX MIRROR LANTERN,55,268.75,10,2.2,3.3000000000000003,Low Demand
BLACK CANDELABRA T-LIGHT HOLDER,1365,1362.8600000000001,52,54.6,81.9,Medium Demand
BLACK CHAMPAGNE GLASS,1823,1121.97,56,72.92,109.38,Medium Demand
BLACK CHERRY LIGHTS,232,1428.2,48,9.28,13.919999999999998,Low Demand
BLACK CHRISTMAS FLOCK DROPLET ,179,144.07,13,7.16,10.74,Low Demand
BLACK CHRISTMAS TREE 120CM,249,828.5699999999999,38,9.96,14.940000000000001,Low Demand
BLACK CHRISTMAS TREE 60CM,948,823.2,48,37.92,56.88,Medium Demand
BLACK CHUNKY BEAD BRACELET W STRAP,50,447.5,26,2.0,3.0,Low Demand
BLACK CRYSTAL DROP EARRINGS,9,26.550000000000004,4,0.36,0.54,Low Demand
BLACK DIAMANTE EXPANDABLE RING,54,229.5,19,2.16,3.24,Low Demand
BLACK DIAMOND CLUSTER EARRINGS,1,2.55,1,0.04,0.06,Low Demand
BLACK DIAMOND CLUSTER NECKLACE,5,44.75,4,0.2,0.30000000000000004,Low Demand
BLACK DINER WALL CLOCK,357,2952.05,142,14.28,21.419999999999998,Low Demand
BLACK DROP CRYSTAL NECKLACE,13,45.35000000000001,3,0.52,0.78,Low Demand
BLACK DROP EARRINGS W LONG BEADS,2,5.9,2,0.08,0.12,Low Demand
BLACK EAR MUFF HEADPHONES,191,940.85,58,7.64,11.459999999999999,Low Demand
BLACK ENAMEL FLOWER RING,107,315.65000000000003,18,4.28,6.42,Low Demand
BLACK ENCHANTED FOREST PLACEMAT,1305,1997.25,83,52.2,78.30000000000001,Medium Demand
BLACK FACE LAMB WITH PANTS,101,376.59,56,4.04,6.0600000000000005,Low Demand
BLACK FEATHER CHRISTMAS DECORATION,310,58.900000000000006,16,12.4,18.6,Low Demand
BLACK FINE BEAD NECKLACE W TASSEL,11,65.45,7,0.44,0.66,Low Demand
BLACK FLOCK GOLD CANDLE,49,20.580000000000002,4,1.96,2.94,Low Demand
BLACK FLOWER CANDLE PLATE,294,219.66,20,11.76,17.64,Low Demand
BLACK GEMSTONE BRACELET,55,486.24999999999994,20,2.2,3.3000000000000003,Low Demand
BLACK GEMSTONE NECKLACE 45CM,16,204.0,10,0.64,0.96,Low Demand
BLACK GLASS BRACELET W HEART CHARMS,6,29.7,2,0.24,0.36,Low Demand
BLACK GLASS TV DOUBLE P/FRAME 15X10,17,72.25,5,0.68,1.02,Low Demand
BLACK GRAND BAROQUE PHOTO FRAME,717,1408.65,52,28.68,43.019999999999996,Medium Demand
BLACK HEART CARD HOLDER,12382,32379.54,487,495.28,742.92,High Demand
BLACK KITCHEN SCALES,831,6865.93,305,33.24,49.86,Medium Demand
BLACK LOVE BIRD CANDLE,333,356.49,45,13.32,19.98,Low Demand
BLACK LOVE BIRD T-LIGHT HOLDER,374,571.61,21,14.96,22.44,Low Demand
BLACK MEDIUM GLASS CAKE STAND,40,117.44,19,1.6,2.4000000000000004,Low Demand
BLACK METAL BAROQUE PHOTO FRAME,501,798.75,31,20.04,30.06,Medium Demand
BLACK MINI TAPE MEASURE ,829,592.25,63,33.16,49.739999999999995,Medium Demand
BLACK NEW BAROQUE FLOCK BOX,7,41.65,4,0.28,0.42000000000000004,Low Demand
BLACK ORANGE SQUEEZER,219,91.98,31,8.76,13.14,Low Demand
BLACK PHOTO ALBUM ,81,150.6,13,3.24,4.86,Low Demand
BLACK PILLAR CANDLE SILVER FLOCK,612,877.8000000000001,18,24.48,36.72,Medium Demand
BLACK PIRATE TREASURE CHEST,908,1279.32,166,36.32,54.480000000000004,Medium Demand
BLACK RECORD COVER FRAME,19629,67209.44,539,785.16,1177.74,High Demand
BLACK RETRO BAR STOOL,22,830.9,9,0.88,1.32,Low Demand
BLACK RETRODISC LAMPSHADE,977,1905.15,13,39.08,58.62,Medium Demand
"BLACK RND BULLET""KEEP CLEAN"" BIN",1,2.55,1,0.04,0.06,Low Demand
BLACK SIL'T SQU CANDLE PLATE ,40,84.0,7,1.6,2.4000000000000004,Low Demand
BLACK SILOUETTE CANDLE PLATE,513,417.33,43,20.52,30.78,Medium Demand
BLACK SILOUETTE CANDLE PLATE ,120,227.4,14,4.8,7.199999999999999,Low Demand
BLACK SILVER FLOWER T-LIGHT HOLDER,11512,1124.68,19,460.48,690.72,High Demand
BLACK SMALL GLASS CAKE STAND,564,956.64,55,22.56,33.839999999999996,Medium Demand
BLACK SQUARE TABLE CLOCK,207,374.29,26,8.28,12.419999999999998,Low Demand
BLACK STITCHED WALL CLOCK,729,806.23,44,29.16,43.74,Medium Demand
BLACK SWEETHEART BRACELET,144,612.0,45,5.76,8.64,Low Demand
BLACK TEA TOWEL CLASSIC DESIGN,1143,1169.77,166,45.72,68.58,Medium Demand
"BLACK TEA,COFFEE,SUGAR JARS",458,823.9,48,18.32,27.48,Low Demand
BLACK VINT ART DEC CRYSTAL BRACELET,10,67.5,6,0.4,0.6000000000000001,Low Demand
BLACK VINT ART DEC CRYSTAL NECKLACE,15,127.5,9,0.6,0.8999999999999999,Low Demand
BLACK VINTAGE  CRYSTAL EARRINGS,17,63.75,9,0.68,1.02,Low Demand
BLACK VINTAGE EARRINGS,20,75.0,5,0.8,1.2000000000000002,Low Demand
BLACK WINE GLASS,3660,2625.6,67,146.4,219.60000000000002,High Demand
BLACK+WHITE NECKLACE W TASSEL,36,316.2,19,1.44,2.16,Low Demand
BLACK/BLUE DOTS RUFFLED UMBRELLA,2947,12107.050000000001,283,117.88,176.82,High Demand
BLACK/BLUE POLKADOT UMBRELLA,1659,9305.640000000001,357,66.36,99.53999999999999,Medium Demand
BLACK/WHITE GLASS/SILVER BRACELET,45,402.75,17,1.8,2.7,Low Demand
BLACKCHRISTMAS TREE 30CM,19,23.75,6,0.76,1.1400000000000001,Low Demand
BLCK NEW BAROQUE CANDLESTICK CANDLE,180,279.0,17,7.2,10.8,Low Demand
BLING KEY RING STAND,19,22.5,11,0.76,1.1400000000000001,Low Demand
BLOKEY SILVER TOOL SET,31,153.45000000000002,11,1.24,1.8599999999999999,Low Demand
BLOND DOLL DOORSTOP,334,509.58000000000004,26,13.36,20.04,Low Demand
BLOSSOM  IMAGES NOTEBOOK SET,704,940.0,36,28.16,42.24,Medium Demand
BLOSSOM IMAGES GIFT WRAP SET,941,853.8,106,37.64,56.46,Medium Demand
BLOSSOM IMAGES SCRAP BOOK SET,409,603.75,26,16.36,24.54,Low Demand
BLUE  DIAMANTE PEN IN GIFT BOX,327,705.45,43,13.08,19.62,Low Demand
BLUE  SPOTTY  COFFEE MUG,227,443.1,25,9.08,13.620000000000001,Low Demand
BLUE  SPOTTY CUP,3128,2546.48,298,125.12,187.68,High Demand
BLUE  SPOTTY EGG CUP ,922,1097.78,63,36.88,55.32000000000001,Medium Demand
BLUE  SPOTTY PLATE ,2274,3612.66,179,90.96,136.44,Medium Demand
BLUE  SPOTTY PUDDING BOWL,2672,694.08,24,106.88,160.32,High Demand
BLUE  TILE HOOK,190,480.9,30,7.6,11.399999999999999,Low Demand
BLUE  VOILE LAMPSHADE,98,269.90000000000003,14,3.92,5.88,Low Demand
BLUE & WHITE BREAKFAST TRAY,101,387.95000000000005,37,4.04,6.0600000000000005,Low Demand
BLUE 3 PIECE MINI DOTS CUTLERY SET,3825,13823.91,445,153.0,229.5,High Demand
BLUE 3 PIECE POLKADOT CUTLERY SET,2249,8118.110000000001,227,89.96,134.94,Medium Demand
BLUE 5 PATCH FLOWER CUSHION COVER,385,755.75,5,15.4,23.1,Low Demand
BLUE BABY BOY'S MEMORY BOX,5,34.75,4,0.2,0.30000000000000004,Low Demand
BLUE BAROQUE FLOCK CANDLE HOLDER,3,17.85,1,0.12,0.18,Low Demand
BLUE BEADS+HAND PHONE CHARM,2,2.5,2,0.08,0.12,Low Demand
BLUE BIRDHOUSE DECORATION,867,550.41,83,34.68,52.019999999999996,Medium Demand
BLUE BLOSSOM HAIR CLIP,101,106.05,13,4.04,6.0600000000000005,Low Demand
BLUE BREAKFAST CUP AND SAUCER ,1998,344.34000000000003,17,79.92,119.88,Medium Demand
BLUE BUNNY EASTER EGG BASKET,157,230.25,3,6.28,9.42,Low Demand
BLUE BUTTERFLY ON SPRING,68,57.8,7,2.72,4.08,Low Demand
BLUE CALCULATOR RULER,1014,1198.76,130,40.56,60.84,Medium Demand
BLUE CAT BISCUIT BARREL PINK HEART,84,264.0,21,3.36,5.04,Low Demand
BLUE CHALET BIRDFEEDER,273,763.75,20,10.92,16.38,Low Demand
BLUE CHARLIE+LOLA PERSONAL DOORSIGN,1846,1357.06,124,73.84,110.76,Medium Demand
BLUE CHECK BAG W HANDLE 34X20CM,54,75.16000000000001,10,2.16,3.24,Low Demand
BLUE CHENILLE SHAGGY CUSHION COVER ,59,74.35,19,2.36,3.54,Low Demand
BLUE CHERRY BLOSSOM CUP & SAUCER,1122,181.5,3,44.88,67.32000000000001,Medium Demand
BLUE CIRCLES DESIGN MONKEY DOLL,427,599.25,62,17.08,25.619999999999997,Low Demand
BLUE CIRCLES DESIGN TEDDY,101,257.55,36,4.04,6.0600000000000005,Low Demand
BLUE CLIMBING HYDRANGA ART FLOWER,339,547.6500000000001,8,13.56,20.34,Low Demand
BLUE COAT RACK PARIS FASHION,557,2567.79,149,22.28,33.42,Medium Demand
BLUE COL METAL FOLDING CHAIR,7,43.85,4,0.28,0.42000000000000004,Low Demand
BLUE CRUSOE CHECK LAMPSHADE,20,8.4,6,0.8,1.2000000000000002,Low Demand
BLUE CRYSTAL BOOT PHONE CHARM,91,77.35,7,3.64,5.46,Low Demand
BLUE CUSHION COVER WITH FLOWER,254,1365.3,19,10.16,15.24,Low Demand
BLUE DAISY MOBILE,181,172.51,15,7.24,10.86,Low Demand
BLUE DELPHINIUM ARTIFICIAL FLOWER,367,537.3700000000001,19,14.68,22.02,Low Demand
BLUE DINER WALL CLOCK,1391,11511.78,511,55.64,83.46000000000001,Medium Demand
BLUE DISCO HANDBAG,280,419.38,15,11.2,16.799999999999997,Low Demand
BLUE DRAGONFLY HELICOPTER,114,906.3000000000001,76,4.56,6.84,Low Demand
BLUE DRAWER KNOB ACRYLIC EDWARDIAN,1955,2400.43,148,78.2,117.30000000000001,Medium Demand
BLUE DROP EARRINGS W BEAD CLUSTER,2,6.7,1,0.08,0.12,Low Demand
BLUE EASTER EGG HUNT START POST,78,152.1,19,3.12,4.68,Low Demand
BLUE EGG  SPOON,2151,440.58,108,86.04,129.06,Medium Demand
BLUE FAIRY CAKE CHILD'S APRON,991,1792.6499999999999,142,39.64,59.46,Medium Demand
BLUE FAIRY CAKE CHILDRENS APRON,4,7.8,4,0.16,0.24,Low Demand
BLUE FELT EASTER EGG BASKET,1331,2149.35,208,53.24,79.86,Medium Demand
BLUE FELT HANGING HEART W FLOWER,31,26.349999999999998,4,1.24,1.8599999999999999,Low Demand
BLUE FELT HANGING HEART WITH FLOWER,6,5.1,1,0.24,0.36,Low Demand
BLUE FLOCK CUSHION COVER ,10,27.5,3,0.4,0.6000000000000001,Low Demand
BLUE FLOCK GLASS CANDLEHOLDER,1783,737.23,28,71.32,106.97999999999999,Medium Demand
BLUE FLORIBUNDA EGG WARMER,10,12.5,5,0.4,0.6000000000000001,Low Demand
BLUE FLOWER DES PURSE,54,56.16,10,2.16,3.24,Low Demand
BLUE FLOWER T-LIGHT HOLDER,236,169.72,7,9.44,14.16,Low Demand
BLUE FLY SWAT,423,301.41,79,16.92,25.380000000000003,Low Demand
BLUE FLYING SINGING CANARY,328,1172.4,84,13.12,19.68,Low Demand
BLUE GEISHA GIRL ,59,221.25,23,2.36,3.54,Low Demand
BLUE GIANT GARDEN THERMOMETER,481,2838.9700000000003,171,19.24,28.86,Low Demand
BLUE GINGHAM ROSE CUSHION COVER,113,672.35,46,4.52,6.779999999999999,Low Demand
BLUE GINGHAM ROSE FLOOR CUSHION ,27,214.65,13,1.08,1.62,Low Demand
BLUE GINGHAM ROSE QUILT ,69,1444.15,26,2.76,4.14,Low Demand
BLUE GLASS CHUNKY CHARM BRACELET,36,322.2,17,1.44,2.16,Low Demand
BLUE GLASS GEMS IN BAG,624,418.38,25,24.96,37.44,Medium Demand
BLUE GREEN EMBROIDERY COSMETIC BAG,26,79.54,10,1.04,1.56,Low Demand
BLUE HANGING GINGHAM EASTER HEN,85,35.7,17,3.4,5.1,Low Demand
BLUE HAPPY BIRTHDAY BUNTING,4757,23905.670000000002,633,190.28,285.42,High Demand
BLUE HARMONICA IN BOX ,12159,15078.72,815,486.36,729.54,High Demand
BLUE HEART COMPACT MIRROR,329,566.25,28,13.16,19.740000000000002,Low Demand
BLUE HIBISCUS  HAIR CLIP,8,8.4,6,0.32,0.48,Low Demand
BLUE HOLE PUNCH,82,102.5,12,3.28,4.92,Low Demand
BLUE JUICY FRUIT PHOTO FRAME,344,861.0,84,13.76,20.64,Low Demand
BLUE KASHMIRI BOXED MIRROR,33,428.0,4,1.32,1.98,Low Demand
BLUE KASHMIRI COFFEE TABLE ,27,1359.95,4,1.08,1.62,Low Demand
BLUE KASHMIRI OCCASIONAL TABLE,23,1169.5,10,0.92,1.3800000000000001,Low Demand
BLUE KNITTED EGG COSY,194,169.26,38,7.76,11.64,Low Demand
BLUE KNITTED HEN ,436,609.96,31,17.44,26.160000000000004,Low Demand
BLUE KNITTED KID'S RUCKSACK,3,20.25,2,0.12,0.18,Low Demand
BLUE LEAVES AND BEADS PHONE CHARM,18,22.5,5,0.72,1.08,Low Demand
BLUE METAL WALL SHELF,11,109.44999999999999,8,0.44,0.66,Low Demand
BLUE MONTE CARLO HANDBAG,24,46.8,1,0.96,1.44,Low Demand
BLUE MURANO TWIST BRACELET,77,325.5,21,3.08,4.62,Low Demand
BLUE MURANO TWIST NECKLACE,20,199.0,11,0.8,1.2000000000000002,Low Demand
BLUE NETTING STORAGE HANGER,16,31.2,9,0.64,0.96,Low Demand
BLUE NEW BAROQUE CANDLESTICK CANDLE,775,965.35,57,31.0,46.5,Medium Demand
BLUE NEW BAROQUE FLOCK CANDLESTICK,63,262.71,12,2.52,3.7800000000000002,Low Demand
BLUE ORGANDY ROUND LAMPSHADE W BEA,35,29.75,13,1.4,2.0999999999999996,Low Demand
BLUE OWL DECORATION,96,244.8,1,3.84,5.76,Low Demand
BLUE OWL SOFT TOY,1042,3012.3,216,41.68,62.519999999999996,Medium Demand
BLUE PADDED SOFT MOBILE,463,1955.25,165,18.52,27.78,Low Demand
BLUE PAINTED KASHMIRI CHAIR,18,591.5,6,0.72,1.08,Low Demand
BLUE PAINTED KASHMIRI TABLE ,17,990.0,2,0.68,1.02,Low Demand
BLUE PAISLEY JOURNAL ,757,1564.3700000000001,148,30.28,45.42,Medium Demand
BLUE PAISLEY NOTEBOOK,3321,919.65,95,132.84,199.26,High Demand
BLUE PAISLEY POCKET BOOK,5099,1043.75,86,203.96,305.94,High Demand
BLUE PAISLEY SKETCHBOOK,423,1244.87,116,16.92,25.380000000000003,Low Demand
BLUE PAISLEY TISSUE BOX,934,585.08,133,37.36,56.04,Medium Demand
BLUE PAPER PARASOL ,1626,4382.3,148,65.04,97.56,Medium Demand
BLUE PARTY BAGS ,3517,6636.14,262,140.68,211.02,High Demand
BLUE PATCH PENCIL CASE PINK HEART,286,567.39,42,11.44,17.16,Low Demand
BLUE PATCH PURSE PINK HEART,377,604.25,83,15.08,22.62,Low Demand
BLUE PILLAR CANDLE SILVER FLOCK,65,182.15,13,2.6,3.9000000000000004,Low Demand
BLUE POLKADOT BEAKER ,2836,1143.48,80,113.44,170.16,High Demand
BLUE POLKADOT BOWL,3223,3770.04,275,128.92,193.38,High Demand
BLUE POLKADOT COFFEE MUG,2127,998.8199999999999,70,85.08,127.62,Medium Demand
BLUE POLKADOT CUP,3704,2940.4,270,148.16,222.24,High Demand
BLUE POLKADOT EGG CUP ,1102,552.76,53,44.08,66.12,Medium Demand
BLUE POLKADOT GARDEN PARASOL,148,1104.6,51,5.92,8.879999999999999,Low Demand
BLUE POLKADOT KIDS BAG,459,930.2099999999999,66,18.36,27.54,Low Demand
BLUE POLKADOT LUGGAGE TAG ,164,212.26,45,6.56,9.84,Low Demand
BLUE POLKADOT PASSPORT COVER,240,252.24,40,9.6,14.399999999999999,Low Demand
BLUE POLKADOT PLATE ,2509,3975.25,184,100.36,150.54,High Demand
BLUE POLKADOT PUDDING BOWL,2573,463.95000000000005,14,102.92,154.38,High Demand
BLUE POLKADOT PURSE ,355,221.77,12,14.2,21.299999999999997,Low Demand
BLUE POLKADOT WASHING UP GLOVES,499,1047.9,156,19.96,29.94,Low Demand
BLUE POLKADOT WRAP,9075,3641.5,262,363.0,544.5,High Demand
BLUE PORCELAIN B'FLY OIL BURNER,3,8.850000000000001,3,0.12,0.18,Low Demand
BLUE POT PLANT CANDLE ,611,1776.2500000000002,102,24.44,36.660000000000004,Medium Demand
BLUE PUDDING SPOON,1394,293.58,91,55.76,83.64,Medium Demand
BLUE PULL BACK RACING CAR,954,462.3,66,38.16,57.239999999999995,Medium Demand
BLUE REFECTORY CLOCK ,162,1557.8999999999999,70,6.48,9.72,Low Demand
BLUE RETRO BAR STOOL,11,435.45000000000005,8,0.44,0.66,Low Demand
BLUE RETRO KITCHEN WALL CLOCK,35,285.25,17,1.4,2.0999999999999996,Low Demand
BLUE RIVIERA HANDBAG,326,431.0,9,13.04,19.56,Low Demand
BLUE ROCKING SINGING CANARY,102,382.5,36,4.08,6.12,Low Demand
BLUE ROSE FABRIC MIRROR,967,977.29,87,38.68,58.019999999999996,Medium Demand
BLUE ROSE PATCH PURSE PINK BUTTERFL,257,424.05,72,10.28,15.419999999999998,Low Demand
BLUE ROUND COMPACT MIRROR,107,193.75,15,4.28,6.42,Low Demand
BLUE SAVANNAH PICNIC HAMPER FOR 2,230,1645.3,32,9.2,13.799999999999999,Low Demand
BLUE SAVANNAH PICNIC HAMPER FOR 4,310,1654.5,24,12.4,18.6,Low Demand
BLUE SCANDINAVIAN PAISLEY WRAP,3225,1338.5,116,129.0,193.5,High Demand
BLUE SCOTTIE DOG W FLOWER PATTERN,224,565.8,52,8.96,13.440000000000001,Low Demand
BLUE SHARK HELICOPTER,49,389.55,39,1.96,2.94,Low Demand
BLUE SHELL+SILVER NECKLACE,12,90.0,7,0.48,0.72,Low Demand
BLUE SPOT CERAMIC DRAWER KNOB,8204,10078.48,580,328.16,492.24,High Demand
BLUE SPOTS  WRAP,6350,2555.0,196,254.0,381.0,High Demand
BLUE SPOTTY BEAKER ,108,210.6,20,4.32,6.48,Low Demand
BLUE SPOTTY BOWL,2700,3197.16,258,108.0,162.0,High Demand
BLUE SPOTTY LUGGAGE TAG ,1058,488.5,44,42.32,63.480000000000004,Medium Demand
BLUE SPOTTY PASSPORT COVER,222,341.2,38,8.88,13.32,Low Demand
BLUE SPOTTY PURSE ,434,446.30000000000007,30,17.36,26.04,Low Demand
BLUE SQUARE COMPACT MIRROR,371,483.75,37,14.84,22.259999999999998,Low Demand
BLUE STAR BLOCK TABLE LAMP,103,303.85,4,4.12,6.18,Low Demand
BLUE STONES ON WIRE FOR CANDLE,795,65.94,34,31.8,47.7,Medium Demand
BLUE STRIPE CERAMIC DRAWER KNOB,10073,12338.81,639,402.92,604.38,High Demand
BLUE STRIPES SHOULDER BAG,11,13.370000000000001,4,0.44,0.66,Low Demand
BLUE SWEETHEART BRACELET,134,569.5,40,5.36,8.040000000000001,Low Demand
BLUE TABLE RUN FLOWER,48,67.5,14,1.92,2.88,Low Demand
BLUE TALL PORCELAIN T-LIGHT HOLDER,7,17.849999999999998,3,0.28,0.42000000000000004,Low Demand
BLUE TEA TOWEL CLASSIC DESIGN,2286,2693.34,201,91.44,137.16,Medium Demand
BLUE TEATIME PRINT BOWL ,742,913.82,106,29.68,44.519999999999996,Medium Demand
BLUE TILED SET OF 3 DRAWERS,5,63.75,1,0.2,0.30000000000000004,Low Demand
BLUE TILED TRAY,273,402.75,15,10.92,16.38,Low Demand
BLUE TINSEL GARLAND ,130,24.7,12,5.2,7.800000000000001,Low Demand
BLUE TRAVEL FIRST AID KIT,79,130.35,28,3.16,4.74,Low Demand
BLUE TV TRAY TABLE ,158,513.74,45,6.32,9.48,Low Demand
BLUE VICTORIAN FABRIC HEART BOX,722,233.43,19,28.88,43.32,Medium Demand
BLUE VICTORIAN FABRIC OVAL BOX,1665,605.57,78,66.6,99.89999999999999,Medium Demand
BLUE VINTAGE SPOT BEAKER,4901,4528.29,164,196.04,294.06,High Demand
BLUE WHITE PLASTIC RINGS LAMPSHADE,15,12.75,6,0.6,0.8999999999999999,Low Demand
BLUE WHITE SCARF HOT WATER BOTTLE,16,63.2,6,0.64,0.96,Low Demand
BLUE WHITE SPOTS GARDEN PARASOL,271,1394.45,55,10.84,16.259999999999998,Low Demand
BLUE WIRE SPIRAL CANDLE HOLDER,52,330.2,22,2.08,3.12,Low Demand
BLUE YELLOW FLOWER PIGGY BANK,488,937.1999999999999,43,19.52,29.28,Low Demand
BLUE/BROWN DOTS RUFFLED UMBRELLA,539,2167.85,65,21.56,32.339999999999996,Medium Demand
BLUE/CREAM STRIPE CUSHION COVER ,1219,1508.55,171,48.76,73.14,Medium Demand
BLUE/CREAM STRIPE FRINGE HAMMOCK,304,2307.8,112,12.16,18.240000000000002,Low Demand
BLUE/GREEN SHELL NECKLACE W PENDANT,6,35.7,4,0.24,0.36,Low Demand
BLUE/NAT SHELL NECKLACE W PENDANT,7,41.650000000000006,4,0.28,0.42000000000000004,Low Demand
BLUE/PINK NEST STRIPE BOX,1142,111.12,5,45.68,68.52,Medium Demand
BLUE/WHITE RIBBED MELAMINE JUG,7,55.650000000000006,5,0.28,0.42000000000000004,Low Demand
BLUE/YELLOW CERAMIC CANDLE HOLDER,10,16.5,5,0.4,0.6000000000000001,Low Demand
BLUE/YELLOW FLOWER DESIGN BIG MUG,39,32.37,17,1.56,2.34,Low Demand
BOHEMIAN COLLAGE STATIONERY SET,876,1339.88,137,35.04,52.56,Medium Demand
BOMBS AWAY METAL SIGN,1179,2387.34,163,47.16,70.74,Medium Demand
BOOM BOX SPEAKER BOYS,745,3754.05,103,29.8,44.7,Medium Demand
BOOM BOX SPEAKER GIRLS,520,1035.4,57,20.8,31.200000000000003,Medium Demand
BOOZE & WOMEN GREETING CARD ,926,383.16,68,37.04,55.56,Medium Demand
BOTANICAL GARDENS WALL CLOCK ,259,5719.0,80,10.36,15.54,Low Demand
BOTANICAL LAVENDER BIRTHDAY CARD,975,414.21,80,39.0,58.5,Medium Demand
BOTANICAL LAVENDER GIFT WRAP ,1150,481.0,45,46.0,69.0,Medium Demand
BOTANICAL LILY GIFT WRAP,850,353.0,30,34.0,51.0,Medium Demand
BOTANICAL LILY GREETING CARD,903,378.42,74,36.12,54.17999999999999,Medium Demand
BOTANICAL ROSE GIFT WRAP,2815,1144.3,94,112.6,168.89999999999998,High Demand
BOTANICAL ROSE GREETING CARD,1564,649.6800000000001,107,62.56,93.84,Medium Demand
BOTTLE BAG RETROSPOT ,3214,5745.49,288,128.56,192.84,High Demand
BOUDOIR SQUARE TISSUE BOX,2789,1735.72,231,111.56,167.34,High Demand
BOX OF 24 COCKTAIL PARASOLS,17637,7101.35,721,705.48,1058.22,High Demand
BOX OF 3 PEBBLE CANDLES,1,2.95,1,0.04,0.06,Low Demand
BOX OF 6 ASSORTED COLOUR TEASPOONS,437,1871.49,105,17.48,26.22,Low Demand
BOX OF 6 CHRISTMAS CAKE DECORATIONS,1712,6155.04,163,68.48,102.72,Medium Demand
BOX OF 6 MINI 50'S CRACKERS,3539,8216.79,365,141.56,212.34,High Demand
BOX OF 6 MINI VINTAGE CRACKERS,3647,8350.41,329,145.88,218.82,High Demand
BOX OF 6 PEBBLE CANDLES,5,17.25,4,0.2,0.30000000000000004,Low Demand
BOX OF 9 PEBBLE CANDLES,1694,3177.0,244,67.76,101.64000000000001,Medium Demand
BOX OF VINTAGE ALPHABET BLOCKS,3119,29731.56,511,124.76,187.14000000000001,High Demand
BOX OF VINTAGE JIGSAW BLOCKS ,2235,11329.42,500,89.4,134.10000000000002,Medium Demand
BOX/12 CHICK & EGG IN BASKET,256,483.59999999999997,89,10.24,15.36,Low Demand
BOX/12 MOTHER & CHICK IN BASKET/BOW,99,228.45,26,3.96,5.9399999999999995,Low Demand
BOYS ALPHABET IRON ON PATCHES,18241,3542.61,41,729.64,1094.46,High Demand
BOYS VINTAGE TIN SEASIDE BUCKET,3365,7818.53,306,134.6,201.89999999999998,High Demand
BREAD BIN DINER STYLE BLACK,8,123.6,1,0.32,0.48,Low Demand
BREAD BIN DINER STYLE IVORY,1078,16779.34,435,43.12,64.67999999999999,Medium Demand
BREAD BIN DINER STYLE MINT,379,5837.8099999999995,147,15.16,22.740000000000002,Low Demand
BREAD BIN DINER STYLE PINK,368,5621.05,130,14.72,22.080000000000002,Low Demand
BREAD BIN DINER STYLE RED ,801,12347.56,309,32.04,48.06,Medium Demand
"BREAD BIN, DINER STYLE, IVORY",49,742.55,10,1.96,2.94,Low Demand
"BREAD BIN, DINER STYLE, MINT",17,256.15,4,0.68,1.02,Low Demand
"BREAD BIN, DINER STYLE, PINK",8,127.6,3,0.32,0.48,Low Demand
"BREAD BIN, DINER STYLE, RED ",3,50.849999999999994,2,0.12,0.18,Low Demand
BRIGHT BLUES RIBBONS ,2331,2886.39,372,93.24,139.85999999999999,Medium Demand
"BROCADE PURSE,SMALL ARCH BUTTON",3279,867.55,68,131.16,196.74,High Demand
BROCADE RING PURSE ,71129,14827.71,387,2845.16,4267.74,High Demand
BROCANTE COAT RACK,466,3679.6,68,18.64,27.96,Low Demand
BROCANTE SHELF WITH HOOKS,172,1827.4,75,6.88,10.32,Low Demand
BROWN  PIRATE TREASURE CHEST ,606,863.28,82,24.24,36.36,Medium Demand
BROWN ANTIQUE CUBE CANDLE,226,94.92,18,9.04,13.559999999999999,Low Demand
BROWN CHECK CAT DOORSTOP ,1143,4670.0,329,45.72,68.58,Medium Demand
BROWN COZY SQUARE PHOTO ALBUM,205,399.75,1,8.2,12.299999999999999,Low Demand
BROWN DOG CANNISTER W BONE,4,23.8,3,0.16,0.24,Low Demand
BROWN FLOWER LIGHTS,109,688.95,24,4.36,6.540000000000001,Low Demand
BROWN FURRY HOT WATER BOTTLE,191,665.05,38,7.64,11.459999999999999,Low Demand
BROWN KUKUI COCONUT SEED NECKLACE,81,115.65,10,3.24,4.86,Low Demand
BROWN VINTAGE VICTORIAN EARRINGS,12,35.400000000000006,2,0.48,0.72,Low Demand
BUBBLE GUM CHUNKY KNITTED THROW ,5,84.75,4,0.2,0.30000000000000004,Low Demand
BUBBLE GUM SCARF KNITTING KIT,306,576.3000000000001,46,12.24,18.36,Low Demand
BUBBLEGUM RING ASSORTED,11891,4894.83,213,475.64,713.46,High Demand
BUDDHA INCENSE HOLDER ASSORTED,2176,1587.24,53,87.04,130.56,Medium Demand
BUFFALO BILL TREASURE BOOK BOX,1855,3768.57,137,74.2,111.30000000000001,Medium Demand
BUFFALO BILL WALL ART ,246,845.22,15,9.84,14.76,Low Demand
BULL DOG BOTTLE OPENER,778,3749.5,197,31.12,46.68,Medium Demand
BULL DOG BOTTLE TOP WALL CLOCK,185,1484.25,69,7.4,11.100000000000001,Low Demand
BUNDLE OF 3 ALPHABET EXERCISE BOOKS,3286,5225.22,312,131.44,197.16,High Demand
BUNDLE OF 3 RETRO EXERCISE BOOKS,60,99.0,5,2.4,3.5999999999999996,Low Demand
BUNDLE OF 3 RETRO NOTE BOOKS,2116,3421.4,240,84.64,126.96000000000001,Medium Demand
BUNDLE OF 3 SCHOOL EXERCISE BOOKS  ,1678,2691.14,179,67.12,100.68,Medium Demand
BUNNY BUNCH OF FLOWERS,14,5.88,2,0.56,0.8400000000000001,Low Demand
BUNNY DECORATION MAGIC GARDEN,977,797.17,102,39.08,58.62,Medium Demand
BUNNY EGG BOX,1009,1256.45,94,40.36,60.54,Medium Demand
BUNNY EGG GARLAND,1179,495.18,79,47.16,70.74,Medium Demand
BUNNY WOODEN PAINTED WITH BIRD ,1479,1131.11,175,59.16,88.74,Medium Demand
BUNNY WOODEN PAINTED WITH FLOWER ,860,644.52,114,34.4,51.599999999999994,Medium Demand
"BUNTING , SPOTTY ",146,634.7,7,5.84,8.76,Low Demand
BURG FLOCK GOLD CUP/CANDLE ,127,53.34,6,5.08,7.62,Low Demand
BUTTERFLIES  HONEYCOMB GARLAND,1447,2243.55,106,57.88,86.82000000000001,Medium Demand
BUTTERFLIES STICKERS,1613,1372.61,160,64.52,96.78,Medium Demand
BUTTERFLY CROCHET FOOD COVER,622,2147.92,118,24.88,37.32,Medium Demand
BUTTERFLY CUSHION COVER,8,30.0,2,0.32,0.48,Low Demand
BUTTERFLY HAIR BAND,16,40.8,4,0.64,0.96,Low Demand
BUTTERFLY WATER TRANSFER TATTOOS ,267,186.95,13,10.68,16.02,Low Demand
BUTTON BOX ,2242,4244.16,231,89.68,134.52,Medium Demand
BUTTONS AND STRIPES NOTEBOOK ,93,348.75,32,3.72,5.58,Low Demand
BUTTONS DESIGN JEWELLERY BOX,72,270.0,28,2.88,4.32,Low Demand
Bank Charges,30,435.001,28,1.2,1.7999999999999998,Low Demand
CABIN BAG VINTAGE PAISLEY,112,2626.7999999999997,35,4.48,6.720000000000001,Low Demand
CABIN BAG VINTAGE RETROSPOT,277,6216.55,76,11.08,16.62,Low Demand
CACTI T-LIGHT CANDLES,15654,6275.96,409,626.16,939.24,High Demand
CAKE PLATE LOVEBIRD PINK,560,2065.2,125,22.4,33.599999999999994,Medium Demand
CAKE PLATE LOVEBIRD WHITE,1229,4561.95,297,49.16,73.74,Medium Demand
CAKE SHOP  STICKER SHEET,1037,866.89,87,41.48,62.22,Medium Demand
CAKE STAND 3 TIER MAGIC GARDEN,1088,13108.8,391,43.52,65.28,Medium Demand
CAKE STAND LACE WHITE,1116,4419.5,183,44.64,66.96000000000001,Medium Demand
CAKE STAND LOVEBIRD 2 TIER PINK,885,6348.95,138,35.4,53.099999999999994,Medium Demand
CAKE STAND LOVEBIRD 2 TIER WHITE,713,6249.95,244,28.52,42.78,Medium Demand
CAKE STAND VICTORIAN FILIGREE LARGE,269,1617.7,71,10.76,16.14,Low Demand
CAKE STAND VICTORIAN FILIGREE MED,292,1505.55,63,11.68,17.52,Low Demand
CAKE STAND VICTORIAN FILIGREE SMALL,361,1238.95,65,14.44,21.66,Low Demand
CAKE STAND WHITE TWO TIER LACE,1042,8117.8,319,41.68,62.519999999999996,Medium Demand
"CAKE TIN, 3 TIER MINT/IVORY",13,176.75,4,0.52,0.78,Low Demand
"CAKE TIN, 3 TIER RED/IVORY",28,383.4,8,1.12,1.6800000000000002,Low Demand
"CAKE TIN, ROUND, VINTAGE MINT,IVORY",27,190.65,4,1.08,1.62,Low Demand
"CAKE TIN, ROUND, VINTAGE RED,CREAM",59,421.05,10,2.36,3.54,Low Demand
CAKES AND BOWS GIFT  TAPE,1234,458.66,68,49.36,74.03999999999999,Medium Demand
CAKES AND RABBITS DESIGN FLANNEL ,387,304.83,41,15.48,23.22,Low Demand
"CAKESTAND, 3 TIER, LOVEHEART",48,425.4,7,1.92,2.88,Low Demand
CALENDAR FAMILY FAVORITES,20,59.0,4,0.8,1.2000000000000002,Low Demand
CALENDAR FAMILY FAVOURITES,685,1868.8300000000002,50,27.4,41.099999999999994,Medium Demand
CALENDAR IN SEASON DESIGN,947,2577.0400000000004,143,37.88,56.82000000000001,Medium Demand
CALENDAR PAPER CUT DESIGN,3241,9245.990000000002,398,129.64,194.45999999999998,High Demand
CAMOFLAGE CUSHION COVER,11,18.15,1,0.44,0.66,Low Demand
CAMOFLAGE DESIGN TEDDY,1584,3358.8,42,63.36,95.03999999999999,Medium Demand
CAMOUFLAGE BACKPACK ON WHEELS,2,19.9,1,0.08,0.12,Low Demand
CAMOUFLAGE DESIGN TEDDY,2223,4720.05,62,88.92,133.38,Medium Demand
CAMOUFLAGE EAR MUFF HEADPHONES,113,622.13,51,4.52,6.779999999999999,Low Demand
CAMOUFLAGE LED TORCH,6237,10273.65,337,249.48,374.21999999999997,High Demand
CAMPHOR WOOD PORTOBELLO MUSHROOM,511,417.77,45,20.44,30.660000000000004,Medium Demand
CANDLE HOLDER SILVER MADELINE,193,315.29,18,7.72,11.58,Low Demand
"CANDLE IN JAR COLLAGE , VANILLA",65,165.75,12,2.6,3.9000000000000004,Low Demand
CANDLE PLATE LACE WHITE,462,1069.3,52,18.48,27.72,Low Demand
CANDLE RING W/CLEAR BEADS,13,5.46,3,0.52,0.78,Low Demand
CANDLEHOLDER PINK HANGING HEART,4198,11768.5,521,167.92,251.88,High Demand
CANDY BUTTON PHOTO ALBUM,295,631.25,21,11.8,17.700000000000003,Low Demand
CANDY HEART HANGING DECORATION,1454,867.96,66,58.16,87.24,Medium Demand
CANDY PINK FRENCH BOUDOIR CLOCK,16,159.2,11,0.64,0.96,Low Demand
CANDY POP CHUNKY KNITTED THROW ,15,254.25,10,0.6,0.8999999999999999,Low Demand
CANDY SHOP  STICKER SHEET,1043,883.43,89,41.72,62.58,Medium Demand
CANDY SPOT APRON,82,381.3,35,3.28,4.92,Low Demand
CANDY SPOT BREAD BASKETS,337,487.35,14,13.48,20.22,Low Demand
CANDY SPOT BUNNY,92,264.20000000000005,18,3.68,5.5200000000000005,Low Demand
CANDY SPOT CUSHION COVER,113,325.11000000000007,21,4.52,6.779999999999999,Low Demand
CANDY SPOT EGG WARMER HARE,1045,693.99,59,41.8,62.699999999999996,Medium Demand
CANDY SPOT EGG WARMER RABBIT,611,212.87,42,24.44,36.660000000000004,Medium Demand
CANDY SPOT HAND BAG,273,563.77,44,10.92,16.38,Low Demand
CANDY SPOT HEART DECORATION,396,336.59999999999997,49,15.84,23.759999999999998,Low Demand
CANDY SPOT TEA COSY,374,534.7,14,14.96,22.44,Low Demand
CANDY STRIPE ROSE C/COVER ,51,303.45,19,2.04,3.06,Low Demand
CANDY STRIPE ROSE FLOOR CUSHION,6,47.7,2,0.24,0.36,Low Demand
CANDY STRIPE ROSE QUILT,1,45.95,1,0.04,0.06,Low Demand
CANNABIS LEAF BEAD CURTAIN,48,40.8,3,1.92,2.88,Low Demand
CANNISTER VINTAGE LEAF DESIGN,12,23.4,2,0.48,0.72,Low Demand
CAPIZ CHANDELIER,5,149.75,3,0.2,0.30000000000000004,Low Demand
CARAVAN SQUARE TISSUE BOX,2046,1359.48,214,81.84,122.76,Medium Demand
CARD BILLBOARD FONT,5326,2189.43,335,213.04,319.56,High Demand
CARD BIRTHDAY COWBOY,5133,2032.05,253,205.32,307.98,High Demand
CARD CAT AND TREE ,2544,1055.52,170,101.76,152.64000000000001,High Demand
CARD CHRISTMAS VILLAGE,5898,2455.56,288,235.92,353.88,High Demand
CARD CIRCUS PARADE,5128,2111.79,341,205.12,307.68,High Demand
CARD DOG AND BALL ,2358,964.44,152,94.32,141.48,Medium Demand
CARD DOLLY GIRL ,7153,2838.21,345,286.12,429.18,High Demand
CARD GINGHAM ROSE ,2762,1109.02,144,110.48,165.72,High Demand
CARD HOLDER GINGHAM HEART,2589,6662.01,398,103.56,155.34,High Demand
CARD HOLDER LOVE BIRD LARGE ,220,1323.4,75,8.8,13.200000000000001,Low Demand
CARD HOLDER LOVE BIRD SMALL,320,1255.76,63,12.8,19.200000000000003,Low Demand
CARD I LOVE LONDON ,5793,2284.84,240,231.72,347.58,High Demand
CARD MOTORBIKE SANTA,6416,2630.64,299,256.64,384.96,High Demand
CARD PARTY GAMES ,2174,878.52,135,86.96,130.44,Medium Demand
CARD PSYCHEDELIC APPLES,2662,1100.76,165,106.48,159.72,High Demand
CARD SUKI BIRTHDAY,2602,1066.92,169,104.08,156.12,High Demand
CARD WEDDING DAY,2658,1086.1200000000001,168,106.32,159.48,High Demand
"CARD, BILLBOARD FONT",1278,519.48,74,51.12,76.67999999999999,Medium Demand
"CARD, GINGHAM ROSE ",504,211.68,40,20.16,30.240000000000002,Medium Demand
CARDHOLDER GINGHAM CHRISTMAS TREE,1296,3504.7400000000002,174,51.84,77.76,Medium Demand
CARDHOLDER GINGHAM HEART,102,216.9,2,4.08,6.12,Low Demand
CARDHOLDER GINGHAM STAR,1280,3337.64,197,51.2,76.80000000000001,Medium Demand
CARDHOLDER HOLLY WREATH METAL,1833,6801.85,251,73.32,109.97999999999999,Medium Demand
CARNATION SQUARE HANDY TIN,42,52.5,14,1.68,2.52,Low Demand
CARNIVAL BRACELET,115,1456.0,38,4.6,6.8999999999999995,Low Demand
CAROUSEL CHILDRENS APRON,11,18.15,3,0.44,0.66,Low Demand
CAROUSEL CHILDRENS OVERALL,38,79.8,4,1.52,2.2800000000000002,Low Demand
CAROUSEL DES CHILD'S APRON,87,143.54999999999998,33,3.48,5.22,Low Demand
CAROUSEL DES CHILD'S OVERALL,156,327.6,32,6.24,9.36,Low Demand
CAROUSEL DESIGN BABY BIB,75,93.75,14,3.0,4.5,Low Demand
CAROUSEL DESIGN WASHBAG,281,547.9499999999999,74,11.24,16.86,Low Demand
CAROUSEL PLACEMATS ,2,7.5,2,0.08,0.12,Low Demand
CAROUSEL PONIES BABY BIB,115,116.87,28,4.6,6.8999999999999995,Low Demand
CARRIAGE,254,12796.0,248,10.16,15.24,Low Demand
CARROT CHARLIE+LOLA COASTER SET,801,1538.89,156,32.04,48.06,Medium Demand
CARTOON  PENCIL SHARPENERS,4525,375.6,70,181.0,271.5,High Demand
CAST IRON HOOK GARDEN FORK,1493,3614.91,151,59.72,89.58,Medium Demand
CAST IRON HOOK GARDEN TROWEL,1348,3195.56,148,53.92,80.88,Medium Demand
CAT AND BIRD WALL ART,270,323.64,4,10.8,16.200000000000003,Low Demand
CAT BOWL ,862,2057.7,97,34.48,51.72,Medium Demand
CAT BOWL VINTAGE CREAM,537,1729.45,123,21.48,32.22,Medium Demand
"CAT BOWL, ENAMEL , CREAM COLOUR",12,39.0,2,0.48,0.72,Low Demand
"CAT FOOD CONTAINER , VINTAGE",10,63.5,3,0.4,0.6000000000000001,Low Demand
CAT W SUNGLASSES BLANK CARD,4,0.76,1,0.16,0.24,Low Demand
CAT WITH SUNGLASSES BLANK CARD,5,0.95,1,0.2,0.30000000000000004,Low Demand
CD WALL TIDY BLUE OFFICE,213,77.94000000000001,9,8.52,12.78,Low Demand
CD WALL TIDY RED FLOWERS,300,111.60000000000001,12,12.0,18.0,Low Demand
CERAMIC BIRDHOUSE BLACK ROSE  LARGE,163,811.6,32,6.52,9.78,Low Demand
CERAMIC BIRDHOUSE BUTTERFLY LARGE,165,772.95,19,6.6,9.899999999999999,Low Demand
CERAMIC BIRDHOUSE BUTTERFLY SMALL,679,1530.0,64,27.16,40.74,Medium Demand
CERAMIC BIRDHOUSE CRESTED TIT LARGE,291,1473.45,56,11.64,17.46,Low Demand
CERAMIC BIRDHOUSE CRESTED TIT SMALL,692,1686.0500000000002,90,27.68,41.519999999999996,Medium Demand
CERAMIC BIRDHOUSE FINCH BLUE  LARGE,76,399.55,27,3.04,4.5600000000000005,Low Demand
CERAMIC BIRDHOUSE FINCH BLUE ROOF,650,1562.15,77,26.0,39.0,Medium Demand
CERAMIC BIRDHOUSE RED ROOF LARGE,164,735.8000000000001,19,6.56,9.84,Low Demand
CERAMIC BIRDHOUSE RED ROOF SMALL,539,1222.8500000000001,44,21.56,32.339999999999996,Medium Demand
CERAMIC BOWL WITH LOVE HEART DESIGN,719,1061.49,93,28.76,43.14,Medium Demand
CERAMIC BOWL WITH STRAWBERRY DESIGN,2185,5603.35,258,87.4,131.10000000000002,Medium Demand
CERAMIC CAKE BOWL + HANGING CAKES,2363,6475.25,313,94.52,141.78,Medium Demand
CERAMIC CAKE DESIGN SPOTTED MUG,4485,6443.61,433,179.4,269.1,High Demand
CERAMIC CAKE DESIGN SPOTTED PLATE,2725,3924.6499999999996,264,109.0,163.5,High Demand
CERAMIC CAKE STAND + HANGING CAKES,2311,20531.28,410,92.44,138.66,Medium Demand
CERAMIC CAKE TEAPOT WITH CHERRY,1,4.95,1,0.04,0.06,Low Demand
CERAMIC CHERRY CAKE MONEY BANK,4800,6316.679999999999,465,192.0,288.0,High Demand
CERAMIC HEART CAKE MONEY BANK,120,159.6,5,4.8,7.199999999999999,Low Demand
CERAMIC HEART FAIRY CAKE MONEY BANK,4795,6562.63,551,191.8,287.70000000000005,High Demand
CERAMIC LOVE HEART MONEY BANK,1050,878.0999999999999,68,42.0,63.0,Medium Demand
CERAMIC LOVE HEARTS DESIGN MUG,511,761.39,92,20.44,30.660000000000004,Medium Demand
CERAMIC PIRATE CHEST MONEY BANK,1751,2493.35,221,70.04,105.06,Medium Demand
CERAMIC PLATE LOVE HEART DESIGN,600,625.8,25,24.0,36.0,Medium Demand
CERAMIC PLATE STRAWBERRY DESIGN,2924,3515.64,173,116.96,175.44,High Demand
CERAMIC STRAWBERRY CAKE MONEY BANK,8890,11689.26,697,355.6,533.4000000000001,High Demand
CERAMIC STRAWBERRY DESIGN MUG,2655,3230.95,199,106.2,159.3,High Demand
CERAMIC STRAWBERRY MONEY BOX,1386,3321.9,174,55.44,83.16,Medium Demand
CERAMIC STRAWBERRY TRINKET TRAY,322,799.5,51,12.88,19.32,Low Demand
CERAMIC STRWBERRY DESIGN MUG,2288,3158.56,166,91.52,137.28,Medium Demand
CERISE+GOLD CHRISTMAS STOCKING DEC,188,71.44,17,7.52,11.28,Low Demand
CERISE+GOLD CHRISTMAS TREE DEC,36,13.68,9,1.44,2.16,Low Demand
CHALKBOARD KITCHEN ORGANISER,168,3286.6,35,6.72,10.08,Low Demand
CHAMBRE HOOK,123,155.07,18,4.92,7.38,Low Demand
CHAMPAGNE TRAY BLANK CARD,10,1.9,4,0.4,0.6000000000000001,Low Demand
CHARLIE & LOLA WASTEPAPER BIN BLUE,1497,2194.75,132,59.88,89.82000000000001,Medium Demand
CHARLIE & LOLA WASTEPAPER BIN FLORA,1746,2651.0,154,69.84,104.76,Medium Demand
CHARLIE + LOLA BISCUITS TINS,1192,3970.2,147,47.68,71.52,Medium Demand
CHARLIE + LOLA RED HOT WATER BOTTLE,2868,5963.200000000001,405,114.72,172.07999999999998,High Demand
CHARLIE AND LOLA CHARLOTTE BAG,2231,2880.55,159,89.24,133.85999999999999,Medium Demand
CHARLIE AND LOLA FIGURES TINS,1921,4863.429999999999,191,76.84,115.26,Medium Demand
CHARLIE AND LOLA TABLE TINS,895,2593.25,100,35.8,53.699999999999996,Medium Demand
CHARLIE LOLA BLUE HOT WATER BOTTLE ,550,1747.94,109,22.0,33.0,Medium Demand
CHARLIE+LOLA MY ROOM DOOR SIGN,844,497.64,87,33.76,50.64,Medium Demand
CHARLIE+LOLA PINK HOT WATER BOTTLE,2329,4889.81,346,93.16,139.74,Medium Demand
CHARLIE+LOLA RED HOT WATER BOTTLE ,734,2303.62,133,29.36,44.04,Medium Demand
"CHARLIE+LOLA""EXTREMELY BUSY"" SIGN",1203,685.12,98,48.12,72.17999999999999,Medium Demand
"CHARLOTTE BAG , PINK/WHITE SPOTS",4218,3361.7,262,168.72,253.07999999999998,High Demand
"CHARLOTTE BAG , SUKI DESIGN",4075,3236.25,234,163.0,244.5,High Demand
CHARLOTTE BAG ALPHABET  DESIGN,400,320.5,22,16.0,24.0,Low Demand
CHARLOTTE BAG APPLES DESIGN,7039,5632.15,425,281.56,422.34000000000003,High Demand
CHARLOTTE BAG DOLLY GIRL DESIGN,8143,6458.49,536,325.72,488.58000000000004,High Demand
CHARLOTTE BAG PINK POLKADOT,8535,6880.09,600,341.4,512.0999999999999,High Demand
CHARLOTTE BAG PINK WITH WHITE SPOTS,3958,3156.3,246,158.32,237.48,High Demand
CHARLOTTE BAG SUKI DESIGN,15736,12531.9,957,629.44,944.1600000000001,High Demand
CHARLOTTE BAG VINTAGE ALPHABET ,4752,3786.22,323,190.08,285.12,High Demand
CHERRY BLOSSOM  DECORATIVE FLASK,757,2792.67,215,30.28,45.42,Medium Demand
CHERRY BLOSSOM BATHROOM CABINET,192,950.4,50,7.68,11.52,Low Demand
CHERRY BLOSSOM CANVAS ART PICTURE,54,201.3,12,2.16,3.24,Low Demand
CHERRY BLOSSOM DECORATIVE FLASK,780,2831.4,188,31.2,46.8,Medium Demand
CHERRY BLOSSOM LUGGAGE TAG,1927,428.89,31,77.08,115.62,Medium Demand
CHERRY BLOSSOM PASSPORT COVER,190,240.38,44,7.6,11.399999999999999,Low Demand
CHERRY BLOSSOM PHOTO FRAME ,10,46.5,3,0.4,0.6000000000000001,Low Demand
CHERRY BLOSSOM PURSE,21,61.95,9,0.84,1.26,Low Demand
CHERRY BLOSSOM TABLE CLOCK ,218,495.09999999999997,14,8.72,13.080000000000002,Low Demand
CHERRY CROCHET FOOD COVER,957,2927.77,212,38.28,57.42,Medium Demand
CHERRY DESIGN PAPERLANTERNS,1065,2002.3899999999999,97,42.6,63.900000000000006,Medium Demand
CHERUB HEART DECORATION GOLD,719,620.45,59,28.76,43.14,Medium Demand
CHERUB HEART DECORATION SILVER ,1297,1090.43,69,51.88,77.82000000000001,Medium Demand
CHEST 7 DRAWER MA CAMPAGNE,50,1196.5,31,2.0,3.0,Low Demand
CHEST NATURAL WOOD 20 DRAWERS,32,3655.0,18,1.28,1.92,Low Demand
CHEST OF DRAWERS GINGHAM HEART ,228,3812.94,125,9.12,13.68,Low Demand
CHICK GREY HOT WATER BOTTLE,4274,14692.92,676,170.96,256.44,High Demand
CHILDREN'S APRON DOLLY GIRL ,2621,5266.28,339,104.84,157.26,High Demand
CHILDREN'S CIRCUS PARADE MUG,1316,2129.08,117,52.64,78.96000000000001,Medium Demand
CHILDREN'S SPACEBOY MUG,1804,2937.56,186,72.16,108.24,Medium Demand
CHILDRENS APRON APPLE DESIGN,290,520.5,25,11.6,17.4,Low Demand
CHILDRENS APRON APPLES DESIGN,2714,5106.2,349,108.56,162.84,High Demand
CHILDRENS APRON DOLLY GIRL ,103,216.3,15,4.12,6.18,Low Demand
CHILDRENS APRON SPACEBOY DESIGN,5523,10252.89,714,220.92,331.38,High Demand
CHILDRENS CIRCUS PARADE MUG,36,59.400000000000006,3,1.44,2.16,Low Demand
CHILDRENS CUTLERY CIRCUS PARADE,963,3856.59,143,38.52,57.78,Medium Demand
CHILDRENS CUTLERY DOLLY GIRL ,1628,6554.6,268,65.12,97.68,Medium Demand
CHILDRENS CUTLERY POLKADOT BLUE,2524,9831.4,211,100.96,151.44,High Demand
CHILDRENS CUTLERY POLKADOT GREEN ,1688,6599.06,166,67.52,101.28,Medium Demand
CHILDRENS CUTLERY POLKADOT PINK,3530,13796.6,323,141.2,211.79999999999998,High Demand
CHILDRENS CUTLERY RETROSPOT RED ,2492,9603.68,229,99.68,149.52,Medium Demand
CHILDRENS CUTLERY SPACEBOY ,1982,7974.38,316,79.28,118.92,Medium Demand
CHILDRENS DOLLY GIRL MUG,1653,2672.4900000000002,163,66.12,99.18,Medium Demand
CHILDRENS GARDEN GLOVES BLUE,1748,2159.16,232,69.92,104.88,Medium Demand
CHILDRENS GARDEN GLOVES PINK,1757,2165.85,240,70.28,105.42,Medium Demand
CHILDRENS SPACEBOY MUG,96,158.4,5,3.84,5.76,Low Demand
CHILDRENS TOY COOKING UTENSIL SET,680,1371.48,122,27.2,40.8,Medium Demand
CHILDS APRON SPACEBOY DESIGN,2256,4191.9,289,90.24,135.35999999999999,Medium Demand
CHILDS BREAKFAST SET CIRCUS PARADE,1611,13100.58,460,64.44,96.66,Medium Demand
CHILDS BREAKFAST SET DOLLY GIRL ,1630,15106.35,450,65.2,97.80000000000001,Medium Demand
CHILDS BREAKFAST SET SPACEBOY ,1665,15387.9,464,66.6,99.89999999999999,Medium Demand
CHILDS GARDEN BRUSH BLUE,1320,2548.98,201,52.8,79.19999999999999,Medium Demand
CHILDS GARDEN BRUSH PINK,1334,2584.38,203,53.36,80.03999999999999,Medium Demand
CHILDS GARDEN FORK BLUE ,2192,1821.08,307,87.68,131.52,Medium Demand
CHILDS GARDEN FORK PINK,2131,1791.07,313,85.24,127.85999999999999,Medium Demand
CHILDS GARDEN RAKE BLUE,799,1517.88,126,31.96,47.94,Medium Demand
CHILDS GARDEN RAKE PINK,779,1472.88,125,31.16,46.74,Medium Demand
CHILDS GARDEN SPADE BLUE,1034,2003.88,193,41.36,62.04,Medium Demand
CHILDS GARDEN SPADE PINK,997,1923.18,166,39.88,59.82000000000001,Medium Demand
CHILDS GARDEN TROWEL BLUE ,2186,1840.9399999999998,327,87.44,131.16,Medium Demand
CHILDS GARDEN TROWEL PINK,2209,1857.37,324,88.36,132.54,Medium Demand
CHILLI LIGHTS,15735,72860.14,922,629.4,944.0999999999999,High Demand
CHINESE DRAGON PAPER LANTERNS,15559,5069.48,196,622.36,933.54,High Demand
CHOC TRUFFLE GOLD TRINKET POT ,1813,2796.33,180,72.52,108.78,Medium Demand
CHOCOLATE 1 WICK MORRIS BOX CANDLE,602,1551.56,79,24.08,36.12,Medium Demand
CHOCOLATE 3 WICK MORRIS BOX CANDLE,928,2293.12,98,37.12,55.67999999999999,Medium Demand
CHOCOLATE BOX RIBBONS ,3830,4656.75,459,153.2,229.79999999999998,High Demand
CHOCOLATE CALCULATOR,3053,4928.93,281,122.12,183.18,High Demand
CHOCOLATE HOT WATER BOTTLE,10326,47555.840000000004,1447,413.04,619.5600000000001,High Demand
CHOCOLATE ICE CREAM CANDLE,2,3.9,1,0.08,0.12,Low Demand
CHOCOLATE THIS WAY METAL SIGN,9570,18394.640000000003,801,382.8,574.2,High Demand
CHRISTMAS CARD SCREEN PRINT ,2136,593.16,92,85.44,128.16,Medium Demand
CHRISTMAS CARD SINGING ANGEL,1709,612.9,96,68.36,102.53999999999999,Medium Demand
CHRISTMAS CARD STACK OF PRESENTS,1969,562.02,85,78.76,118.14000000000001,Medium Demand
CHRISTMAS CRAFT HEART DECORATIONS,422,838.2,53,16.88,25.32,Low Demand
CHRISTMAS CRAFT HEART STOCKING ,1294,2637.4,169,51.76,77.64,Medium Demand
CHRISTMAS CRAFT LITTLE FRIENDS,4475,9171.300000000001,535,179.0,268.5,High Demand
CHRISTMAS CRAFT TREE TOP ANGEL,3141,6419.38,434,125.64,188.46,High Demand
CHRISTMAS CRAFT WHITE FAIRY ,4198,5898.54,429,167.92,251.88,High Demand
CHRISTMAS DECOUPAGE CANDLE,2410,1264.96,106,96.4,144.60000000000002,Medium Demand
"CHRISTMAS GARLAND STARS,TREES",816,2065.0,79,32.64,48.96,Medium Demand
CHRISTMAS GINGHAM HEART,6556,5347.96,309,262.24,393.36,High Demand
CHRISTMAS GINGHAM STAR,5421,4528.29,311,216.84,325.26,High Demand
CHRISTMAS GINGHAM TREE,4530,3810.72,290,181.2,271.79999999999995,High Demand
CHRISTMAS HANGING HEART WITH BELL,1756,2167.64,132,70.24,105.35999999999999,Medium Demand
CHRISTMAS HANGING SNOWFLAKE,486,421.02000000000004,44,19.44,29.160000000000004,Low Demand
CHRISTMAS HANGING STAR WITH BELL,6421,3783.35,241,256.84,385.26,High Demand
CHRISTMAS HANGING TREE WITH BELL,2892,2231.83,148,115.68,173.52,High Demand
CHRISTMAS LIGHTS 10 REINDEER,2568,20279.4,406,102.72,154.07999999999998,High Demand
CHRISTMAS LIGHTS 10 SANTAS ,1224,9278.45,217,48.96,73.44,Medium Demand
CHRISTMAS LIGHTS 10 VINTAGE BAUBLES,2461,11350.130000000001,286,98.44,147.66,Medium Demand
CHRISTMAS METAL POSTCARD WITH BELLS,4227,2865.53,102,169.08,253.62,High Demand
CHRISTMAS METAL TAGS ASSORTED ,7555,6183.31,278,302.2,453.29999999999995,High Demand
CHRISTMAS MUSICAL ZINC HEART ,1715,1354.79,92,68.6,102.89999999999999,Medium Demand
CHRISTMAS MUSICAL ZINC STAR,2577,1387.49,131,103.08,154.62,High Demand
CHRISTMAS MUSICAL ZINC TREE,1571,887.13,93,62.84,94.26,Medium Demand
CHRISTMAS PUDDING TRINKET POT ,8380,5609.0199999999995,333,335.2,502.79999999999995,High Demand
CHRISTMAS RETROSPOT ANGEL WOOD,5053,4126.57,330,202.12,303.18,High Demand
CHRISTMAS RETROSPOT HEART WOOD,4461,3573.45,241,178.44,267.65999999999997,High Demand
CHRISTMAS RETROSPOT STAR WOOD,4665,3853.71,345,186.6,279.9,High Demand
CHRISTMAS RETROSPOT TREE WOOD,4014,3294.9,301,160.56,240.84,High Demand
CHRISTMAS STAR WISH LIST CHALKBOARD,6120,5898.32,402,244.8,367.20000000000005,High Demand
CHRISTMAS TABLE CANDLE SILVER SPIKE,16,13.28,1,0.64,0.96,Low Demand
CHRISTMAS TABLE SILVER CANDLE SPIKE,1606,1303.54,74,64.24,96.35999999999999,Medium Demand
CHRISTMAS TOILET ROLL,6681,7833.110000000001,412,267.24,400.86,High Demand
CHRISTMAS TREE DECORATION WITH BELL,2056,863.52,80,82.24,123.35999999999999,Medium Demand
CHRISTMAS TREE HANGING GOLD,776,690.64,64,31.04,46.56,Medium Demand
CHRISTMAS TREE HANGING SILVER ,747,671.77,67,29.88,44.82,Medium Demand
CHRISTMAS TREE HEART DECORATION,2579,1083.1799999999998,99,103.16,154.74,High Demand
CHRISTMAS TREE PAINTED ZINC ,3333,1251.79,102,133.32,199.98,High Demand
CHRISTMAS TREE STAR DECORATION,2717,1141.1399999999999,101,108.68,163.02,High Demand
CHRISTMAS TREE T-LIGHT HOLDER,409,593.05,41,16.36,24.54,Low Demand
CHRYSANTHEMUM  JOURNAL,573,1077.46,112,22.92,34.38,Medium Demand
CHRYSANTHEMUM NOTEBOOK,3532,1027.8,94,141.28,211.92000000000002,High Demand
CHRYSANTHEMUM POCKET BOOK ,5739,867.75,44,229.56,344.34000000000003,High Demand
CHRYSANTHEMUM SKETCHBOOK ,415,1142.29,120,16.6,24.900000000000002,Low Demand
CHUNKY CRACKED GLAZE NECKLACE IVORY,6,64.5,1,0.24,0.36,Low Demand
CHUNKY SILVER NECKLACE PASTEL FLOWE,75,746.25,38,3.0,4.5,Low Demand
CINAMMON & ORANGE WREATH,1019,3227.05,135,40.76,61.14,Medium Demand
CINAMMON SET OF 9 T-LIGHTS,1951,1652.11,286,78.04,117.06,Medium Demand
CINDERELLA CHANDELIER ,220,3617.6000000000004,22,8.8,13.200000000000001,Low Demand
CINNAMON SCENTED VOTIVE CANDLE,2191,581.6299999999999,66,87.64,131.46,Medium Demand
CIRCLE OF FRIENDS CANDLE HOLDER,295,344.25,28,11.8,17.700000000000003,Low Demand
CIRCUS PARADE BABY GIFT SET,285,4444.75,89,11.4,17.1,Low Demand
CIRCUS PARADE CHILDRENS EGG CUP ,1183,1483.59,118,47.32,70.98,Medium Demand
CIRCUS PARADE LUNCH BOX ,5922,10891.279999999999,468,236.88,355.32,High Demand
CIRCUS PARADE LUNCHBOX ,1,1.95,1,0.04,0.06,Low Demand
CITRONELLA CANDLE FLOWERPOT,2613,4573.05,325,104.52,156.78,High Demand
CITRONELLA CANDLE GARDEN POT,3396,3756.12,322,135.84,203.76,High Demand
CITRUS GARLAND FELT FLOWERS ,181,352.95,47,7.24,10.86,Low Demand
CLAM SHELL LARGE,748,580.2,17,29.92,44.88,Medium Demand
CLAM SHELL SMALL ,332,638.89,56,13.28,19.919999999999998,Low Demand
CLASSIC BICYCLE CLIPS ,1591,2205.95,86,63.64,95.46000000000001,Medium Demand
CLASSIC CAFE SUGAR DISPENSER,2634,3038.35,208,105.36,158.04,High Demand
CLASSIC CHROME BICYCLE BELL ,2454,3435.7,170,98.16,147.24,Medium Demand
CLASSIC CROME BICYCLE BELL ,60,77.4,2,2.4,3.5999999999999996,Low Demand
CLASSIC DIAMANTE EARRINGS JET,7,20.650000000000002,2,0.28,0.42000000000000004,Low Demand
CLASSIC DIAMANTE NECKLACE JET,5,37.5,3,0.2,0.30000000000000004,Low Demand
CLASSIC FRENCH STYLE BASKET BROWN,344,1564.44,93,13.76,20.64,Low Demand
CLASSIC FRENCH STYLE BASKET GREEN ,481,2388.35,132,19.24,28.86,Low Demand
CLASSIC FRENCH STYLE BASKET NATURAL,678,3233.62,152,27.12,40.68,Medium Demand
CLASSIC GLASS COOKIE JAR,1334,5358.5,248,53.36,80.03999999999999,Medium Demand
CLASSIC GLASS SWEET JAR,119,479.45,14,4.76,7.14,Low Demand
CLASSIC METAL BIRDCAGE PLANT HOLDER,1727,18185.06,383,69.08,103.62,Medium Demand
CLASSIC SUGAR DISPENSER,216,247.32,12,8.64,12.96,Low Demand
CLASSIC WHITE FRAME,1031,3017.4500000000003,197,41.24,61.86,Medium Demand
CLASSICAL ROSE CANDLESTAND,535,481.55,27,21.4,32.099999999999994,Medium Demand
CLASSICAL ROSE DISH,283,528.85,38,11.32,16.98,Low Demand
CLASSICAL ROSE SMALL VASE,598,1072.5,64,23.92,35.88,Medium Demand
CLASSICAL ROSE TABLE LAMP,14,103.3,4,0.56,0.8400000000000001,Low Demand
CLASSICAL ROSE URN,94,372.3,17,3.76,5.64,Low Demand
CLEAR ACRYLIC FACETED BANGLE,98,220.10000000000002,17,3.92,5.88,Low Demand
CLEAR COLOUR GLASS GEMS IN BAG,518,344.53999999999996,19,20.72,31.08,Medium Demand
CLEAR CRYSTAL STAR PHONE CHARM,200,150.44,18,8.0,12.0,Low Demand
CLEAR DRAWER KNOB ACRYLIC EDWARDIAN,6809,8244.61,382,272.36,408.54,High Demand
CLEAR LOVE BIRD T-LIGHT HOLDER,102,316.61,14,4.08,6.12,Low Demand
CLEAR MILKSHAKE GLASS,463,907.5,41,18.52,27.78,Low Demand
CLEAR STATIONERY BOX SET ,82,69.69999999999999,24,3.28,4.92,Low Demand
CLOCK MAGNET MUM'S KITCHEN,304,837.88,40,12.16,18.240000000000002,Low Demand
CLOTHES PEGS RETROSPOT PACK 24 ,13869,19029.01,1017,554.76,832.14,High Demand
COCKLE SHELL DISH,426,707.08,58,17.04,25.56,Low Demand
COCKTAIL SWORDS 50 PIECES,900,706.08,68,36.0,54.0,Medium Demand
COFFEE MUG APPLES DESIGN,5323,12213.1,480,212.92,319.38,High Demand
COFFEE MUG BLUE PAISLEY DESIGN,2376,4572.41,142,95.04,142.56,Medium Demand
COFFEE MUG CAT + BIRD DESIGN,4863,11162.79,466,194.52,291.78000000000003,High Demand
COFFEE MUG DOG + BALL DESIGN,4025,9281.49,411,161.0,241.5,High Demand
COFFEE MUG PEARS  DESIGN,4815,10061.26,352,192.6,288.9,High Demand
COFFEE MUG PINK PAISLEY DESIGN,2254,4621.0,126,90.16,135.24,Medium Demand
COFFEE SCENT PILLAR CANDLE,533,506.34999999999997,93,21.32,31.98,Medium Demand
COGNAC AUX OEUFS METAL 1 HOOK,31,38.75,11,1.24,1.8599999999999999,Low Demand
COLOUR GLASS T-LIGHT HOLDER HANGING,39643,23848.11,1100,1585.72,2378.58,High Demand
COLOUR GLASS. STAR T-LIGHT HOLDER,14492,41555.54,644,579.68,869.52,High Demand
COLOURED GLASS STAR T-LIGHT HOLDER,997,3478.8300000000004,42,39.88,59.82000000000001,Medium Demand
COLOURFUL FISHING GNOME,285,844.5500000000001,36,11.4,17.1,Low Demand
COLOURFUL FLOWER FRUIT BOWL,21,85.0,15,0.84,1.26,Low Demand
COLOURFUL STANDING GNOME,707,1119.15,39,28.28,42.42,Medium Demand
COLOURING PENCILS BROWN TUBE,7885,6737.65,440,315.4,473.09999999999997,High Demand
COLUMBIAN  CUBE CANDLE ,320,109.16,20,12.8,19.200000000000003,Low Demand
COLUMBIAN CANDLE RECTANGLE,867,829.25,72,34.68,52.019999999999996,Medium Demand
COLUMBIAN CANDLE ROUND,1504,737.9599999999999,102,60.16,90.24,Medium Demand
COLUMBIAN CANDLE ROUND ,462,515.24,69,18.48,27.72,Low Demand
COLUMBIAN CUBE CANDLE,561,485.55,27,22.44,33.660000000000004,Medium Demand
CONCH SHELL,1252,535.8,13,50.08,75.12,Medium Demand
CONDIMENT TRAY 4 BOWLS AND 4 SPOONS,44,420.28,27,1.76,2.64,Low Demand
CONGRATULATIONS BUNTING,150,817.5,70,6.0,9.0,Low Demand
COOK WITH WINE METAL SIGN ,19833,37387.49,1225,793.32,1189.98,High Demand
COOKING SET RETROSPOT,720,6848.639999999999,224,28.8,43.2,Medium Demand
COPPER AND BRASS BAG CHARM,10,54.510000000000005,6,0.4,0.6000000000000001,Low Demand
COPPER/OLIVE GREEN FLOWER NECKLACE,25,148.75,13,1.0,1.5,Low Demand
CORDIAL GLASS JUG,31,255.75,13,1.24,1.8599999999999999,Low Demand
CORDIAL JUG,6,49.5,2,0.24,0.36,Low Demand
CORONA MEXICAN TRAY,1492,5286.2,275,59.68,89.52,Medium Demand
COSMETIC BAG VINTAGE ROSE PAISLEY,1341,2713.2200000000003,189,53.64,80.46000000000001,Medium Demand
COSY HOUR CIGAR BOX MATCHES ,3470,4305.58,356,138.8,208.20000000000002,High Demand
COSY HOUR GIANT TUBE MATCHES,2193,5462.55,255,87.72,131.57999999999998,Medium Demand
COSY SLIPPER SHOES LARGE GREEN,654,1910.1000000000001,132,26.16,39.24,Medium Demand
COSY SLIPPER SHOES LARGE RED,167,492.65000000000003,48,6.68,10.02,Low Demand
COSY SLIPPER SHOES SMALL  RED ,412,1196.2,103,16.48,24.72,Low Demand
COSY SLIPPER SHOES SMALL GREEN,381,1114.7400000000002,100,15.24,22.86,Low Demand
COTE D'AZURE NECKLACE,33,163.35,15,1.32,1.98,Low Demand
COTTON APRON PANTRY DESIGN,607,2695.29,140,24.28,36.42,Medium Demand
COUNTRY COTTAGE  DOORSTOP GREEN,261,1045.25,101,10.44,15.66,Low Demand
COW  SOCK PUPPET,54,159.3,26,2.16,3.24,Low Demand
COWBOYS AND INDIANS BIRTHDAY CARD ,8575,3445.03,498,343.0,514.5,High Demand
CRACKED GLAZE EARRINGS BROWN,1,2.55,1,0.04,0.06,Low Demand
CRACKED GLAZE EARRINGS RED,2,5.1,2,0.08,0.12,Low Demand
CRACKED GLAZE NECKLACE BROWN,3,20.85,1,0.12,0.18,Low Demand
CRACKED GLAZE NECKLACE IVORY,6,41.7,2,0.24,0.36,Low Demand
CRACKED GLAZE NECKLACE RED,7,48.65,4,0.28,0.42000000000000004,Low Demand
CRAZY DAISY HEART DECORATION,1281,916.62,63,51.24,76.86,Medium Demand
CREAM AND PINK FLOWERS PONY ,31,116.25,14,1.24,1.8599999999999999,Low Demand
CREAM BUNNY EASTER EGG BASKET,25,41.25,3,1.0,1.5,Low Demand
CREAM C/COVER W YELLOW/GREEN FLOWER,10,69.5,3,0.4,0.6000000000000001,Low Demand
CREAM CLIMBING HYDRANGA ART FLOWER,145,205.35,7,5.8,8.7,Low Demand
CREAM CUPID HEARTS COAT HANGER,6934,21989.9,724,277.36,416.04,High Demand
CREAM CUSHION COVER WITH FLOWERS,103,355.85,14,4.12,6.18,Low Demand
CREAM DELPHINIUM ARTIFICIAL FLOWER,221,405.2300000000001,17,8.84,13.26,Low Demand
CREAM FELT EASTER EGG BASKET,2179,3487.35,283,87.16,130.74,Medium Demand
CREAM HANGING HEART T-LIGHT HOLDER,57,155.35,7,2.28,3.42,Low Demand
CREAM HEART CARD HOLDER,18113,52627.29,1129,724.52,1086.78,High Demand
CREAM KNITTED HEN,288,365.76,1,11.52,17.28,Low Demand
CREAM SLICE FLANNEL CHOCOLATE SPOT ,708,2011.8000000000002,120,28.32,42.480000000000004,Medium Demand
CREAM SLICE FLANNEL PINK SPOT ,2310,6276.900000000001,228,92.4,138.60000000000002,Medium Demand
CREAM SWEETHEART DOUBLE SHELF,3,50.85,1,0.12,0.18,Low Demand
CREAM SWEETHEART EGG HOLDER,1104,5232.400000000001,216,44.16,66.24,Medium Demand
CREAM SWEETHEART LETTER RACK,1727,7676.47,239,69.08,103.62,Medium Demand
CREAM SWEETHEART MAGAZINE RACK,277,4489.15,150,11.08,16.62,Low Demand
CREAM SWEETHEART MINI CHEST,2997,35889.479999999996,809,119.88,179.82,High Demand
CREAM SWEETHEART SHELF + HOOKS,923,6105.51,173,36.92,55.38,Medium Demand
CREAM SWEETHEART TRAYS,586,6785.5,232,23.44,35.160000000000004,Medium Demand
CREAM SWEETHEART WALL CABINET,480,7562.86,154,19.2,28.799999999999997,Low Demand
CREAM WALL PLANTER HEART SHAPED,588,3324.11,168,23.52,35.28,Medium Demand
CROCHET BEAR RED/BLUE  KEYRING,41,67.64999999999999,12,1.64,2.46,Low Demand
CROCHET BEAR WITH BLUE STRIPES,100,255.0,24,4.0,6.0,Low Demand
CROCHET DOG KEYRING,24,39.6,6,0.96,1.44,Low Demand
CROCHET LILAC/RED BEAR KEYRING,12,19.8,4,0.48,0.72,Low Demand
CROCHET POODLE KEYRING,21,34.65,3,0.84,1.26,Low Demand
CROCHET ROSE DES CLOTHES HANGER,26,76.7,7,1.04,1.56,Low Demand
CROCHET ROSE PURSE WITH SUEDE BACK,165,486.75000000000006,38,6.6,9.899999999999999,Low Demand
CROCHET WHITE RABBIT KEYRING ,64,100.8,9,2.56,3.84,Low Demand
CROSS STITCH ALPHABET CUSHION COVER,217,1291.15,70,8.68,13.02,Low Demand
CRYSTAL CHANDELIER T-LIGHT HOLDER,3,18.75,1,0.12,0.18,Low Demand
CRYSTAL CZECH CROSS PHONE CHARM,44,34.94,8,1.76,2.64,Low Demand
CRYSTAL DIAMANTE EXPANDABLE RING,51,216.75,16,2.04,3.06,Low Demand
CRYSTAL DIAMANTE STAR BROOCH,22,108.9,11,0.88,1.32,Low Demand
CRYSTAL DRAGONFLY PHONE CHARM,3,2.55,2,0.12,0.18,Low Demand
CRYSTAL FROG PHONE CHARM,190,139.18,19,7.6,11.399999999999999,Low Demand
CRYSTAL HOOP EARRING FLORAL LEAF,36,106.20000000000002,13,1.44,2.16,Low Demand
CRYSTAL KEY+LOCK PHONE CHARM,99,84.14999999999999,12,3.96,5.9399999999999995,Low Demand
CRYSTAL LARGE JEWELLED PHOTO FRAME,22,56.099999999999994,10,0.88,1.32,Low Demand
CRYSTAL PAIR HEART HAIR SLIDES,35,131.25,15,1.4,2.0999999999999996,Low Demand
CRYSTAL SEA HORSE PHONE CHARM,276,191.76,21,11.04,16.56,Low Demand
CRYSTAL SMALL JEWELLED PHOTOFRAME,1,1.65,1,0.04,0.06,Low Demand
CRYSTAL STILETTO PHONE CHARM,297,252.45,17,11.88,17.82,Low Demand
CRYSTAL STUD EARRINGS ASSORTED COL ,1117,546.86,28,44.68,67.02,Medium Demand
CRYSTAL STUD EARRINGS CLEAR DISPLAY,576,218.88,13,23.04,34.56,Medium Demand
CUBIC MUG BLUE POLKA DOT,1249,1093.95,7,49.96,74.94,Medium Demand
CUBIC MUG FLOCK BLUE ON BROWN,1243,1019.13,24,49.72,74.58,Medium Demand
CUBIC MUG FLOCK PINK ON BROWN,139,80.13,22,5.56,8.34,Low Demand
CUBIC MUG PINK POLKA DOT,104,265.2,18,4.16,6.24,Low Demand
CUBIC MUG PINK POLKADOT,545,363.75,43,21.8,32.7,Medium Demand
CUBIC MUG TEATIME CAKES,6,15.3,1,0.24,0.36,Low Demand
CUPBOARD 3 DRAWER MA CAMPAGNE,187,2663.65,107,7.48,11.22,Low Demand
CUPCAKE LACE PAPER SET 6,3690,6837.679999999999,251,147.6,221.39999999999998,High Demand
CUPID DESIGN SCENTED CANDLES,674,1050.8,64,26.96,40.44,Medium Demand
CUPID SCENTED CANDLE IN GLASS,61,100.65,14,2.44,3.66,Low Demand
CURIO CABINET LINEN AND LACE ,36,290.1,18,1.44,2.16,Low Demand
CURIOUS  IMAGES NOTEBOOK SET,424,647.0,23,16.96,25.44,Low Demand
CURIOUS IMAGES GIFT WRAP SET,801,786.0,100,32.04,48.06,Medium Demand
CURIOUS IMAGES SCRAP BOOK SET,343,543.45,28,13.72,20.580000000000002,Low Demand
CUSHION COVER PINK UNION FLAG,101,643.35,22,4.04,6.0600000000000005,Low Demand
CUSHION COVER PINK UNION JACK,169,939.59,58,6.76,10.14,Low Demand
CUT GLASS HEXAGON T-LIGHT HOLDER,1030,1869.4,44,41.2,61.800000000000004,Medium Demand
CUT GLASS T-LIGHT HOLDER OCTAGON,1197,2189.61,64,47.88,71.82000000000001,Medium Demand
CUTE BIRD CEATURE SCREEN,28,18.48,6,1.12,1.6800000000000002,Low Demand
CUTE CATS TAPE,1196,459.20000000000005,65,47.84,71.76,Medium Demand
CUTE RABBIT CEATURE SCREEN ,15,10.89,6,0.6,0.8999999999999999,Low Demand
DADDY MOUSE RED GINGHAM BOW TIE,1,5.45,1,0.04,0.06,Low Demand
DAIRY MAID  PUDDING BOWL,1302,1882.5,44,52.08,78.12,Medium Demand
DAIRY MAID  SMALL  MILK JUG,217,455.7,55,8.68,13.02,Low Demand
DAIRY MAID BUTTER DISH,1194,1762.5,34,47.76,71.64,Medium Demand
DAIRY MAID CERAMIC BUTTER DISH,106,441.5,39,4.24,6.36,Low Demand
DAIRY MAID CERAMIC TOASTRACK,56,165.20000000000002,16,2.24,3.3600000000000003,Low Demand
DAIRY MAID LARGE MILK JUG,871,4170.75,295,34.84,52.260000000000005,Medium Demand
DAIRY MAID STRIPE MUG,2438,3229.94,144,97.52,146.28,Medium Demand
DAIRY MAID SUGAR JAM BOWL,1374,1362.6,76,54.96,82.44,Medium Demand
DAIRY MAID TOASTRACK,865,1004.47,114,34.6,51.900000000000006,Medium Demand
DAIRY MAID TRADITIONAL TEAPOT ,841,5007.150000000001,215,33.64,50.46,Medium Demand
DAISIES  HONEYCOMB GARLAND ,1478,2337.9,144,59.12,88.67999999999999,Medium Demand
DAISY ERASERS IN BAG,1015,219.76,13,40.6,60.900000000000006,Medium Demand
DAISY FOLKART HEART DECORATION,389,486.25,51,15.56,23.34,Low Demand
DAISY GARDEN MARKER,1847,2472.45,154,73.88,110.82,Medium Demand
DAISY HAIR BAND,67,110.55000000000001,10,2.68,4.0200000000000005,Low Demand
DAISY HAIR COMB,14,35.7,3,0.56,0.8400000000000001,Low Demand
DAISY JOURNAL ,407,718.6700000000001,61,16.28,24.42,Low Demand
DAISY NOTEBOOK ,3515,759.75,53,140.6,210.89999999999998,High Demand
DAISY RING,11,13.75,2,0.44,0.66,Low Demand
DAISY SKETCHBOOK ,246,610.61,59,9.84,14.76,Low Demand
DANISH ROSE BEDSIDE CABINET,31,1198.45,18,1.24,1.8599999999999999,Low Demand
DANISH ROSE DECORATIVE PLATE,1051,920.64,77,42.04,63.06,Medium Demand
DANISH ROSE DELUXE COASTER,1318,732.6999999999999,67,52.72,79.08,Medium Demand
DANISH ROSE FOLDING CHAIR,120,1210.0,29,4.8,7.199999999999999,Low Demand
DANISH ROSE PHOTO FRAME,1693,2125.95,153,67.72,101.58,Medium Demand
DANISH ROSE ROUND SEWING BOX,913,1385.29,94,36.52,54.78,Medium Demand
DANISH ROSE TRINKET TRAYS,319,829.73,49,12.76,19.14,Low Demand
DANISH ROSE UMBRELLA STAND,33,513.55,27,1.32,1.98,Low Demand
DARK BIRD HOUSE TREE DECORATION,1433,511.96999999999997,90,57.32,85.98,Medium Demand
DARK CHOCOLATE SCENTCANDLE,291,219.75,11,11.64,17.46,Low Demand
DARK PINK FLOCK GLASS CANDLEHOLDER,547,231.99,10,21.88,32.82,Medium Demand
DECORATION  BUTTERFLY  MAGIC GARDEN,1023,840.43,109,40.92,61.38,Medium Demand
DECORATION  PINK CHICK MAGIC GARDEN,775,650.43,85,31.0,46.5,Medium Demand
"DECORATION , HANGING METAL CHICKEN",601,586.25,30,24.04,36.06,Medium Demand
"DECORATION , HANGING METAL RABBIT",814,852.5,47,32.56,48.84,Medium Demand
"DECORATION , WOBBLY CHICKEN, METAL ",770,1073.1,60,30.8,46.2,Medium Demand
"DECORATION , WOBBLY RABBIT , METAL ",1093,1606.05,99,43.72,65.58,Medium Demand
"DECORATION HEN ON NEST, HANGING",1868,2769.6,125,74.72,112.08,Medium Demand
DECORATION SITTING BUNNY,1335,257.60999999999996,41,53.4,80.1,Medium Demand
DECORATION WHITE CHICK MAGIC GARDEN,1309,1096.01,142,52.36,78.53999999999999,Medium Demand
DECORATION WOBBLY CHICKEN,521,256.11,29,20.84,31.259999999999998,Medium Demand
DECORATION WOBBLY RABBIT METAL ,753,375.57,45,30.12,45.18,Medium Demand
"DECORATION, HANGING HEART+MIRROR ",2619,1695.15,168,104.76,157.14000000000001,High Demand
DECORATIVE CATS BATHROOM BOTTLE,1277,1179.01,108,51.08,76.62,Medium Demand
DECORATIVE FLORE BATHROOM BOTTLE,512,600.16,79,20.48,30.72,Medium Demand
DECORATIVE HANGING SHELVING UNIT,14,799.3000000000001,10,0.56,0.8400000000000001,Low Demand
DECORATIVE NET CANOPY CREAM,68,541.6,20,2.72,4.08,Low Demand
DECORATIVE NET CANOPY LEOPARD,73,248.75,8,2.92,4.38,Low Demand
DECORATIVE PLANT POT WITH FRIEZE,99,775.05,34,3.96,5.9399999999999995,Low Demand
DECORATIVE ROSE BATHROOM BOTTLE,1278,1136.46,106,51.12,76.67999999999999,Medium Demand
DECORATIVE VINTAGE COFFEE  BOX,47,223.05,16,1.88,2.82,Low Demand
DECORATIVE WICKER HEART LARGE,1712,2812.8,215,68.48,102.72,Medium Demand
DECORATIVE WICKER HEART MEDIUM,1761,2193.69,195,70.44,105.66,Medium Demand
DECORATIVE WICKER HEART SMALL,1492,932.28,81,59.68,89.52,Medium Demand
"DECOUPAGE,GREETING CARD,",1428,594.72,87,57.12,85.67999999999999,Medium Demand
DECROTIVEVINTAGE COFFEE GRINDER BOX,10,49.5,4,0.4,0.6000000000000001,Low Demand
DEEP BLUE GLASS GEMS IN BAG,316,208.12,16,12.64,18.96,Low Demand
DELUXE SEWING KIT ,2150,12196.02,440,86.0,129.0,Medium Demand
DENIM PATCH PENCIL CASE BUTTERFLY,247,483.33,26,9.88,14.82,Low Demand
DENIM PATCH PURSE PINK BUTTERFLY,335,552.75,88,13.4,20.1,Low Demand
DIAMANTE BOW BROOCH BLACK COLOUR,91,577.85,35,3.64,5.46,Low Demand
DIAMANTE BOW BROOCH GREEN COLOUR,47,298.45,20,1.88,2.82,Low Demand
DIAMANTE BOW BROOCH RED COLOUR,67,425.45,24,2.68,4.0200000000000005,Low Demand
DIAMANTE BOW BROOCH WHITE COLOUR,1,6.35,1,0.04,0.06,Low Demand
DIAMANTE HAIR GRIP PACK/2 BLACK DIA,17,28.05,4,0.68,1.02,Low Demand
DIAMANTE HAIR GRIP PACK/2 CRYSTAL,18,29.700000000000003,3,0.72,1.08,Low Demand
DIAMANTE HAIR GRIP PACK/2 LT ROSE,21,34.65,5,0.84,1.26,Low Demand
DIAMANTE HAIR GRIP PACK/2 MONTANA,25,41.25,7,1.0,1.5,Low Demand
DIAMANTE HAIR GRIP PACK/2 PERIDOT,26,42.900000000000006,5,1.04,1.56,Low Demand
DIAMANTE HAIR GRIP PACK/2 RUBY,24,39.6,7,0.96,1.44,Low Demand
"DIAMANTE HEART SHAPED WALL MIRROR, ",783,5020.41,127,31.32,46.980000000000004,Medium Demand
DIAMANTE NECKLACE,8,60.0,4,0.32,0.48,Low Demand
DIAMANTE NECKLACE BLACK ,3,22.5,2,0.12,0.18,Low Demand
DIAMANTE NECKLACE GREEN,3,22.5,2,0.12,0.18,Low Demand
DIAMANTE NECKLACE PURPLE,10,75.0,6,0.4,0.6000000000000001,Low Demand
DIAMANTE RING ASSORTED IN BOX.,1800,2660.88,34,72.0,108.0,Medium Demand
DIAMOND LAS VEGAS NECKLACE 45CM,9,53.550000000000004,5,0.36,0.54,Low Demand
DINOSAUR BIRTHDAY CARD,1642,678.84,110,65.68,98.52000000000001,Medium Demand
DINOSAUR HEIGHT CHART STICKER SET,547,1456.45,102,21.88,32.82,Medium Demand
DINOSAUR KEYRINGS ASSORTED,14396,2982.87,300,575.84,863.76,High Demand
DINOSAUR LUNCH BOX WITH CUTLERY,2338,5539.83,342,93.52,140.28,Medium Demand
DINOSAUR LUNCHBOX WITH CUTLERY,544,1327.8,99,21.76,32.64,Medium Demand
DINOSAUR PARTY BAG + STICKER SET,2214,3489.94,246,88.56,132.84,Medium Demand
DINOSAURS  WRITING SET ,1644,2683.84,369,65.76,98.64000000000001,Medium Demand
DINOSAURS WATER TRANSFER TATTOOS ,1782,1469.8999999999999,147,71.28,106.92,Medium Demand
DISCO BALL CHRISTMAS DECORATION,21496,2399.8,309,859.84,1289.76,High Demand
DISCO BALL ROTATOR BATTERY OPERATED,555,2354.75,214,22.2,33.3,Medium Demand
DISTRESSED CANDLE STICK WHITE,13,77.35,3,0.52,0.78,Low Demand
DO NOT TOUCH MY STUFF DOOR HANGER ,2760,1611.86,212,110.4,165.60000000000002,High Demand
DOCTOR'S BAG SOFT TOY,539,4806.93,179,21.56,32.339999999999996,Medium Demand
DOG AND BALL WALL ART,252,425.88,4,10.08,15.120000000000001,Low Demand
"DOG BOWL , CHASING BALL DESIGN",695,2537.13,118,27.8,41.7,Medium Demand
DOG BOWL CHASING BALL DESIGN,1704,6575.62,200,68.16,102.24,Medium Demand
DOG BOWL VINTAGE CREAM,444,1878.42,137,17.76,26.64,Low Demand
"DOG BOWL, ENAMEL , CREAM COLOUR",8,34.0,2,0.32,0.48,Low Demand
"DOG FOOD CONTAINER , VINTAGE",10,85.0,3,0.4,0.6000000000000001,Low Demand
DOG LICENCE WALL ART,408,2081.64,29,16.32,24.48,Low Demand
DOG TOY WITH PINK CROCHET SKIRT,445,1665.19,177,17.8,26.700000000000003,Low Demand
DOGGY RUBBER,664,139.44,62,26.56,39.839999999999996,Medium Demand
DOILEY BISCUIT TIN,120,327.59999999999997,13,4.8,7.199999999999999,Low Demand
DOILEY STORAGE TIN,1082,2934.98,112,43.28,64.92,Medium Demand
DOILY THANK YOU CARD,727,296.7,44,29.08,43.62,Medium Demand
DOLLCRAFT BOY JEAN-PAUL ,82,373.9,12,3.28,4.92,Low Demand
DOLLCRAFT GIRL AMELIE,36,178.2,8,1.44,2.16,Low Demand
DOLLCRAFT GIRL AMELIE KIT,66,294.7,8,2.64,3.96,Low Demand
DOLLCRAFT GIRL NICOLE,68,336.6,12,2.72,4.08,Low Demand
DOLLY CABINET 2 DRAWERS ,33,412.5,19,1.32,1.98,Low Demand
DOLLY CABINET 3 DRAWERS ,51,762.4499999999999,30,2.04,3.06,Low Demand
DOLLY GIRL BABY GIFT SET,421,6567.95,120,16.84,25.259999999999998,Low Demand
DOLLY GIRL CHILDRENS BOWL,1553,1854.8500000000001,141,62.12,93.17999999999999,Medium Demand
DOLLY GIRL CHILDRENS CUP,1549,1881.3899999999999,144,61.96,92.94,Medium Demand
DOLLY GIRL CHILDRENS EGG CUP,1010,1263.71,116,40.4,60.599999999999994,Medium Demand
DOLLY GIRL LUNCH BOX,17623,31443.489999999998,998,704.92,1057.3799999999999,High Demand
DOLLY GIRL MINI BACKPACK,717,2855.55,144,28.68,43.019999999999996,Medium Demand
DOLLY GIRL MINI RUCKSACK,8,33.2,2,0.32,0.48,Low Demand
DOLLY GIRL WALL ART,318,1055.94,11,12.72,19.080000000000002,Low Demand
DOLLY HONEYCOMB GARLAND,817,980.85,56,32.68,49.019999999999996,Medium Demand
DOLLY MIXTURE CHILDREN'S UMBRELLA,571,1850.13,160,22.84,34.26,Medium Demand
DOLPHIN WINDMILL,62,131.44,11,2.48,3.7199999999999998,Low Demand
DONKEY TAIL GAME ,54,189.54000000000002,4,2.16,3.24,Low Demand
DOOR HANGER  MUM + DADS ROOM,1015,1202.95,132,40.6,60.900000000000006,Medium Demand
DOOR MAT 3 SMILEY CATS,1777,9890.17,246,71.08,106.62,Medium Demand
DOOR MAT AIRMAIL ,429,3003.51,114,17.16,25.740000000000002,Low Demand
DOOR MAT BIRD ON THE WIRE,562,3337.8,121,22.48,33.72,Medium Demand
DOOR MAT BLACK FLOCK ,1222,6937.88,170,48.88,73.32000000000001,Medium Demand
DOOR MAT BLUE FLOCK,1,6.75,1,0.04,0.06,Low Demand
DOOR MAT CAMOUFLAGE,38,152.0,1,1.52,2.2800000000000002,Low Demand
DOOR MAT ENGLISH ROSE ,1448,9364.42,291,57.92,86.88,Medium Demand
DOOR MAT FAIRY CAKE,1644,10377.68,316,65.76,98.64000000000001,Medium Demand
DOOR MAT FANCY FONT HOME SWEET HOME,1117,7415.39,193,44.68,67.02,Medium Demand
DOOR MAT FRIENDSHIP ,432,2941.06,149,17.28,25.92,Low Demand
DOOR MAT GREEN PAISLEY ,255,1424.09,73,10.2,15.299999999999999,Low Demand
DOOR MAT HEARTS,1662,9774.98,281,66.48,99.72,Medium Demand
DOOR MAT KISS MY.......,13,95.15,8,0.52,0.78,Low Demand
DOOR MAT MULTICOLOUR STRIPE,1038,6278.18,192,41.52,62.28,Medium Demand
DOOR MAT NEIGHBOURHOOD WITCH ,79,565.89,35,3.16,4.74,Low Demand
DOOR MAT NEW ENGLAND,1956,12543.42,423,78.24,117.35999999999999,Medium Demand
DOOR MAT RED SPOT,2427,15100.97,369,97.08,145.62,Medium Demand
DOOR MAT RESPECTABLE HOUSE,358,2479.86,104,14.32,21.48,Low Demand
DOOR MAT SPOTTY HOME SWEET HOME,1734,10129.18,256,69.36,104.03999999999999,Medium Demand
DOOR MAT SWEET HOME,28,131.25,6,1.12,1.6800000000000002,Low Demand
DOOR MAT TOPIARY,1023,6428.79,188,40.92,61.38,Medium Demand
DOOR MAT UNION FLAG,3738,24253.68,637,149.52,224.28000000000003,High Demand
DOOR MAT UNION JACK GUNS AND ROSES,728,4569.76,163,29.12,43.68,Medium Demand
DOOR MAT WELCOME PUPPIES,1415,7842.59,229,56.6,84.9,Medium Demand
DOORKNOB CERAMIC IVORY,36,52.2,1,1.44,2.16,Low Demand
DOORKNOB CRACKED GLAZE BLUE,162,238.5,3,6.48,9.72,Low Demand
DOORKNOB CRACKED GLAZE GREEN,12,19.8,2,0.48,0.72,Low Demand
DOORKNOB CRACKED GLAZE IVORY,180,268.2,5,7.2,10.8,Low Demand
DOORKNOB CRACKED GLAZE PINK,12,19.8,2,0.48,0.72,Low Demand
DOORMAT 3 SMILEY CATS,2329,13838.97,326,93.16,139.74,Medium Demand
DOORMAT AIRMAIL ,1961,12077.17,320,78.44,117.66,Medium Demand
DOORMAT BIRD ON THE WIRE,223,1100.15,16,8.92,13.379999999999999,Low Demand
DOORMAT BLACK FLOCK ,2837,15797.76,290,113.48,170.22,High Demand
DOORMAT CHRISTMAS VILLAGE,837,4966.929999999999,113,33.48,50.22,Medium Demand
DOORMAT ENGLISH ROSE ,3204,20628.04,464,128.16,192.24,High Demand
DOORMAT FAIRY CAKE,4786,29323.2,420,191.44,287.15999999999997,High Demand
DOORMAT FANCY FONT HOME SWEET HOME,4930,30453.78,572,197.2,295.79999999999995,High Demand
DOORMAT FRIENDSHIP ,795,4099.43,58,31.8,47.7,Medium Demand
DOORMAT HEARTS,5894,35815.2,857,235.76,353.64,High Demand
DOORMAT HOME SWEET HOME BLUE ,2505,15424.51,401,100.2,150.3,High Demand
DOORMAT I LOVE LONDON,840,5207.76,148,33.6,50.400000000000006,Medium Demand
DOORMAT KEEP CALM AND COME IN,5342,35913.85,648,213.68,320.52,High Demand
DOORMAT KISS MY.......,22,106.58,2,0.88,1.32,Low Demand
DOORMAT MERRY CHRISTMAS RED ,1006,7187.54,211,40.24,60.36,Medium Demand
DOORMAT MULTICOLOUR STRIPE,2278,12580.97,193,91.12,136.68,Medium Demand
DOORMAT NEIGHBOURHOOD WITCH ,1047,5740.650000000001,127,41.88,62.82000000000001,Medium Demand
DOORMAT NEW ENGLAND,5249,32221.33,728,209.96,314.94,High Demand
DOORMAT PEACE ON EARTH BLUE,890,4865.26,85,35.6,53.400000000000006,Medium Demand
DOORMAT RED RETROSPOT,4985,33132.45,758,199.4,299.1,High Demand
DOORMAT RED SPOT,1035,7050.21,187,41.4,62.099999999999994,Medium Demand
DOORMAT RESPECTABLE HOUSE,1888,11468.54,244,75.52,113.28,Medium Demand
DOORMAT SPOTTY HOME SWEET HOME,2746,19750.97,636,109.84,164.76,High Demand
DOORMAT TOPIARY,2066,12476.34,300,82.64,123.96000000000001,Medium Demand
DOORMAT UNION FLAG,6236,40720.3,874,249.44,374.15999999999997,High Demand
DOORMAT UNION JACK GUNS AND ROSES,2099,11889.49,275,83.96,125.94,Medium Demand
DOORMAT VINTAGE LEAF,541,3766.57,121,21.64,32.46,Medium Demand
DOORMAT VINTAGE LEAVES DESIGN ,426,2833.7000000000003,88,17.04,25.56,Low Demand
DOORMAT WELCOME PUPPIES,3362,19301.36,368,134.48,201.71999999999997,High Demand
DOORMAT WELCOME SUNRISE,721,4625.65,182,28.84,43.26,Medium Demand
DOORMAT WELCOME TO OUR HOME,1937,13120.31,460,77.48,116.22,Medium Demand
DOORSTOP FOOTBALL DESIGN,563,1702.21,143,22.52,33.78,Medium Demand
DOORSTOP RACING CAR DESIGN,379,903.23,63,15.16,22.740000000000002,Low Demand
DOORSTOP RETROSPOT HEART,2741,10456.0,577,109.64,164.46,High Demand
DOORSTOP RUSSIAN DOLL GINGHAM,38,142.5,22,1.52,2.2800000000000002,Low Demand
DOORSTOP RUSSIAN DOLL RETROSPOT,101,367.23,34,4.04,6.0600000000000005,Low Demand
DOT MATRIX CANVAS ART PICTURE,35,147.05,3,1.4,2.0999999999999996,Low Demand
DOTCOM POSTAGE,16,11906.36,16,0.64,0.96,Low Demand
DOTCOMGIFTSHOP TEA TOWEL,12,19.8,1,0.48,0.72,Low Demand
DOTS IRONING BOARD COVER,13,25.35,11,0.52,0.78,Low Demand
DOTTY PLACEMATS ,52,175.8,9,2.08,3.12,Low Demand
DOUBLE CERAMIC PARLOUR HOOK,22,91.30000000000001,5,0.88,1.32,Low Demand
DOUGHNUT LIP GLOSS ,9662,11640.7,308,386.48,579.72,High Demand
DOVE DECORATION PAINTED ZINC ,4495,2048.29,150,179.8,269.70000000000005,High Demand
DRAGONS BLOOD INCENSE,924,184.04,26,36.96,55.44,Medium Demand
DRAWER KNOB ACRYLIC EDWARDIAN CLEAR,24,30.0,1,0.96,1.44,Low Demand
DRAWER KNOB ACRYLIC EDWARDIAN GREEN,24,30.0,1,0.96,1.44,Low Demand
DRAWER KNOB ACRYLIC EDWARDIAN PINK,24,30.0,1,0.96,1.44,Low Demand
DRAWER KNOB CERAMIC BLACK,947,1332.35,78,37.88,56.82000000000001,Medium Demand
DRAWER KNOB CERAMIC IVORY,2053,2889.49,165,82.12,123.18,Medium Demand
DRAWER KNOB CERAMIC RED,685,952.4499999999999,59,27.4,41.099999999999994,Medium Demand
DRAWER KNOB CRACKLE GLAZE BLUE,1085,1761.69,111,43.4,65.1,Medium Demand
DRAWER KNOB CRACKLE GLAZE GREEN,1272,2060.4,136,50.88,76.32000000000001,Medium Demand
DRAWER KNOB CRACKLE GLAZE IVORY,2084,3361.8,177,83.36,125.03999999999999,Medium Demand
DRAWER KNOB CRACKLE GLAZE PINK,1234,1997.7,136,49.36,74.03999999999999,Medium Demand
DRAWER KNOB VINTAGE GLASS BALL,317,669.61,46,12.68,19.02,Low Demand
DRAWER KNOB VINTAGE GLASS HEXAGON,287,596.96,27,11.48,17.22,Low Demand
DRAWER KNOB VINTAGE GLASS STAR,504,1019.0500000000001,53,20.16,30.240000000000002,Medium Demand
DRAWERKNOB ACRYLIC EDWARDIAN PURPLE,24,30.0,1,0.96,1.44,Low Demand
DROP DIAMANTE EARRINGS BLACK DIAMON,15,44.25,5,0.6,0.8999999999999999,Low Demand
DROP DIAMANTE EARRINGS CRYSTAL,17,50.150000000000006,6,0.68,1.02,Low Demand
DROP DIAMANTE EARRINGS GREEN,8,23.6,3,0.32,0.48,Low Demand
DROP DIAMANTE EARRINGS PURPLE,31,91.45000000000002,10,1.24,1.8599999999999999,Low Demand
DROP EARRINGS W FLOWER & LEAF,4,10.2,3,0.16,0.24,Low Demand
DUCK SOCK PUPPET,4,11.8,2,0.16,0.24,Low Demand
DUSTY PINK CHRISTMAS TREE 30CM,11,13.75,4,0.44,0.66,Low Demand
DUSTY PINK CHRISTMAS TREE 60CM,10,29.500000000000004,3,0.4,0.6000000000000001,Low Demand
Discount,196,397.89,5,7.84,11.76,Low Demand
EASTER BUNNIES ON A STICK,1536,783.96,66,61.44,92.16,Medium Demand
EASTER BUNNY GARLAND OF FLOWERS,1374,577.08,81,54.96,82.44,Medium Demand
EASTER BUNNY HANGING GARLAND,154,192.5,26,6.16,9.24,Low Demand
EASTER BUNNY WITH BASKET ON BACK,204,132.6,34,8.16,12.24,Low Demand
EASTER BUNNY WREATH,76,362.2,21,3.04,4.5600000000000005,Low Demand
EASTER CRAFT 4 CHICKS ,3004,5449.8,243,120.16,180.24,High Demand
EASTER CRAFT IVY WREATH WITH CHICK,1347,2350.65,99,53.88,80.82000000000001,Medium Demand
EASTER DECORATION EGG BUNNY ,1458,1256.68,105,58.32,87.48,Medium Demand
EASTER DECORATION HANGING BUNNY,2480,960.9,123,99.2,148.8,Medium Demand
EASTER DECORATION NATURAL CHICK,1789,1134.85,134,71.56,107.34,Medium Demand
EASTER DECORATION SITTING BUNNY,1018,824.74,110,40.72,61.08,Medium Demand
EASTER TIN BUCKET,1408,3363.6,143,56.32,84.48,Medium Demand
EASTER TIN BUNNY BOUQUET,1202,1918.5,132,48.08,72.12,Medium Demand
EASTER TIN CHICKS IN GARDEN,292,481.8,38,11.68,17.52,Low Demand
EASTER TIN CHICKS PINK DAISY,589,971.85,88,23.56,35.339999999999996,Medium Demand
EASTER TIN KEEPSAKE,1089,1732.05,112,43.56,65.34,Medium Demand
EASTER TREE YELLOW BIRDS,426,2210.1,98,17.04,25.56,Low Demand
EAU DE NIL DINER WALL CLOCK,244,2033.2,116,9.76,14.64,Low Demand
EAU DE NIL LOVE BIRD CANDLE,397,429.97,38,15.88,23.82,Low Demand
EAU DE NILE HEART SHAPE PHOTO FRAME,529,844.05,65,21.16,31.740000000000002,Medium Demand
EAU DE NILE JEWELLED PHOTOFRAME,510,1010.7,48,20.4,30.599999999999998,Medium Demand
EAU DE NILE JEWELLED T-LIGHT HOLDER,174,147.9,20,6.96,10.44,Low Demand
ECONOMY HOLIDAY PURSE,871,340.65000000000003,22,34.84,52.260000000000005,Medium Demand
ECONOMY LUGGAGE TAG,292,387.06,89,11.68,17.52,Low Demand
ECONOMY PASSPORT COVER ,200,420.0,29,8.0,12.0,Low Demand
EDWARDIAN 2 DRAWER WALL CABINET ,52,755.8,14,2.08,3.12,Low Demand
EDWARDIAN DROP EARRINGS JET BLACK,8,30.0,4,0.32,0.48,Low Demand
EDWARDIAN HEART PHOTO FRAME,147,610.0500000000001,33,5.88,8.82,Low Demand
EDWARDIAN PARASOL BLACK,9488,46676.22,788,379.52,569.28,High Demand
EDWARDIAN PARASOL NATURAL,11027,54741.46,863,441.08,661.62,High Demand
EDWARDIAN PARASOL PINK,2492,12141.210000000001,321,99.68,149.52,Medium Demand
EDWARDIAN PARASOL RED,6134,29140.670000000002,622,245.36,368.04,High Demand
EDWARDIAN PHOTO FRAME,89,556.25,31,3.56,5.34,Low Demand
EDWARDIAN TOILET ROLL UNIT ,161,838.35,29,6.44,9.66,Low Demand
EGG CUP HENRIETTA HEN CREAM ,580,664.52,28,23.2,34.8,Medium Demand
EGG CUP HENRIETTA HEN PINK,187,233.75,18,7.48,11.22,Low Demand
EGG CUP MILKMAID HEIDI,786,922.02,46,31.44,47.160000000000004,Medium Demand
EGG CUP MILKMAID HELGA ,348,435.0,31,13.92,20.88,Low Demand
EGG CUP MILKMAID INGRID,587,703.51,42,23.48,35.22,Medium Demand
EGG CUP NATURAL CHICKEN,1401,1195.89,149,56.04,84.06,Medium Demand
EGG FRYING PAN BLUE ,150,312.0,58,6.0,9.0,Low Demand
EGG FRYING PAN IVORY ,359,724.6400000000001,81,14.36,21.54,Low Demand
EGG FRYING PAN MINT ,169,351.52000000000004,60,6.76,10.14,Low Demand
EGG FRYING PAN PINK ,200,418.05,63,8.0,12.0,Low Demand
EGG FRYING PAN RED ,405,820.32,91,16.2,24.299999999999997,Low Demand
EIGHT PIECE CREEPY CRAWLIE SET,818,1017.94,119,32.72,49.08,Medium Demand
EIGHT PIECE DINOSAUR SET,1705,2090.21,188,68.2,102.30000000000001,Medium Demand
EIGHT PIECE SNAKE  SET,1067,1292.71,146,42.68,64.02,Medium Demand
ELEPHANT BIRTHDAY CARD ,1092,454.92,72,43.68,65.52,Medium Demand
ELEPHANT CARNIVAL POUFFE,134,1897.6999999999998,54,5.36,8.040000000000001,Low Demand
ELEPHANT CLIP W SUCTION CUP,34,14.28,11,1.36,2.04,Low Demand
ELEPHANT TOY WITH BLUE T-SHIRT,161,599.43,78,6.44,9.66,Low Demand
"ELEPHANT, BIRTHDAY CARD, ",6974,2815.32,398,278.96,418.43999999999994,High Demand
ELVIS WALLHANGING / CURTAIN,297,371.25,34,11.88,17.82,Low Demand
EMBOSSED FLOWER TRELLIS PHOTO FRAME,5,12.75,3,0.2,0.30000000000000004,Low Demand
EMBOSSED GLASS TEALIGHT HOLDER,4314,5231.09,289,172.56,258.84000000000003,High Demand
EMBOSSED HEART 3 DRAWER SHELF,161,2038.35,89,6.44,9.66,Low Demand
EMBOSSED HEART TRINKET BOX,225,452.34000000000003,35,9.0,13.5,Low Demand
EMBROIDERED REINDEER DECORATION,19,28.85,6,0.76,1.1400000000000001,Low Demand
EMBROIDERED RIBBON REEL CLAIRE,219,755.01,19,8.76,13.14,Low Demand
EMBROIDERED RIBBON REEL DAISY ,558,1075.3799999999999,59,22.32,33.480000000000004,Medium Demand
EMBROIDERED RIBBON REEL EMILY ,526,1050.58,85,21.04,31.56,Medium Demand
EMBROIDERED RIBBON REEL RACHEL ,358,957.8199999999999,41,14.32,21.48,Low Demand
EMBROIDERED RIBBON REEL REBECCA ,312,860.88,51,12.48,18.72,Low Demand
EMBROIDERED RIBBON REEL ROSIE,485,923.54,49,19.4,29.099999999999998,Low Demand
EMBROIDERED RIBBON REEL RUBY ,166,589.38,30,6.64,9.959999999999999,Low Demand
EMBROIDERED RIBBON REEL SALLY ,458,909.14,62,18.32,27.48,Low Demand
EMBROIDERED RIBBON REEL SOPHIE  ,292,1028.76,40,11.68,17.52,Low Demand
EMBROIDERED RIBBON REEL SUSIE ,556,1072.96,62,22.24,33.36,Medium Demand
EMERGENCY FIRST AID TIN ,2590,3209.4,294,103.6,155.39999999999998,High Demand
EMPIRE BIRTHDAY CARD,4944,1994.91,311,197.76,296.64,High Demand
EMPIRE DESIGN ROSETTE,4520,3951.42,66,180.8,271.20000000000005,High Demand
EMPIRE GIFT WRAP,8275,3361.5,260,331.0,496.5,High Demand
EMPIRE TEDDY,1,6.95,1,0.04,0.06,Low Demand
EMPIRE TISSUE BOX,3056,2167.18,242,122.24,183.35999999999999,High Demand
EMPIRE UNION JACK TV DINNER TRAY,1234,4143.82,188,49.36,74.03999999999999,Medium Demand
ENAMEL BLUE RIM BISCUIT BIN,273,1291.15,94,10.92,16.38,Low Demand
ENAMEL BLUE RIM COFFEE CONTAINER,308,448.13,50,12.32,18.48,Low Demand
ENAMEL BLUE RIM OVAL TRAY SET/2,48,407.52,38,1.92,2.88,Low Demand
ENAMEL BLUE RIM TEA CONTAINER,81,162.48,22,3.24,4.86,Low Demand
ENAMEL BOWL PANTRY,24,30.0,2,0.96,1.44,Low Demand
ENAMEL BREAD BIN CREAM,1328,15964.25,559,53.12,79.67999999999999,Medium Demand
ENAMEL CAT BOWL CREAM,52,157.8,3,2.08,3.12,Low Demand
ENAMEL COLANDER CREAM,701,3396.56,240,28.04,42.06,Medium Demand
ENAMEL COLLANDER CREAM,115,527.25,21,4.6,6.8999999999999995,Low Demand
ENAMEL DINNER PLATE PANTRY,12,19.8,1,0.48,0.72,Low Demand
ENAMEL DOG BOWL CREAM,76,300.48,3,3.04,4.5600000000000005,Low Demand
ENAMEL FIRE BUCKET CREAM,440,3042.98,158,17.6,26.400000000000002,Low Demand
ENAMEL FLOWER JUG CREAM,3072,17667.58,702,122.88,184.32,High Demand
ENAMEL JUG PANTRY,8,30.0,2,0.32,0.48,Low Demand
ENAMEL MEASURING JUG CREAM,2201,9088.29,526,88.04,132.06,Medium Demand
ENAMEL MUG PANTRY,12,15.0,1,0.48,0.72,Low Demand
ENAMEL PINK COFFEE CONTAINER,1118,1283.19,104,44.72,67.08,Medium Demand
ENAMEL PINK SUGAR CONTAINER,391,581.58,47,15.64,23.46,Low Demand
ENAMEL PINK TEA CONTAINER,1038,1298.64,110,41.52,62.28,Medium Demand
ENAMEL WASH BOWL CREAM,1195,4122.05,273,47.8,71.69999999999999,Medium Demand
ENAMEL WATERING CAN CREAM,1302,5985.74,303,52.08,78.12,Medium Demand
ENCHANTED BIRD COATHANGER 5 HOOK,2229,9456.53,437,89.16,133.74,Medium Demand
ENCHANTED BIRD PLANT CAGE,434,1471.5,112,17.36,26.04,Low Demand
ENCHANTED GARDEN WROUGHT IRON TABLE,5,74.75,4,0.2,0.30000000000000004,Low Demand
ENGLISH ROSE DESIGN PEG BAG,2267,4489.28,320,90.68,136.02,Medium Demand
ENGLISH ROSE DESIGN QUILTED THROW,306,4391.1,45,12.24,18.36,Low Demand
ENGLISH ROSE DESIGN SHOPPING BAG,1,2.55,1,0.04,0.06,Low Demand
ENGLISH ROSE EDWARDIAN PARASOL,505,1515.0,1,20.2,30.299999999999997,Medium Demand
ENGLISH ROSE GARDEN SECATEURS,2598,2803.58,263,103.92,155.88,High Demand
ENGLISH ROSE HOT WATER BOTTLE,2135,8665.16,408,85.4,128.10000000000002,Medium Demand
ENGLISH ROSE IRONING BOARD COVER,104,390.0,41,4.16,6.24,Low Demand
ENGLISH ROSE METAL WASTE BIN,148,436.6,60,5.92,8.879999999999999,Low Demand
ENGLISH ROSE MUG IN GIFT BOX,144,235.44,10,5.76,8.64,Low Demand
ENGLISH ROSE NOTEBOOK A6 SIZE,575,300.15000000000003,48,23.0,34.5,Medium Demand
ENGLISH ROSE NOTEBOOK A7 SIZE,4578,1923.58,413,183.12,274.68,High Demand
ENGLISH ROSE PHOTO FRAME ,15,69.75,7,0.6,0.8999999999999999,Low Demand
ENGLISH ROSE PLACEMATS,107,382.05,25,4.28,6.42,Low Demand
ENGLISH ROSE SCENTED HANGING FLOWER,445,459.75,60,17.8,26.700000000000003,Low Demand
ENGLISH ROSE SCENTED HANGING HEART,50,212.5,27,2.0,3.0,Low Demand
ENGLISH ROSE SCISSORS,4372,871.4,37,174.88,262.32,High Demand
ENGLISH ROSE SET/3 GARDEN TOOLS,3,23.85,2,0.12,0.18,Low Demand
ENGLISH ROSE SMALL SCENTED FLOWER,297,252.45,49,11.88,17.82,Low Demand
ENGLISH ROSE SPIRIT LEVEL ,992,946.6800000000001,105,39.68,59.519999999999996,Medium Demand
ENGLISH ROSE TABLE CLOCK,136,307.2,6,5.44,8.16,Low Demand
ENGLISH ROSE TABLE CLOTH,207,2096.55,66,8.28,12.419999999999998,Low Demand
ENGLISH ROSE TAPE MEASURE,257,316.69,47,10.28,15.419999999999998,Low Demand
ENGLISH ROSE TEA FOR ONE GIFT BOX,1,6.75,1,0.04,0.06,Low Demand
ENGLISH ROSE TEA SET IN GIFT BOX,49,207.69,15,1.96,2.94,Low Demand
ENGLISH ROSE TORCH,527,194.75,13,21.08,31.619999999999997,Medium Demand
ENVELOPE 50 BLOSSOM IMAGES,1859,1080.99,118,74.36,111.53999999999999,Medium Demand
ENVELOPE 50 CURIOUS IMAGES,941,598.61,56,37.64,56.46,Medium Demand
ENVELOPE 50 ROMANTIC IMAGES,925,600.49,53,37.0,55.5,Medium Demand
ESSENTIAL BALM 3.5g TIN IN ENVELOPE,11361,1021.86,51,454.44,681.66,High Demand
ETCHED GLASS BIRD TREE DECORATION,812,1015.0,66,32.48,48.72,Medium Demand
ETCHED GLASS COASTER,2230,1590.3799999999999,116,89.2,133.8,Medium Demand
ETCHED GLASS DROPLET DECORATION,1905,851.23,39,76.2,114.30000000000001,Medium Demand
ETCHED GLASS STAR TREE DECORATION,897,1121.25,79,35.88,53.82000000000001,Medium Demand
EUCALYPTUS & PINECONE  WREATH,756,2327.2000000000003,82,30.24,45.36,Medium Demand
F FAIRY POTPOURRI CUSHIONS LAVENDER,170,137.54,8,6.8,10.2,Low Demand
F FAIRY POTPOURRI CUSHIONS SUMMER,1,1.69,1,0.04,0.06,Low Demand
F.FAIRY S/3 CANDLE/GLASS,110,226.5,11,4.4,6.6000000000000005,Low Demand
"F.FAIRY S/3 CANDLE/GLASS, ROSE",232,476.4,15,9.28,13.919999999999998,Low Demand
"F.FAIRY S/3 CANDLE/GLASS,LAVENDER",193,380.35,9,7.72,11.58,Low Demand
"F.FAIRY S/3 CANDLE/GLASS,LILY/VALLY",177,349.15000000000003,8,7.08,10.620000000000001,Low Demand
"F.FAIRY S/3 SML CANDLE, LAVENDER",1,5.95,1,0.04,0.06,Low Demand
"F.FAIRY S/3 SML CANDLE, ROSE",1,5.95,1,0.04,0.06,Low Demand
"F.FAIRY S/3 SML CANDLE,LILY/VALLEY",1,5.95,1,0.04,0.06,Low Demand
"F.FAIRY,CANDLE IN GLASS,LAVENDER",3,12.75,2,0.12,0.18,Low Demand
"F.FAIRY,CANDLE IN GLASS,LILY/VALLEY",1,4.25,1,0.04,0.06,Low Demand
FAIRY CAKE BIRTHDAY CANDLE SET,1521,5415.75,288,60.84,91.26,Medium Demand
FAIRY CAKE CANDLES,3850,5244.02,125,154.0,231.0,High Demand
FAIRY CAKE CERAMIC BUTTER DISH,193,526.15,25,7.72,11.58,Low Demand
FAIRY CAKE DESIGN UMBRELLA,1156,4209.42,274,46.24,69.36,Medium Demand
FAIRY CAKE FLANNEL ASSORTED COLOUR,12622,23534.52,408,504.88,757.3199999999999,High Demand
FAIRY CAKE GREETINGS CARD,821,340.5,55,32.84,49.260000000000005,Medium Demand
FAIRY CAKE NOTEBOOK A5 SIZE,767,651.9499999999999,107,30.68,46.019999999999996,Medium Demand
FAIRY CAKE PLACEMATS,100,355.8,22,4.0,6.0,Low Demand
FAIRY CAKE PLACEMATS ,75,262.05,21,3.0,4.5,Low Demand
FAIRY CAKE WICKER PICNIC BASKET ,34,433.5,26,1.36,2.04,Low Demand
FAIRY CAKES  WALL THERMOMETER,28,71.39999999999999,10,1.12,1.6800000000000002,Low Demand
FAIRY CAKES GIFT BAG,117,49.14,11,4.68,7.02,Low Demand
FAIRY CAKES NOTEBOOK A6 SIZE,2588,1585.27,248,103.52,155.28,High Demand
FAIRY CAKES NOTEBOOK A7 SIZE,2882,1158.5,224,115.28,172.92000000000002,High Demand
FAIRY CAKES PHOTO FRAME,83,103.75,2,3.32,4.9799999999999995,Low Demand
FAIRY CAKES RECTANGLUAR BOXES,38,226.1,23,1.52,2.2800000000000002,Low Demand
FAIRY CAKES ROUND NESTING BOXES,52,293.8,19,2.08,3.12,Low Demand
FAIRY CAKES TABLE CLOCK,19,170.04999999999998,8,0.76,1.1400000000000001,Low Demand
FAIRY CAKES TILE COASTER,127,158.75,19,5.08,7.62,Low Demand
FAIRY DESIGN MUGS,2,2.5,1,0.08,0.12,Low Demand
FAIRY DREAMS INCENSE ,2416,491.11,67,96.64,144.96,Medium Demand
FAIRY SOAP SOAP HOLDER,1852,2988.7599999999998,226,74.08,111.12,Medium Demand
FAIRY TALE COTTAGE NIGHT LIGHT,913,1719.1499999999999,81,36.52,54.78,Medium Demand
FAIRY TALE COTTAGE NIGHTLIGHT,4739,8209.05,227,189.56,284.34000000000003,High Demand
FAMILY ALBUM WHITE PICTURE FRAME,2140,17040.74,570,85.6,128.39999999999998,Medium Demand
FAMILY PHOTO FRAME CORNICE,1150,10668.39,320,46.0,69.0,Medium Demand
FAN BLACK FRAME ,254,73.66,26,10.16,15.24,Low Demand
"FANCY FONT BIRTHDAY CARD, ",10838,4351.8,544,433.52,650.28,High Demand
FANCY FONT HOME SWEET HOME DOORMAT,622,3822.5,128,24.88,37.32,Medium Demand
FANCY FONTS BIRTHDAY WRAP,17575,7009.5,483,703.0,1054.5,High Demand
FANNY'S REST STOPMETAL SIGN,2352,4779.3,354,94.08,141.12,Medium Demand
FAUX FUR CHOCOLATE THROW,90,1534.5,46,3.6,5.4,Low Demand
FAWN AND MUSHROOM GREETING CARD,1124,472.08,82,44.96,67.44,Medium Demand
FAWN BLUE HOT WATER BOTTLE,7832,22658.2,834,313.28,469.91999999999996,High Demand
"FEATHER DUSTER, COAL BLACK",170,212.5,26,6.8,10.2,Low Demand
"FEATHER DUSTER, LIGHT PINK",10,12.5,6,0.4,0.6000000000000001,Low Demand
FEATHER HEART LIGHTS,1,2.95,1,0.04,0.06,Low Demand
"FEATHER PEN,COAL BLACK",3927,2381.83,175,157.08,235.62,High Demand
"FEATHER PEN,HOT PINK",6120,3826.8799999999997,247,244.8,367.20000000000005,High Demand
"FEATHER PEN,LIGHT PINK",3286,2055.36,164,131.44,197.16,High Demand
FELT EGG COSY BLUE RABBIT ,1197,981.5699999999999,108,47.88,71.82000000000001,Medium Demand
FELT EGG COSY CHICKEN,1752,1492.32,185,70.08,105.12,Medium Demand
FELT EGG COSY LADYBIRD ,728,489.44,43,29.12,43.68,Medium Demand
FELT EGG COSY WHITE RABBIT ,1761,1419.37,150,70.44,105.66,Medium Demand
FELT FARM ANIMAL CHICKEN,855,1036.83,83,34.2,51.300000000000004,Medium Demand
FELT FARM ANIMAL HEN,480,360.96,33,19.2,28.799999999999997,Low Demand
FELT FARM ANIMAL RABBIT,1116,1004.52,71,44.64,66.96000000000001,Medium Demand
FELT FARM ANIMAL SHEEP,323,244.39,25,12.92,19.38,Low Demand
FELT FARM ANIMAL WHITE BUNNY ,1824,883.56,88,72.96,109.44,Medium Demand
FELT TOADSTOOL  SMALL,1029,874.65,87,41.16,61.739999999999995,Medium Demand
FELT TOADSTOOL LARGE,1307,1597.27,112,52.28,78.42,Medium Demand
FELTCRAFT 6 FLOWER FRIENDS,12373,24656.19,1189,494.92,742.38,High Demand
FELTCRAFT BOY JEAN-PAUL KIT,354,1735.98,117,14.16,21.240000000000002,Low Demand
FELTCRAFT BUTTERFLY HEARTS,12930,17689.3,1026,517.2,775.8000000000001,High Demand
FELTCRAFT CHRISTMAS FAIRY,3446,14142.18,547,137.84,206.76,High Demand
FELTCRAFT CUSHION BUTTERFLY,5554,19586.68,679,222.16,333.24,High Demand
FELTCRAFT CUSHION OWL,5511,19848.46,771,220.44,330.65999999999997,High Demand
FELTCRAFT CUSHION RABBIT,5585,19892.66,677,223.4,335.1,High Demand
FELTCRAFT DOLL EMILY,3728,10383.660000000002,578,149.12,223.68,High Demand
FELTCRAFT DOLL MARIA,1367,3755.7100000000005,276,54.68,82.02,Medium Demand
FELTCRAFT DOLL MOLLY,7253,19480.43,701,290.12,435.18,High Demand
FELTCRAFT DOLL ROSIE,4836,13496.660000000002,691,193.44,290.15999999999997,High Demand
FELTCRAFT GIRL AMELIE KIT,987,4824.13,255,39.48,59.22,Medium Demand
FELTCRAFT GIRL NICOLE KIT,646,3174.7400000000002,170,25.84,38.76,Medium Demand
FELTCRAFT HAIRBAND PINK AND BLUE,2009,1688.9299999999998,235,80.36,120.53999999999999,Medium Demand
FELTCRAFT HAIRBAND PINK AND PURPLE,2711,2218.5499999999997,242,108.44,162.66,High Demand
FELTCRAFT HAIRBAND RED AND BLUE,1863,1564.83,239,74.52,111.78,Medium Demand
"FELTCRAFT HAIRBAND S/2, PINK/PURPLE",96,81.6,8,3.84,5.76,Low Demand
"FELTCRAFT HAIRBAND, S/2, RED/BLUE",204,154.68,6,8.16,12.24,Low Demand
FELTCRAFT HAIRBANDS PINK + WHITE ,72,61.199999999999996,6,2.88,4.32,Low Demand
FELTCRAFT HAIRBANDS PINK AND WHITE ,1866,1584.54,214,74.64,111.96000000000001,Medium Demand
FELTCRAFT PRINCESS CHARLOTTE DOLL,3516,12816.58,621,140.64,210.95999999999998,High Demand
FELTCRAFT PRINCESS LOLA DOLL,3146,11495.76,597,125.84,188.76,High Demand
FELTCRAFT PRINCESS OLIVIA DOLL,2259,8205.29,414,90.36,135.54,Medium Demand
FENG SHUI PILLAR CANDLE,6402,1216.3799999999999,118,256.08,384.12,High Demand
FILIGREE DIAMANTE CHAIN,4,51.0,2,0.16,0.24,Low Demand
FILIGREE DIAMANTE EARRINGS,21,89.25,11,0.84,1.26,Low Demand
FILIGREE HEART BIRD WHITE ,1397,1726.3,78,55.88,83.82000000000001,Medium Demand
FILIGREE HEART BUTTERFLY WHITE ,1592,1947.06,87,63.68,95.52,Medium Demand
FILIGREE HEART DAISY WHITE,1199,1478.59,71,47.96,71.94,Medium Demand
FILIGREE WALL MIRROR  ANTIQUE WHITE,92,848.8,26,3.68,5.5200000000000005,Low Demand
FILIGRIS HEART WITH BUTTERFLY,10710,12959.14,482,428.4,642.5999999999999,High Demand
FINE SILVER NECKLACE W PASTEL FLOWE,35,228.75,13,1.4,2.0999999999999996,Low Demand
FINE WICKER HEART ,4819,5791.1900000000005,345,192.76,289.14,High Demand
FIRE POLISHED GLASS BRACELET BLACK,14,52.5,3,0.56,0.8400000000000001,Low Demand
FIRE POLISHED GLASS BRACELET GREEN,22,82.5,5,0.88,1.32,Low Demand
FIRE POLISHED GLASS BRACELET MONTAN,13,48.75,3,0.52,0.78,Low Demand
FIRE POLISHED GLASS BRACELET RED,7,26.25,2,0.28,0.42000000000000004,Low Demand
FIRE POLISHED GLASS NECKL BRONZE,12,71.4,7,0.48,0.72,Low Demand
FIRE POLISHED GLASS NECKL GOLD,7,41.65,4,0.28,0.42000000000000004,Low Demand
FIRE POLISHED GLASS NECKL GREEN,18,107.10000000000001,7,0.72,1.08,Low Demand
FIRE POLISHED GLASS NECKL SILVER,7,41.65,3,0.28,0.42000000000000004,Low Demand
FIRST AID TIN,3449,10932.35,442,137.96,206.94,High Demand
FIRST CLASS HOLIDAY PURSE ,697,394.27000000000004,25,27.88,41.82,Medium Demand
FIRST CLASS LUGGAGE TAG ,341,417.13,84,13.64,20.46,Low Demand
FIRST CLASS PASSPORT COVER ,452,863.88,74,18.08,27.119999999999997,Low Demand
FIVE CATS HANGING DECORATION,453,1332.8700000000001,96,18.12,27.18,Low Demand
FIVE HEART HANGING DECORATION,1501,4399.150000000001,286,60.04,90.06,Medium Demand
FLAG OF ST GEORGE ,382,630.3,44,15.28,22.919999999999998,Low Demand
FLAG OF ST GEORGE CAR FLAG,978,389.76,46,39.12,58.67999999999999,Medium Demand
FLAG OF ST GEORGE CHAIR,73,352.75,14,2.92,4.38,Low Demand
FLAMES SUNGLASSES PINK LENSES,73,135.15,19,2.92,4.38,Low Demand
FLAMINGO LIGHTS,527,2416.85,76,21.08,31.619999999999997,Medium Demand
FLAT GLASS  BAUBLE WHITE FLOCK ,36,51.0,5,1.44,2.16,Low Demand
FLAT PALM T-LIGHT HOLDER,133,156.65,24,5.32,7.98,Low Demand
FLOOR CUSHION ELEPHANT CARNIVAL,107,935.65,47,4.28,6.42,Low Demand
FLOOR LAMP SHADE WOOD BASE,114,919.58,22,4.56,6.84,Low Demand
FLORAL BATHROOM SET,2317,1050.51,37,92.68,139.02,Medium Demand
FLORAL BLUE MONSTER,83,336.25,26,3.32,4.9799999999999995,Low Demand
FLORAL DINOSAUR GREEN,26,110.5,12,1.04,1.56,Low Demand
FLORAL ELEPHANT SOFT TOY,883,3451.25,116,35.32,52.980000000000004,Medium Demand
FLORAL FOLK STATIONERY SET,2067,3208.4,282,82.68,124.02000000000001,Medium Demand
FLORAL PINK MONSTER,113,412.23,25,4.52,6.779999999999999,Low Demand
FLORAL SOFT CAR TOY,123,461.25,34,4.92,7.38,Low Demand
FLOWER BLUE CLOCK W/SUCKER,80,68.0,15,3.2,4.800000000000001,Low Demand
FLOWER BLUE CLOCK WITH SUCKER,117,33.93,8,4.68,7.02,Low Demand
FLOWER BROOCH 4 ASSORTED COLOURS,5,24.75,3,0.2,0.30000000000000004,Low Demand
FLOWER BURST SILVER RING CRYSTAL,96,335.0,21,3.84,5.76,Low Demand
FLOWER BURST SILVER RING GREEN,15,56.25,8,0.6,0.8999999999999999,Low Demand
FLOWER BURST SILVER RING MIDN'T BLU,25,93.75,11,1.0,1.5,Low Demand
FLOWER BURST SILVER RING OPAL,39,146.25,14,1.56,2.34,Low Demand
FLOWER BURST SILVER RING ROSE,18,67.5,7,0.72,1.08,Low Demand
FLOWER DES BLUE HANDBAG/ORANG HANDL,3,11.25,2,0.12,0.18,Low Demand
FLOWER FAIRY 5 DRAWER LINERS,60,153.0,20,2.4,3.5999999999999996,Low Demand
FLOWER FAIRY 5 SUMMER DRAW LINERS,6,15.3,1,0.24,0.36,Low Demand
FLOWER FAIRY INCENSE BOUQUET,1256,589.94,36,50.24,75.36,Medium Demand
FLOWER FAIRY INCENSE LAVENDER,4541,892.91,16,181.64,272.46,High Demand
FLOWER FAIRY INCENSE LILY,709,333.61,13,28.36,42.54,Medium Demand
FLOWER FAIRY INCENSE ROSE,3124,661.23,15,124.96,187.44,High Demand
"FLOWER FAIRY MUG+COASTER,LAVENDER",16,60.0,8,0.64,0.96,Low Demand
"FLOWER FAIRY MUG+COASTER,ROSE",6,22.5,1,0.24,0.36,Low Demand
FLOWER FAIRY OIL BURNER SET ROSE,588,750.0,13,23.52,35.28,Medium Demand
FLOWER FAIRY OIL BURNER SET SUMMER,533,693.25,13,21.32,31.98,Medium Demand
FLOWER FAIRY POTPOURRI CUSHION LILY,292,201.24,5,11.68,17.52,Low Demand
FLOWER FAIRY SET 3 CANDLES LAVENDER,302,660.9,29,12.08,18.12,Low Demand
FLOWER FAIRY SET OF 3 LILY CANDLES,206,417.7,8,8.24,12.36,Low Demand
FLOWER FAIRY SUMMER BOUQUET SACHET,355,149.1,23,14.2,21.299999999999997,Low Demand
"FLOWER FAIRY,5 SUMMER B'DRAW LINERS",261,665.55,61,10.44,15.66,Low Demand
FLOWER GARLAND NECKLACE RED,21,166.95000000000002,14,0.84,1.26,Low Demand
"FLOWER GLASS GARLAND NECKL.36""BLACK",35,278.25,12,1.4,2.0999999999999996,Low Demand
"FLOWER GLASS GARLAND NECKL.36""BLUE",22,174.9,8,0.88,1.32,Low Demand
"FLOWER GLASS GARLAND NECKL.36""GREEN",17,135.15,9,0.68,1.02,Low Demand
"FLOWER GLASS GARLD NECKL36""AMETHYST",18,143.1,11,0.72,1.08,Low Demand
"FLOWER GLASS GARLD NECKL36""TURQUOIS",13,103.35000000000001,4,0.52,0.78,Low Demand
FLOWER PENCIL/RUBBER+5 MINI PENCILS,493,207.06,20,19.72,29.58,Low Demand
FLOWER PURPLE CLOCK W/SUCKER,17,14.45,7,0.68,1.02,Low Demand
FLOWER PURPLE CLOCK WITH SUCKER,16,4.64,3,0.64,0.96,Low Demand
FLOWER SHOP DESIGN MUG,1,1.65,1,0.04,0.06,Low Demand
FLOWER VINE RAFFIA FOOD COVER,1028,3750.9300000000003,266,41.12,61.67999999999999,Medium Demand
FLOWER WINDMILL,219,255.51000000000002,18,8.76,13.14,Low Demand
FLOWERS  STICKERS,1120,802.66,98,44.8,67.19999999999999,Medium Demand
FLOWERS AND BIRDS WALL PLAQUE,2,15.9,1,0.08,0.12,Low Demand
FLOWERS CHANDELIER T-LIGHT HOLDER,866,2789.66,36,34.64,51.96,Medium Demand
FLOWERS HANDBAG blue and orange,49,61.25,3,1.96,2.94,Low Demand
FLOWERS TILE COASTER,1104,472.34,48,44.16,66.24,Medium Demand
FLOWERS TILE HOOK,489,203.34,24,19.56,29.339999999999996,Low Demand
FLOWERS WALL THERMOMETER,75,130.05,3,3.0,4.5,Low Demand
FLUTED ANTIQUE CANDLE HOLDER,3072,2524.1,171,122.88,184.32,High Demand
FLYING PIG WATERING CAN,451,1114.45,92,18.04,27.06,Low Demand
FLYING SAUCER TABLE LIGHT IN WHITE,191,563.45,7,7.64,11.459999999999999,Low Demand
FOLDING BUTTERFLY MIRROR HOT PINK ,1839,1427.99,128,73.56,110.34,Medium Demand
FOLDING BUTTERFLY MIRROR IVORY ,735,597.7800000000001,100,29.4,44.099999999999994,Medium Demand
FOLDING BUTTERFLY MIRROR RED  ,1252,961.2800000000001,89,50.08,75.12,Medium Demand
FOLDING CAMPING SCISSOR W/KNIF & S,44,5.279999999999999,4,1.76,2.64,Low Demand
FOLDING MIRROR HOT PINK ,156,118.92000000000002,5,6.24,9.36,Low Demand
FOLDING MIRROR IVORY ,18,14.940000000000001,2,0.72,1.08,Low Demand
FOLDING MIRROR RED  ,18,14.940000000000001,2,0.72,1.08,Low Demand
FOLDING SHIRT TIDY,1,4.65,1,0.04,0.06,Low Demand
FOLDING SHOE TIDY,48,132.0,8,1.92,2.88,Low Demand
FOLDING UMBRELLA  CHOC/WHITE  SPOT,524,2023.8,40,20.96,31.44,Medium Demand
FOLDING UMBRELLA  CREAM/MULTI  SPOT,372,1193.4,47,14.88,22.32,Low Demand
FOLDING UMBRELLA  PINK/WHITE  SPOT,578,1493.1000000000001,43,23.12,34.68,Medium Demand
FOLDING UMBRELLA  WHITE/RED  SPOT,259,922.05,26,10.36,15.54,Low Demand
"FOLDING UMBRELLA , BLACK/BLUE  SPOT",772,3035.4,62,30.88,46.32,Medium Demand
"FOLDING UMBRELLA , RED/WHITE SPOT",902,2808.9,90,36.08,54.12,Medium Demand
FOLDING UMBRELLA BLACKBLUE POLKADOT,185,922.97,70,7.4,11.100000000000001,Low Demand
FOLDING UMBRELLA CHOCOLATE POLKADOT,120,593.41,39,4.8,7.199999999999999,Low Demand
FOLDING UMBRELLA CREAM POLKADOT,181,890.35,42,7.24,10.86,Low Demand
FOLDING UMBRELLA PINKWHITE POLKADOT,119,585.66,44,4.76,7.14,Low Demand
FOLDING UMBRELLA RED/WHITE POLKADOT,315,1560.28,94,12.6,18.9,Low Demand
FOLDING UMBRELLA WHITE/RED POLKADOT,102,499.3,28,4.08,6.12,Low Demand
"FOLK ART GREETING CARD,pack/12",72,212.4,24,2.88,4.32,Low Demand
FOLK ART METAL HEART T-LIGHT HOLDER,725,273.16,56,29.0,43.5,Medium Demand
FOLK ART METAL STAR T-LIGHT HOLDER,810,319.2,59,32.4,48.599999999999994,Medium Demand
FOLK FELT HANGING MULTICOL GARLAND,984,1246.8,31,39.36,59.04,Medium Demand
FOLKART BAUBLE CHRISTMAS DECORATION,1339,671.51,40,53.56,80.34,Medium Demand
FOLKART CHRISTMAS TREE T-LIGHT HOLD,244,92.72,20,9.76,14.64,Low Demand
FOLKART CLIP ON STARS,1008,488.7,56,40.32,60.480000000000004,Medium Demand
FOLKART CROWN TABLE DECORATIONS,452,380.04,40,18.08,27.119999999999997,Low Demand
FOLKART HEART CHRISTMAS DECORATIONS,1,1.25,1,0.04,0.06,Low Demand
FOLKART HEART NAPKIN RINGS,378,722.22,82,15.12,22.68,Low Demand
FOLKART STAR CHRISTMAS DECORATIONS,3361,1712.4099999999999,106,134.44,201.66,High Demand
FOLKART ZINC CLIP ON ANGEL WINGS,104,39.519999999999996,11,4.16,6.24,Low Demand
FOLKART ZINC HEART CHRISTMAS DEC,10734,8300.22,397,429.36,644.04,High Demand
FOLKART ZINC STAR CHRISTMAS DEC,1114,946.9,69,44.56,66.84,Medium Demand
FOOD CONTAINER SET 3 LOVE HEART ,5032,8976.82,496,201.28,301.92,High Demand
"FOOD COVER WITH BEADS , SET 2 SIZES",3,11.25,1,0.12,0.18,Low Demand
FOOD COVER WITH BEADS SET 2 ,980,3556.42,121,39.2,58.800000000000004,Medium Demand
FOOD/DRINK SPONGE STICKERS,2190,459.9,62,87.6,131.39999999999998,Medium Demand
FOOD/DRINK SPUNGE STICKERS,759,158.19,20,30.36,45.54,Medium Demand
FOOT STOOL HOME SWEET HOME ,434,4069.9,176,17.36,26.04,Low Demand
FORKED CACTUS CANDLE,317,727.9300000000001,55,12.68,19.02,Low Demand
FOUR HOOK  WHITE LOVEBIRDS,3781,7563.51,608,151.24,226.86,High Demand
FOUR PICTURE WHITE GLASS FRAME,23,86.25,10,0.92,1.3800000000000001,Low Demand
FOUR RABBIT EASTER DECORATIONS,1065,275.25,20,42.6,63.900000000000006,Medium Demand
FRAPPUCINO SCARF KNITTING KIT,539,812.63,75,21.56,32.339999999999996,Medium Demand
FREESTYLE CANVAS ART PICTURE,134,216.5,28,5.36,8.040000000000001,Low Demand
FRENCH BATHROOM SIGN BLUE METAL,2739,4409.07,298,109.56,164.34,High Demand
FRENCH BLUE METAL DOOR SIGN 0,569,710.65,74,22.76,34.14,Medium Demand
FRENCH BLUE METAL DOOR SIGN 1,1132,1418.64,154,45.28,67.92,Medium Demand
FRENCH BLUE METAL DOOR SIGN 2,942,1177.51,124,37.68,56.519999999999996,Medium Demand
FRENCH BLUE METAL DOOR SIGN 3,804,1007.43,113,32.16,48.239999999999995,Medium Demand
FRENCH BLUE METAL DOOR SIGN 4,697,873.07,102,27.88,41.82,Medium Demand
FRENCH BLUE METAL DOOR SIGN 5,801,1002.47,107,32.04,48.06,Medium Demand
FRENCH BLUE METAL DOOR SIGN 6,653,818.07,86,26.12,39.18,Medium Demand
FRENCH BLUE METAL DOOR SIGN 7,658,823.11,85,26.32,39.480000000000004,Medium Demand
FRENCH BLUE METAL DOOR SIGN 8,600,751.82,83,24.0,36.0,Medium Demand
FRENCH BLUE METAL DOOR SIGN 9,494,616.9,66,19.76,29.64,Low Demand
FRENCH BLUE METAL DOOR SIGN No,911,1062.2,81,36.44,54.66,Medium Demand
"FRENCH BLUE METAL DOOR SIGN, 0",460,575.0,53,18.4,27.599999999999998,Low Demand
"FRENCH BLUE METAL DOOR SIGN, 1",560,700.0,67,22.4,33.599999999999994,Medium Demand
"FRENCH BLUE METAL DOOR SIGN, 2",493,616.25,65,19.72,29.58,Low Demand
"FRENCH BLUE METAL DOOR SIGN, 3",486,607.5,59,19.44,29.160000000000004,Low Demand
"FRENCH BLUE METAL DOOR SIGN, 4",465,581.25,54,18.6,27.900000000000002,Low Demand
"FRENCH BLUE METAL DOOR SIGN, 5",466,582.5,56,18.64,27.96,Low Demand
"FRENCH BLUE METAL DOOR SIGN, 6",422,527.5,46,16.88,25.32,Low Demand
"FRENCH BLUE METAL DOOR SIGN, 7",438,547.5,53,17.52,26.28,Low Demand
"FRENCH BLUE METAL DOOR SIGN, 8",447,558.75,54,17.88,26.82,Low Demand
"FRENCH BLUE METAL DOOR SIGN, 9",442,552.5,49,17.68,26.52,Low Demand
"FRENCH BLUE METAL DOOR SIGN, No",337,421.25,35,13.48,20.22,Low Demand
"FRENCH BOTTLE , LAVENDER",422,677.1,55,16.88,25.32,Low Demand
"FRENCH BOTTLE, BRASSERIE DES ARTIST",282,446.09999999999997,35,11.28,16.919999999999998,Low Demand
FRENCH CARRIAGE LANTERN,132,858.9000000000001,54,5.28,7.92,Low Demand
FRENCH CHATEAU LARGE FRUIT BOWL ,269,621.75,25,10.76,16.14,Low Demand
FRENCH CHATEAU LARGE PLATTER ,191,546.45,40,7.64,11.459999999999999,Low Demand
FRENCH CHATEAU OVAL PLATTER,213,547.35,29,8.52,12.78,Low Demand
FRENCH CHATEAU SMALL FRUITBOWL,429,646.65,32,17.16,25.740000000000002,Low Demand
FRENCH EMROIDR LAVENDER SCENT HEART,329,690.9,55,13.16,19.740000000000002,Low Demand
FRENCH ENAMEL CANDLEHOLDER,1854,3686.19,277,74.16,111.24,Medium Demand
FRENCH ENAMEL POT W LID,849,2101.61,159,33.96,50.94,Medium Demand
FRENCH ENAMEL SOAP DISH WITH LID,48,100.8,1,1.92,2.88,Low Demand
FRENCH ENAMEL UTENSIL HOLDER,327,1171.85,79,13.08,19.62,Low Demand
FRENCH ENAMEL WATER BASIN,537,1659.06,142,21.48,32.22,Medium Demand
FRENCH FLORAL CUSHION COVER ,978,1358.8999999999999,72,39.12,58.67999999999999,Medium Demand
FRENCH GARDEN SIGN BLUE METAL,1308,1612.34,168,52.32,78.48,Medium Demand
FRENCH KITCHEN SIGN BLUE METAL,2149,2603.66,226,85.96,128.94,Medium Demand
FRENCH LATTICE CUSHION COVER ,469,452.27,45,18.76,28.14,Low Demand
FRENCH LAUNDRY SIGN BLUE METAL,1649,2650.61,190,65.96,98.94,Medium Demand
FRENCH LAVENDER SCENT HEART,982,870.15,77,39.28,58.92,Medium Demand
FRENCH PAISLEY CUSHION COVER,224,250.00000000000003,22,8.96,13.440000000000001,Low Demand
FRENCH PAISLEY CUSHION COVER ,513,591.79,60,20.52,30.78,Medium Demand
FRENCH STYLE EMBOSSED HEART CABINET,49,1056.6,40,1.96,2.94,Low Demand
FRENCH STYLE STORAGE JAR BONBONS,2338,695.06,74,93.52,140.28,Medium Demand
FRENCH STYLE STORAGE JAR CAFE ,1982,819.4599999999999,70,79.28,118.92,Medium Demand
FRENCH STYLE STORAGE JAR JAM,323,116.58999999999999,30,12.92,19.38,Low Demand
FRENCH STYLE WALL DRESSER,15,1740.0,12,0.6,0.8999999999999999,Low Demand
FRENCH STYLE WIRE DOOR CABINET ,1,29.95,1,0.04,0.06,Low Demand
FRENCH TOILET SIGN BLUE METAL,2288,2767.73,243,91.52,137.28,Medium Demand
FRENCH WC SIGN BLUE METAL,4339,5206.36,315,173.56,260.34000000000003,High Demand
FRESHWATER PEARL BRACELET GOLD,27,68.85,7,1.08,1.62,Low Demand
FRESHWATER PEARL BRACELET IVORY,35,89.25,8,1.4,2.0999999999999996,Low Demand
FRESHWATER PEARL BRACELET PINK,15,38.25,5,0.6,0.8999999999999999,Low Demand
FRIDGE MAGNETS LA VIE EN ROSE,1452,1187.3999999999999,81,58.08,87.12,Medium Demand
FRIDGE MAGNETS LES ENFANTS ASSORTED,1581,1281.4499999999998,84,63.24,94.86,Medium Demand
FRIDGE MAGNETS US DINER ASSORTED,2004,1623.3,99,80.16,120.24,Medium Demand
FROG CANDLE,928,719.62,69,37.12,55.67999999999999,Medium Demand
FROG KING WATERING CAN,187,467.65000000000003,44,7.48,11.22,Low Demand
FROG SOCK PUPPET,172,495.40000000000003,45,6.88,10.32,Low Demand
FROSTED BOX 9 WHITE T-LIGHT CANDLES,3700,1470.84,193,148.0,222.0,High Demand
FROSTED GLASS WITH SILVER SURROUND,9,14.85,1,0.36,0.54,Low Demand
FROSTED WHITE BASE ,442,221.35,36,17.68,26.52,Low Demand
FRUIT SALAD BAG CHARM,44,74.36,11,1.76,2.64,Low Demand
FRUIT TREE AND BIRDS WALL PLAQUE,254,723.3000000000001,24,10.16,15.24,Low Demand
FRYING PAN BLUE POLKADOT,142,510.5,54,5.68,8.52,Low Demand
FRYING PAN BLUE POLKADOT ,267,1062.75,50,10.68,16.02,Low Demand
FRYING PAN BLUE RETROSPOT,3,12.75,2,0.12,0.18,Low Demand
FRYING PAN PINK POLKADOT,568,2175.04,108,22.72,34.08,Medium Demand
FRYING PAN PINK POLKADOT ,600,2483.0,120,24.0,36.0,Medium Demand
FRYING PAN PINK RETROSPOT,6,25.5,2,0.24,0.36,Low Demand
FRYING PAN RED POLKADOT ,1154,4451.46,142,46.16,69.24,Medium Demand
FRYING PAN RED RETROSPOT,537,1942.75,131,21.48,32.22,Medium Demand
FRYING PAN UNION FLAG,2920,11523.36,324,116.8,175.2,High Demand
FULL ENGLISH BREAKFAST PLATE,2939,10555.89,389,117.56,176.34,High Demand
FUNKY DIVA PEN,10345,8712.91,196,413.8,620.7,High Demand
FUNKY FLOWER COFFEE POT,2,7.5,1,0.08,0.12,Low Demand
FUNKY FLOWER PICNIC BAG FOR 4,7,118.65,5,0.28,0.42000000000000004,Low Demand
FUNKY GIRL ADDRESS BOOK,271,128.21,7,10.84,16.259999999999998,Low Demand
FUNKY GIRLZ ASST MAGNETIC MEMO PAD,366,237.9,30,14.64,21.96,Low Demand
FUNKY GIRLZ MAGNETIC TO DO LIST ,8,5.2,3,0.32,0.48,Low Demand
FUNKY MONKEY CUSHION COVER,324,275.4,35,12.96,19.44,Low Demand
FUNKY MONKEY GIFT BAG MEDIUM,1602,435.24,53,64.08,96.12,Medium Demand
FUNKY MONKEY GIFT BAG SMALL,1274,121.86,7,50.96,76.44,Medium Demand
FUNKY MONKEY MUG,711,699.15,66,28.44,42.660000000000004,Medium Demand
FUNKY WASHING UP GLOVES ASSORTED,2834,5857.92,408,113.36,170.04,High Demand
FUSCHIA FLOWER PURSE WITH BEADS,209,219.67000000000002,23,8.36,12.54,Low Demand
FUSCHIA RETRO BAR STOOL,44,1657.8,17,1.76,2.64,Low Demand
FUSCHIA TABLE RUN FLOWER ,29,46.25,7,1.16,1.7399999999999998,Low Demand
FUSCHIA VOILE POINTY SHOE DEC,104,63.959999999999994,16,4.16,6.24,Low Demand
FUSCHIA/GREEN STRIPE WOOLLY BLANKET,77,497.15,8,3.08,4.62,Low Demand
GAOLERS KEYS DECORATIVE GARDEN ,2707,9110.65,460,108.28,162.42000000000002,High Demand
GARAGE KEY FOB,733,491.15,115,29.32,43.980000000000004,Medium Demand
GARDEN METAL SIGN ,2393,3641.25,256,95.72,143.57999999999998,Medium Demand
GARDEN PATH JOURNAL,929,1729.21,130,37.16,55.739999999999995,Medium Demand
GARDEN PATH NOTEBOOK ,3600,900.0,80,144.0,216.0,High Demand
GARDEN PATH POCKET BOOK,5489,1274.45,59,219.56,329.34000000000003,High Demand
GARDEN PATH SKETCHBOOK,481,1368.48,123,19.24,28.86,Low Demand
GARDENERS KNEELING PAD,5369,6337.33,449,214.76,322.14,High Demand
GARDENERS KNEELING PAD CUP OF TEA ,6303,9963.39,635,252.12,378.18,High Demand
GARDENERS KNEELING PAD KEEP CALM ,7740,12493.48,756,309.6,464.40000000000003,High Demand
GARDENIA 1 WICK MORRIS BOXED CANDLE,624,2367.92,155,24.96,37.44,Medium Demand
GARDENIA 3 WICK MORRIS BOXED CANDLE,626,2167.42,154,25.04,37.56,Medium Demand
"GARLAND , WOODEN  "" HAPPY EASTER""",103,128.75,9,4.12,6.18,Low Demand
GARLAND WITH HEARTS AND BELLS,629,3071.55,124,25.16,37.74,Medium Demand
GARLAND WITH STARS AND BELLS,505,2449.3500000000004,87,20.2,30.299999999999997,Medium Demand
GARLAND WOODEN HAPPY EASTER,3733,4391.81,326,149.32,223.98,High Demand
"GARLAND, MAGIC GARDEN 1.8M",623,1171.6499999999999,68,24.92,37.38,Medium Demand
"GARLAND, VINTAGE BELLS",92,265.88,10,3.68,5.5200000000000005,Low Demand
GEISHA GIRL CHOPSTICKS SET/5,117,228.15,12,4.68,7.02,Low Demand
GEMSTONE CHANDELIER T-LIGHT HOLDER,78,347.7,7,3.12,4.68,Low Demand
GENTLEMAN SHIRT REPAIR KIT ,2973,2399.13,150,118.92,178.38,High Demand
GEORGIAN TRINKET BOX,142,1694.0,59,5.68,8.52,Low Demand
GERANIUM FOLKART HEART DECORATION,49,61.25,12,1.96,2.94,Low Demand
GERANIUM SQUARE HANDY TIN,41,51.25,11,1.64,2.46,Low Demand
GIANT 50'S CHRISTMAS CRACKER,2635,6926.11,310,105.4,158.10000000000002,High Demand
GIANT BLACK SUNGLASSES,84,163.79999999999998,31,3.36,5.04,Low Demand
GIANT MEDINA STAMPED METAL BOWL ,230,2184.1,74,9.2,13.799999999999999,Low Demand
GIANT PINK HEART MEMO HOLDER,112,442.40000000000003,44,4.48,6.720000000000001,Low Demand
GIANT SEVENTEEN DRAWER SIDEBOARD,8,1240.0,6,0.32,0.48,Low Demand
GIFT BAG BIRTHDAY,1184,769.7800000000001,76,47.36,71.03999999999999,Medium Demand
GIFT BAG LARGE 50'S CHRISTMAS,24,30.0,2,0.96,1.44,Low Demand
GIFT BAG LARGE SPOT ,96,120.0,6,3.84,5.76,Low Demand
GIFT BAG LARGE VINTAGE CHRISTMAS,148,185.0,9,5.92,8.879999999999999,Low Demand
GIFT BAG PSYCHEDELIC APPLES,1348,876.5600000000001,103,53.92,80.88,Medium Demand
GIN & TONIC DIET GREETING CARD ,7125,2914.02,436,285.0,427.5,High Demand
GIN + TONIC DIET METAL SIGN,19958,41373.380000000005,1385,798.32,1197.48,High Demand
GIN AND TONIC DIET METAL SIGN,474,1118.46,37,18.96,28.44,Low Demand
GIN AND TONIC MUG,6257,7678.51,455,250.28,375.42,High Demand
GINGERBREAD MAN COOKIE CUTTER,8220,9840.41,610,328.8,493.20000000000005,High Demand
GINGHAM BABUSHKA DOORSTOP,279,657.61,60,11.16,16.740000000000002,Low Demand
GINGHAM HEART  DOORSTOP RED,1978,7281.34,507,79.12,118.68,Medium Demand
GINGHAM HEART DECORATION,6263,5700.83,406,250.52,375.78000000000003,High Demand
GINGHAM HEART WREATH,226,650.7,41,9.04,13.559999999999999,Low Demand
GINGHAM OVEN GLOVE RED HEART ,227,851.25,80,9.08,13.620000000000001,Low Demand
GINGHAM RECIPE BOOK BOX,413,1986.75,103,16.52,24.78,Low Demand
GINGHAM ROSE WRAP,3565,1465.3,121,142.6,213.89999999999998,High Demand
GIRAFFE WOODEN RULER,3710,6820.74,234,148.4,222.60000000000002,High Demand
GIRLS ALPHABET IRON ON PATCHES ,34657,6644.37,72,1386.28,2079.42,High Demand
GIRLS VINTAGE TIN SEASIDE BUCKET,3239,7592.37,317,129.56,194.34,High Demand
GIRLY PINK TOOL SET,286,1331.7,57,11.44,17.16,Low Demand
GLAMOROUS  MUG,5061,5029.25,285,202.44,303.65999999999997,High Demand
GLASS  BEURRE DISH,2037,7708.950000000001,345,81.48,122.22,Medium Demand
GLASS  SONGBIRD STORAGE JAR,165,1965.3,69,6.6,9.899999999999999,Low Demand
GLASS AND BEADS BRACELET IVORY,13,48.75,3,0.52,0.78,Low Demand
GLASS AND PAINTED BEADS BRACELET OL,10,37.5,2,0.4,0.6000000000000001,Low Demand
GLASS AND PAINTED BEADS BRACELET TO,18,67.5,4,0.72,1.08,Low Demand
GLASS APOTHECARY BOTTLE ELIXIR,800,2959.6800000000003,160,32.0,48.0,Medium Demand
GLASS APOTHECARY BOTTLE PERFUME,1017,3775.4900000000002,198,40.68,61.019999999999996,Medium Demand
GLASS APOTHECARY BOTTLE TONIC,866,3215.0400000000004,180,34.64,51.96,Medium Demand
GLASS BEAD HOOP EARRINGS AMETHYST,12,35.400000000000006,6,0.48,0.72,Low Demand
GLASS BEAD HOOP EARRINGS BLACK,6,17.700000000000003,3,0.24,0.36,Low Demand
GLASS BEAD HOOP EARRINGS GREEN,4,11.8,2,0.16,0.24,Low Demand
GLASS BEAD HOOP EARRINGS MONTANA,7,20.650000000000002,4,0.28,0.42000000000000004,Low Demand
GLASS BEAD HOOP NECKLACE AMETHYST,10,85.0,8,0.4,0.6000000000000001,Low Demand
GLASS BEAD HOOP NECKLACE BLACK,8,68.0,6,0.32,0.48,Low Demand
GLASS BEAD HOOP NECKLACE GREEN,7,59.5,5,0.28,0.42000000000000004,Low Demand
GLASS BEAD HOOP NECKLACE MONTANA,7,59.5,6,0.28,0.42000000000000004,Low Demand
GLASS BELL JAR LARGE,4,34.0,1,0.16,0.24,Low Demand
GLASS BELL JAR SMALL,8,31.6,1,0.32,0.48,Low Demand
GLASS BON BON JAR,2136,3497.22,134,85.44,128.16,Medium Demand
GLASS BONBON JAR PARFUME AUX FLEURE,575,693.48,88,23.0,34.5,Medium Demand
GLASS BONBON JAR. D'AMANDES,101,126.25,25,4.04,6.0600000000000005,Low Demand
GLASS BONBON JAR. SUPERFINES,90,112.5,21,3.6,5.4,Low Demand
GLASS BONNE JAM JAR,118,480.1,25,4.72,7.08,Low Demand
GLASS CAKE COVER AND PLATE,329,5272.549999999999,141,13.16,19.740000000000002,Low Demand
GLASS CAKE STAND,111,1606.6499999999999,56,4.44,6.66,Low Demand
GLASS CAKE STAND MIRRORED BASE,69,987.55,30,2.76,4.14,Low Demand
GLASS CHALICE BLUE  LARGE ,108,245.25,13,4.32,6.48,Low Demand
GLASS CHALICE BLUE SMALL ,938,783.6,77,37.52,56.28,Medium Demand
GLASS CHALICE GREEN  LARGE ,358,726.6600000000001,36,14.32,21.48,Low Demand
GLASS CHALICE GREEN  SMALL ,474,640.26,48,18.96,28.44,Low Demand
GLASS CHICKEN BUTTER DISH,291,451.35,24,11.64,17.46,Low Demand
GLASS CLOCHE LARGE,443,3509.65,75,17.72,26.58,Low Demand
GLASS CLOCHE SMALL,956,3489.48,143,38.24,57.36,Medium Demand
GLASS ETCHED T-LIGHT HOLDER LARGE,1208,2407.8,100,48.32,72.48,Medium Demand
GLASS ETCHED T-LIGHT HOLDER MEDIUM,874,1639.5,72,34.96,52.44,Medium Demand
GLASS HEART T-LIGHT HOLDER ,5971,4444.389999999999,258,238.84,358.26,High Demand
GLASS HONEYPOT WASP CATCHER,2863,5100.45,292,114.52,171.78,High Demand
GLASS JAR DAISY FRESH COTTON WOOL,1541,4260.35,264,61.64,92.46000000000001,Medium Demand
GLASS JAR DIGESTIVE BISCUITS,1902,5583.1,224,76.08,114.12,Medium Demand
GLASS JAR ENGLISH CONFECTIONERY,2307,6316.650000000001,302,92.28,138.42000000000002,Medium Demand
GLASS JAR KINGS CHOICE,1200,3676.12,147,48.0,72.0,Medium Demand
GLASS JAR MARMALADE ,736,2037.2400000000002,128,29.44,44.160000000000004,Medium Demand
GLASS JAR PEACOCK BATH SALTS,679,1955.93,177,27.16,40.74,Medium Demand
"GLASS JAR, ENGLISH CONFECTIONERY",2,5.9,1,0.08,0.12,Low Demand
"GLASS JAR, KINGS CHOICE SOAP",42,123.9,8,1.68,2.52,Low Demand
GLASS SONGBIRD STORAGE JAR,11,126.7,3,0.44,0.66,Low Demand
GLASS SPHERE CANDLE STAND LARGE ,299,562.45,13,11.96,17.94,Low Demand
GLASS SPHERE CANDLE STAND MEDIUM,331,1192.15,64,13.24,19.86,Low Demand
GLASS STAR FROSTED T-LIGHT HOLDER,1209,5681.1900000000005,259,48.36,72.53999999999999,Medium Demand
GLASS TWIST BON BON JAR,69,512.85,19,2.76,4.14,Low Demand
GLASS WINE GLASS DECORATIONS,30,37.5,9,1.2,1.7999999999999998,Low Demand
GLITTER BUTTERFLY CLIPS,4275,10091.25,499,171.0,256.5,High Demand
GLITTER CHRISTMAS HEART ,1907,1602.23,132,76.28,114.42,Medium Demand
GLITTER CHRISTMAS STAR ,3870,2248.88,231,154.8,232.20000000000002,High Demand
GLITTER CHRISTMAS TREE,1756,1129.6599999999999,121,70.24,105.35999999999999,Medium Demand
GLITTER CHRISTMAS TREE WITH BELLS,989,1297.09,97,39.56,59.34,Medium Demand
GLITTER HANGING BUTTERFLY STRING,4728,9409.19,404,189.12,283.68,High Demand
GLITTER HEART DECORATION,2435,1056.73,129,97.4,146.10000000000002,Medium Demand
GLITTER HEART GARLAND WITH BELLS ,778,2867.21,134,31.12,46.68,Medium Demand
GLITTER SNOW PEAR TREE DECORATION,1803,1291.83,101,72.12,108.18,Medium Demand
GLITTER STAR GARLAND WITH BELLS ,666,2465.1,107,26.64,39.96,Medium Demand
GLOW IN DARK DOLPHINS,515,105.63,62,20.6,30.900000000000002,Medium Demand
GOLD  CHERRY LIGHTS,300,1817.0,51,12.0,18.0,Low Demand
GOLD 2 STRAND NECKLACE-LEAF CHARMS,3,22.5,2,0.12,0.18,Low Demand
GOLD APERITIF GLASS,173,209.36,8,6.92,10.379999999999999,Low Demand
GOLD CHRISTMAS STOCKING DECORATION,1,1.95,1,0.04,0.06,Low Demand
GOLD COSMETIC BAG PINK STAR,47,98.7,15,1.88,2.82,Low Demand
GOLD COSMETICS BAG WITH BUTTERFLY,19,39.900000000000006,10,0.76,1.1400000000000001,Low Demand
GOLD DIAMANTE STAR BROOCH,10,49.5,6,0.4,0.6000000000000001,Low Demand
GOLD EAR MUFF HEADPHONES,84,404.52000000000004,41,3.36,5.04,Low Demand
GOLD FABRIC MIRROR,460,226.74,31,18.4,27.599999999999998,Low Demand
GOLD FISHING GNOME,98,478.61,28,3.92,5.88,Low Demand
GOLD FLOWER CUSHION COVER ,24,123.6,7,0.96,1.44,Low Demand
GOLD JEWELERY BOX,20,92.0,3,0.8,1.2000000000000002,Low Demand
GOLD M PEARL  ORBIT NECKLACE,18,179.1,13,0.72,1.08,Low Demand
GOLD M.O.P ORBIT BRACELET,11,54.45,7,0.44,0.66,Low Demand
GOLD M.O.P ORBIT DROP EARRINGS,16,68.0,10,0.64,0.96,Low Demand
GOLD M.O.P. ORBIT NECKLACE,2,5.9,2,0.08,0.12,Low Demand
GOLD MINI TAPE MEASURE ,1564,1139.0,101,62.56,93.84,Medium Demand
GOLD MUG BONE CHINA TREE OF LIFE,1213,1746.61,101,48.52,72.78,Medium Demand
GOLD PHOTO FRAME,400,607.4399999999999,51,16.0,24.0,Low Demand
GOLD PRINT PAPER BAG,433,87.78999999999999,18,17.32,25.98,Low Demand
GOLD SCROLL GLASS T-LIGHT HOLDER,190,368.22,22,7.6,11.399999999999999,Low Demand
GOLD STANDING GNOME,253,910.25,28,10.12,15.18,Low Demand
GOLD TEDDY BEAR,79,211.25,22,3.16,4.74,Low Demand
GOLD WASHBAG,1789,404.59,24,71.56,107.34,Medium Demand
GOLD WINE GLASS,360,1229.04,6,14.4,21.6,Low Demand
GOLD WINE GOBLET,256,534.96,17,10.24,15.36,Low Demand
GOLD/AMBER DROP EARRINGS W LEAF,34,100.30000000000001,6,1.36,2.04,Low Demand
GOLD/M.O.P PENDANT ORBIT NECKLACE,22,187.0,17,0.88,1.32,Low Demand
GOLDIE LOOKING MIRROR,26,128.70000000000002,10,1.04,1.56,Low Demand
GOTHIC CARRIAGE LANTERN,8,47.6,4,0.32,0.48,Low Demand
GRAND CHOCOLATECANDLE,19727,26508.95,823,789.08,1183.6200000000001,High Demand
GRASS HOPPER WOODEN WALL CLOCK ,347,601.69,39,13.88,20.82,Low Demand
GREEN  DIAMANTE PEN IN GIFT BOX,252,448.2,22,10.08,15.120000000000001,Low Demand
GREEN  SPOTTY PLATE ,1293,2093.0099999999998,131,51.72,77.58,Medium Demand
GREEN 3 PIECE MINI DOTS CUTLERY SET,1887,6766.29,226,75.48,113.22,Medium Demand
GREEN 3 PIECE POLKADOT CUTLERY SET,1597,5765.55,152,63.88,95.82000000000001,Medium Demand
GREEN 3 TIER GLASS PLATE STAND,74,509.9,18,2.96,4.4399999999999995,Low Demand
GREEN BIRDHOUSE DECORATION,887,565.0699999999999,80,35.48,53.22,Medium Demand
GREEN BITTY LIGHT CHAIN,143,299.91,26,5.72,8.58,Low Demand
GREEN BLUE FLOWER PIGGY BANK,241,472.65,23,9.64,14.46,Low Demand
GREEN CAT FLORAL CUSHION COVER ,288,420.0,12,11.52,17.28,Low Demand
GREEN CHENILLE SHAGGY C/COVER,1,1.95,1,0.04,0.06,Low Demand
GREEN CHENILLE SHAGGY RUG,43,126.85,3,1.72,2.58,Low Demand
GREEN CHERRY LIGHTS,524,3100.2000000000003,76,20.96,31.44,Medium Demand
GREEN CHRISTMAS TREE CARD HOLDER,2022,6008.0199999999995,290,80.88,121.32,Medium Demand
GREEN CHRISTMAS TREE STRING 20LIGHT,462,2127.3,70,18.48,27.72,Low Demand
GREEN CRYSTAL DROP EARRINGS,6,17.700000000000003,1,0.24,0.36,Low Demand
GREEN DRAWER KNOB ACRYLIC EDWARDIAN,2192,2668.96,170,87.68,131.52,Medium Demand
GREEN DROP EARRINGS W BEAD CLUSTER,6,20.1,2,0.24,0.36,Low Demand
GREEN EASTER EGG HUNT START POST,96,187.2,20,3.84,5.76,Low Demand
GREEN ENAMEL FLOWER HAIR TIE,9,26.550000000000004,4,0.36,0.54,Low Demand
GREEN ENAMEL FLOWER RING,83,244.85000000000002,16,3.32,4.9799999999999995,Low Demand
GREEN ENAMEL+GLASS HAIR COMB,249,455.7,18,9.96,14.940000000000001,Low Demand
GREEN FERN JOURNAL ,706,1368.01,117,28.24,42.36,Medium Demand
GREEN FERN NOTEBOOK,3428,856.2,76,137.12,205.68,High Demand
GREEN FERN POCKET BOOK,5685,821.8499999999999,44,227.4,341.1,High Demand
GREEN FERN SKETCHBOOK ,422,1194.21,111,16.88,25.32,Low Demand
GREEN FLORAL FELTCRAFT SHOULDER BAG,37,138.75,14,1.48,2.2199999999999998,Low Demand
GREEN GEISHA GIRL ,59,221.25,21,2.36,3.54,Low Demand
GREEN GIANT GARDEN THERMOMETER,450,2605.5,140,18.0,27.0,Low Demand
GREEN GINGHAM FLOWER JEWELLERY BOX,1417,2290.0499999999997,225,56.68,85.02,Medium Demand
GREEN GLASS TASSLE BAG CHARM,50,147.5,17,2.0,3.0,Low Demand
GREEN GOOSE FEATHER CHRISTMAS TREE ,245,834.7500000000001,43,9.8,14.700000000000001,Low Demand
GREEN GOOSE FEATHER TREE 60CM,290,589.5,44,11.6,17.4,Low Demand
GREEN HEART COMPACT MIRROR,329,426.25,27,13.16,19.740000000000002,Low Demand
GREEN HEART OF GLASS BRACELET,24,142.8,9,0.96,1.44,Low Demand
GREEN JUICY FRUIT PHOTO FRAME,419,1036.05,97,16.76,25.14,Low Demand
GREEN KASHMIRI BOXED MIRROR,23,276.0,2,0.92,1.3800000000000001,Low Demand
GREEN KASHMIRI OCCASIONAL TABLE,9,419.85,4,0.36,0.54,Low Demand
GREEN LEAVES AND BEADS PHONE CHARM,14,17.5,3,0.56,0.8400000000000001,Low Demand
GREEN METAL BOX ARMY SUPPLIES,438,3482.64,111,17.52,26.28,Low Demand
GREEN METAL BOX TOP SECRET,16,132.0,4,0.64,0.96,Low Demand
GREEN METAL SWINGING BUNNY,905,766.13,81,36.2,54.300000000000004,Medium Demand
GREEN MINI TAPE MEASURE ,1585,1270.55,65,63.4,95.1,Medium Demand
GREEN MURANO TWIST BRACELET,61,259.25,17,2.44,3.66,Low Demand
GREEN MURANO TWIST NECKLACE,14,139.29999999999998,8,0.56,0.8400000000000001,Low Demand
GREEN PAIR HEART HAIR SLIDES,12,45.0,3,0.48,0.72,Low Demand
GREEN PENDANT TRIPLE SHELL NECKLACE,7,34.65,4,0.28,0.42000000000000004,Low Demand
GREEN PEONY CUSHION COVER,255,403.75,12,10.2,15.299999999999999,Low Demand
GREEN PEONY DES C/COVER,10,46.5,4,0.4,0.6000000000000001,Low Demand
GREEN PICNIC BARBECUE BUCKET,78,531.3,18,3.12,4.68,Low Demand
GREEN POLKADOT BOWL,1634,1975.31,184,65.36,98.03999999999999,Medium Demand
GREEN POLKADOT CUP,111,94.35,10,4.44,6.66,Low Demand
GREEN POLKADOT PLATE ,1163,1874.9099999999999,123,46.52,69.78,Medium Demand
GREEN POP ART MAO CUSHION COVER ,292,55.480000000000004,22,11.68,17.52,Low Demand
GREEN REGENCY TEACUP AND SAUCER,8745,24191.590000000004,933,349.8,524.7,High Demand
GREEN ROSE CUSHION COVER,246,502.20000000000005,19,9.84,14.76,Low Demand
GREEN ROSE QUILT ,10,453.5,8,0.4,0.6000000000000001,Low Demand
GREEN ROSE WASHBAG,878,2242.5,84,35.12,52.67999999999999,Medium Demand
GREEN ROUND COMPACT MIRROR,227,296.25,15,9.08,13.620000000000001,Low Demand
GREEN SPOTTY BOWL,1509,1831.53,176,60.36,90.53999999999999,Medium Demand
GREEN SPOTTY CUP,2032,1664.8,205,81.28,121.92,Medium Demand
GREEN SQUARE COMPACT MIRROR,371,491.25,35,14.84,22.259999999999998,Low Demand
GREEN STONE/CRYSTAL EARRINGS,2,5.9,2,0.08,0.12,Low Demand
GREEN SWEETHEART BRACELET,173,723.25,53,6.92,10.379999999999999,Low Demand
GREEN VINTAGE EARRINGS ,35,131.25,10,1.4,2.0999999999999996,Low Demand
GREEN VINTAGE SPOT BEAKER,4505,4261.889999999999,134,180.2,270.29999999999995,High Demand
GREEN WIRE GOBLET CANDLEHOLDER,8,63.6,5,0.32,0.48,Low Demand
GREEN WIRE STANDING CANDLE HOLDER,57,213.75,27,2.28,3.42,Low Demand
GREEN WITH METAL BAG CHARM,29,143.55,6,1.16,1.7399999999999998,Low Demand
GREEN/BLUE CERAMIC CANDLE HOLDER,17,28.049999999999997,7,0.68,1.02,Low Demand
GREEN/BLUE FLOWER DESIGN BIG MUG,27,21.45,10,1.08,1.62,Low Demand
"GREETING CARD, BLACKPOOL ROCK",12,2.28,1,0.48,0.72,Low Demand
"GREETING CARD, OVERCROWDED POOL.",361,68.58999999999999,34,14.44,21.66,Low Demand
"GREETING CARD, RITA",312,59.279999999999994,31,12.48,18.72,Low Demand
"GREETING CARD, STICKY GORDON",231,43.88999999999999,22,9.24,13.86,Low Demand
"GREETING CARD, THE BLACK CAT",60,25.2,4,2.4,3.5999999999999996,Low Demand
"GREETING CARD, TWO SISTERS.",132,25.08,14,5.28,7.92,Low Demand
"GREETING CARD,SQUARE, DOUGHNUTS",238,101.6,20,9.52,14.28,Low Demand
GREY ACRYLIC FACETED BANGLE,79,182.65,12,3.16,4.74,Low Demand
GREY FLORAL FELTCRAFT SHOULDER BAG,1110,4097.34,272,44.4,66.6,Medium Demand
GREY HEART HOT WATER BOTTLE,5909,22032.62,913,236.36,354.54,High Demand
GROOVY CACTUS INFLATABLE,303,124.60999999999999,26,12.12,18.18,Low Demand
GROW A FLYTRAP OR SUNFLOWER IN TIN,17266,18828.98,281,690.64,1035.96,High Demand
GROW YOUR OWN BASIL IN ENAMEL MUG,2593,5379.3,390,103.72,155.57999999999998,High Demand
GROW YOUR OWN FLOWERS SET OF 3,869,4741.11,164,34.76,52.14,Medium Demand
GROW YOUR OWN HERBS SET OF 3,666,5088.54,238,26.64,39.96,Medium Demand
GROW YOUR OWN PLANT IN A CAN ,9203,11262.07,328,368.12,552.1800000000001,High Demand
GUMBALL COAT RACK,11852,27051.530000000002,928,474.08,711.12,High Demand
"GUMBALL COATHOOK., BLACK & WHITE ",20,25.0,4,0.8,1.2000000000000002,Low Demand
GUMBALL MAGAZINE RACK,788,5786.54,225,31.52,47.28,Medium Demand
GUMBALL MONOCHROME COAT RACK,1233,1386.21,105,49.32,73.98,Medium Demand
GYMKHANA TREASURE BOOK BOX,1634,3426.83,156,65.36,98.03999999999999,Medium Demand
GYMKHANNA TREASURE BOOK BOX,120,261.84000000000003,14,4.8,7.199999999999999,Low Demand
HAIRCLIPS FORTIES FABRIC ASSORTED,3005,1666.21,163,120.2,180.3,High Demand
HALL CABINET WITH 3 DRAWERS,191,6417.219999999999,11,7.64,11.459999999999999,Low Demand
HAND OPEN SHAPE BLACK,16,55.84,5,0.64,0.96,Low Demand
HAND OPEN SHAPE DECO.WHITE,840,2426.2200000000003,108,33.6,50.400000000000006,Medium Demand
HAND OPEN SHAPE GOLD,645,1886.55,60,25.8,38.7,Medium Demand
HAND OPEN SHAPE PINK,2,6.98,2,0.08,0.12,Low Demand
HAND OVER THE CHOCOLATE   SIGN ,16404,31138.050000000003,1300,656.16,984.24,High Demand
HAND PAINTED HANGING EASTER EGG,22,9.24,3,0.88,1.32,Low Demand
HAND TOWEL PALE BLUE W FLOWERS,233,532.35,30,9.32,13.98,Low Demand
HAND TOWEL PINK FLOWER AND DAISY,210,347.4,18,8.4,12.600000000000001,Low Demand
HAND WARMER BABUSHKA DESIGN,7105,11196.53,479,284.2,426.29999999999995,High Demand
HAND WARMER BIRD DESIGN,12458,25071.13,907,498.32,747.48,High Demand
HAND WARMER OWL DESIGN,14623,29433.430000000004,1058,584.92,877.3799999999999,High Demand
HAND WARMER RED LOVE HEART,3762,7660.200000000001,371,150.48,225.71999999999997,High Demand
HAND WARMER RED POLKA DOT,2712,5101.2,46,108.48,162.72,High Demand
HAND WARMER RED RETROSPOT,8313,16768.02,675,332.52,498.78,High Demand
HAND WARMER SCOTTY DOG DESIGN,12554,25251.36,939,502.16,753.24,High Demand
HAND WARMER UNION JACK,9340,18807.960000000003,790,373.6,560.4000000000001,High Demand
HANGING  BUTTERFLY T-LIGHT HOLDER,1322,1541.62,66,52.88,79.32000000000001,Medium Demand
HANGING BAUBLE T-LIGHT HOLDER LARGE,241,691.75,60,9.64,14.46,Low Demand
HANGING BAUBLE T-LIGHT HOLDER SMALL,654,1457.5500000000002,63,26.16,39.24,Medium Demand
HANGING BUTTERFLY  EGG,1121,912.29,58,44.84,67.26,Medium Demand
HANGING CHICK  YELLOW DECORATION,1096,1531.6,89,43.84,65.76,Medium Demand
HANGING CHICK CREAM DECORATION,1246,1806.6999999999998,91,49.84,74.76,Medium Demand
HANGING CHICK GREEN DECORATION,822,1191.8999999999999,83,32.88,49.32000000000001,Medium Demand
HANGING CLEAR MINI BOTTLE,1710,1012.02,34,68.4,102.60000000000001,Medium Demand
HANGING ENGRAVED METAL HEART,277,1149.5500000000002,71,11.08,16.62,Low Demand
HANGING FAIRY CAKE DECORATION,2008,3564.9,100,80.32,120.47999999999999,Medium Demand
"HANGING FLOWERS+MIRROR,BLUE",527,200.26000000000002,5,21.08,31.619999999999997,Medium Demand
"HANGING FLOWERS+MIRROR,CLEAR",235,117.05,8,9.4,14.100000000000001,Low Demand
"HANGING FLOWERS+MIRROR,PINK",324,136.44,3,12.96,19.44,Low Demand
HANGING GLASS ETCHED TEALIGHT,1374,2180.7000000000003,107,54.96,82.44,Medium Demand
HANGING HEART BASKET,145,265.14,16,5.8,8.7,Low Demand
HANGING HEART BONHEUR,591,499.22999999999996,57,23.64,35.46,Medium Demand
HANGING HEART JAR T-LIGHT HOLDER,19216,22321.06,1087,768.64,1152.96,High Demand
HANGING HEART MIRROR DECORATION ,2713,1760.45,213,108.52,162.78,High Demand
HANGING HEART WITH BELL,4113,1907.83,138,164.52,246.78000000000003,High Demand
HANGING HEART ZINC T-LIGHT HOLDER,25767,20113.02,1141,1030.68,1546.02,High Demand
HANGING HEN ON NEST DECORATION,795,1311.75,87,31.8,47.7,Medium Demand
HANGING JAM JAR T-LIGHT HOLDER,29831,23239.43,815,1193.24,1789.8600000000001,High Demand
HANGING JAM JAR T-LIGHT HOLDERS,2413,1867.33,69,96.52,144.78,Medium Demand
HANGING MEDINA LANTERN LARGE,708,2218.25,54,28.32,42.480000000000004,Medium Demand
HANGING MEDINA LANTERN SMALL,954,2457.9,126,38.16,57.239999999999995,Medium Demand
HANGING METAL BIRD BATH,347,2685.45,119,13.88,20.82,Low Demand
HANGING METAL CHICKEN DECORATION,126,157.5,19,5.04,7.5600000000000005,Low Demand
HANGING METAL HEART LANTERN,7541,11782.15,645,301.64,452.46,High Demand
HANGING METAL RABBIT DECORATION,453,566.25,39,18.12,27.18,Low Demand
HANGING METAL STAR LANTERN,4483,6917.53,386,179.32,268.98,High Demand
HANGING MINI COLOURED BOTTLES,3370,2000.2199999999998,55,134.8,202.20000000000002,High Demand
HANGING PHOTO CLIP ROPE LADDER,1655,2585.83,99,66.2,99.30000000000001,Medium Demand
HANGING QUILTED PATCHWORK APPLES,1215,1003.1700000000001,82,48.6,72.9,Medium Demand
HANGING RIDGE GLASS T-LIGHT HOLDER,1308,2034.8400000000001,70,52.32,78.48,Medium Demand
HANGING SPRING FLOWER EGG LARGE,1715,1401.59,109,68.6,102.89999999999999,Medium Demand
HANGING SPRING FLOWER EGG SMALL,1680,783.8,95,67.2,100.80000000000001,Medium Demand
HANGING SPRING FLOWER HEART SMALL,3,1.9500000000000002,2,0.12,0.18,Low Demand
HANGING WOOD AND FELT BUTTERFLY ,1091,455.34,111,43.64,65.46000000000001,Medium Demand
HANGING WOOD AND FELT FLOWER,2156,365.64,78,86.24,129.35999999999999,Medium Demand
HANGING WOOD AND FELT HEART,753,314.82,90,30.12,45.18,Medium Demand
HAPPY ANNIVERSARY CANDLE LETTERS,175,69.18,14,7.0,10.5,Low Demand
HAPPY BIRTHDAY CARD STRIPEY TEDDY,28,5.32,6,1.12,1.6800000000000002,Low Demand
HAPPY BIRTHDAY CARD TEDDY/CAKE,10,1.9,3,0.4,0.6000000000000001,Low Demand
HAPPY BIRTHDAY GINGER CAT CARD,2,0.38,1,0.08,0.12,Low Demand
HAPPY EASTER HANGING DECORATION,638,2340.66,129,25.52,38.28,Medium Demand
HAPPY STENCIL CRAFT,5926,6842.65,481,237.04,355.56,High Demand
HARDMAN MUG 3 ASSORTED,64,24.96,12,2.56,3.84,Low Demand
HAWAIIAN GRASS SKIRT ,664,926.71,63,26.56,39.839999999999996,Medium Demand
HEADS AND TAILS SPORTING FUN,3370,3941.85,375,134.8,202.20000000000002,High Demand
HEART BEADED TRELLIS DECORATION,244,507.52000000000004,39,9.76,14.64,Low Demand
HEART BUTTONS JEWELLERY BOX,41,313.65000000000003,22,1.64,2.46,Low Demand
HEART CALCULATOR,2154,2560.28,216,86.16,129.24,Medium Demand
HEART DECORATION PAINTED ZINC ,8096,4935.4,336,323.84,485.76,High Demand
HEART DECORATION RUSTIC HANGING ,5417,1607.99,219,216.68,325.02,High Demand
HEART DECORATION WITH PEARLS ,5882,4956.67,414,235.28,352.92,High Demand
HEART EAR MUFF HEADPHONES,131,663.75,34,5.24,7.86,Low Demand
HEART FILIGREE DOVE  SMALL,16698,20234.1,707,667.92,1001.8799999999999,High Demand
HEART FILIGREE DOVE LARGE,8482,13717.02,620,339.28,508.91999999999996,High Demand
HEART GARLAND RUSTIC PADDED,937,2706.55,133,37.48,56.22,Medium Demand
HEART IVORY TRELLIS LARGE,9666,15630.58,739,386.64,579.96,High Demand
HEART IVORY TRELLIS SMALL,13182,16140.34,646,527.28,790.92,High Demand
HEART MEASURING SPOONS LARGE,84,138.6,5,3.36,5.04,Low Demand
HEART MEASURING SPOONS SMALL,12,10.2,1,0.48,0.72,Low Demand
HEART MINI PORTRAIT FRAME,510,990.9,81,20.4,30.599999999999998,Medium Demand
HEART MIRROR ANTIQUE WHITE,351,2269.14,71,14.04,21.06,Low Demand
HEART OF WICKER LARGE,17866,52157.68000000001,1743,714.64,1071.96,High Demand
HEART OF WICKER SMALL,27182,45020.95,1779,1087.28,1630.92,High Demand
HEART SHAPE BUTTON FRAME ,100,150.0,7,4.0,6.0,Low Demand
HEART SHAPE WIRELESS DOORBELL,835,1576.38,137,33.4,50.099999999999994,Medium Demand
HEART SHAPED HOLLY WREATH,942,3933.1800000000003,165,37.68,56.519999999999996,Medium Demand
HEART SHAPED MIRROR,1948,3083.32,167,77.92,116.88,Medium Demand
HEART STRING MEMO HOLDER HANGING,971,1598.69,104,38.84,58.260000000000005,Medium Demand
HEART T-LIGHT HOLDER,2105,1127.8899999999999,62,84.2,126.30000000000001,Medium Demand
HEART T-LIGHT HOLDER ,659,953.15,71,26.36,39.54,Medium Demand
HEART T-LIGHT HOLDER WILLIE WINKIE,928,1533.8400000000001,97,37.12,55.67999999999999,Medium Demand
HEART TRELLIS TRIPLE T-LIGHT HOLDER,118,331.42,20,4.72,7.08,Low Demand
HEART TRELLISTRIPLE T-LIGHT HOLDER,56,152.24,5,2.24,3.3600000000000003,Low Demand
HEART WOODEN CHRISTMAS DECORATION,4952,4208.42,309,198.08,297.12,High Demand
HEART WREATH DECORATION WITH BELL,2167,2567.63,144,86.68,130.02,Medium Demand
HEARTS  STICKERS,2016,1714.3799999999999,197,80.64,120.96000000000001,Medium Demand
HEARTS GIFT TAPE,1376,528.88,93,55.04,82.56,Medium Demand
HEARTS PENCIL/RUBBER+5 MINI PENCILS,169,70.98,10,6.76,10.14,Low Demand
HEARTS WRAPPING TAPE ,632,229.36,46,25.28,37.92,Medium Demand
HEAVENS SCENT FRAGRANCE OILS ASSTD,1211,299.34999999999997,23,48.44,72.66,Medium Demand
HELLO SAILOR BATHROOM SET,1496,678.8,26,59.84,89.76,Medium Demand
HELLO SAILOR BLUE SOAP HOLDER,444,724.4399999999999,68,17.76,26.64,Low Demand
HEN & 2 CHICKS IN BASKET,65,55.24999999999999,7,2.6,3.9000000000000004,Low Demand
HEN HOUSE DECORATION,2383,3734.55,233,95.32,142.98,Medium Demand
HEN HOUSE W CHICK IN NEST,112,47.04,13,4.48,6.720000000000001,Low Demand
HEN HOUSE W CHICK STANDING,308,123.36,20,12.32,18.48,Low Demand
HEN HOUSE W FAMILY IN BARN & NEST,75,56.61,17,3.0,4.5,Low Demand
HEN HOUSE WITH CHICK STANDING,14,5.88,3,0.56,0.8400000000000001,Low Demand
HEN PARTY BANNER TAPE,12,15.0,1,0.48,0.72,Low Demand
HEN PARTY CORDON BARRIER TAPE,193,241.25,36,7.72,11.58,Low Demand
HENRIETTA HEN MUG ,293,483.45000000000005,31,11.72,17.580000000000002,Low Demand
HERB MARKER BASIL,3411,2053.65,195,136.44,204.66,High Demand
HERB MARKER CHIVES ,1716,1103.4,173,68.64,102.96000000000001,Medium Demand
HERB MARKER MINT,1737,1117.05,197,69.48,104.22,Medium Demand
HERB MARKER PARSLEY,1860,1177.0,194,74.4,111.60000000000001,Medium Demand
HERB MARKER ROSEMARY,1941,1249.65,198,77.64,116.46000000000001,Medium Demand
HERB MARKER THYME,1899,1222.3500000000001,193,75.96,113.94,Medium Demand
HEXAGONAL CRYSTAL PERFUME BOTTLE,1,1.95,1,0.04,0.06,Low Demand
HI TEC ALPINE HAND WARMER,1115,1157.79,104,44.6,66.9,Medium Demand
HILDA CANDY SPOT RABBIT,143,536.25,50,5.72,8.58,Low Demand
HIPPY CHIC DECORATIVE PARASOL,206,1412.1000000000001,42,8.24,12.36,Low Demand
HOLIDAY FUN LUDO,1943,6951.5,346,77.72,116.58,Medium Demand
HOLLY TOP CHRISTMAS STOCKING,607,556.27,62,24.28,36.42,Medium Demand
HOLLYHOCK SQUARE HANDY TIN,1,1.25,1,0.04,0.06,Low Demand
HOME BUILDING BLOCK WORD,7468,43837.76,1831,298.72,448.08000000000004,High Demand
HOME GARLAND PAINTED ZINC ,1633,2070.45,115,65.32,97.97999999999999,Medium Demand
HOME SMALL WOOD LETTERS,942,4662.900000000001,331,37.68,56.519999999999996,Medium Demand
HOME SWEEET HOME 3 PEG HANGER ,25,93.75,4,1.0,1.5,Low Demand
HOME SWEET HOME  BLACKBOARD,3,19.049999999999997,3,0.12,0.18,Low Demand
HOME SWEET HOME 2 DRAWER CABINET,237,1137.95,57,9.48,14.22,Low Demand
HOME SWEET HOME 3 PEG HANGER ,256,937.9200000000001,51,10.24,15.36,Low Demand
HOME SWEET HOME BLACKBOARD,969,4108.58,136,38.76,58.14,Medium Demand
HOME SWEET HOME BOTTLE ,438,897.12,61,17.52,26.28,Low Demand
HOME SWEET HOME CUSHION COVER ,769,2883.75,201,30.76,46.14,Medium Demand
HOME SWEET HOME HANGING HEART,1823,1546.4299999999998,176,72.92,109.38,Medium Demand
HOME SWEET HOME HOOK,326,405.6,45,13.04,19.56,Low Demand
HOME SWEET HOME KEY HOLDER,435,2154.79,94,17.4,26.099999999999998,Low Demand
HOME SWEET HOME METAL SIGN ,5912,16103.84,630,236.48,354.71999999999997,High Demand
HOME SWEET HOME MUG,13987,15564.11,650,559.48,839.22,High Demand
HOMEMADE JAM SCENTED CANDLES,14588,21020.8,577,583.52,875.28,High Demand
"HOOK, 1 HANGER ,MAGIC GARDEN",4451,3631.5499999999997,273,178.04,267.06,High Demand
"HOOK, 3 HANGER ,MAGIC GARDEN",1933,3560.5499999999997,141,77.32,115.97999999999999,Medium Demand
"HOOK, 5 HANGER , MAGIC TOADSTOOL",2921,4589.25,209,116.84,175.26,High Demand
"HOOK, 5 HANGER ,MAGIC TOADSTOOL RED",3085,4725.45,140,123.4,185.10000000000002,High Demand
HORSE & PONY WALL ART,256,797.3100000000001,17,10.24,15.36,Low Demand
HOT BATHS METAL SIGN,11978,23390.22,820,479.12,718.6800000000001,High Demand
HOT BATHS SOAP HOLDER,1534,2511.82,227,61.36,92.03999999999999,Medium Demand
HOT STUFF HOT WATER BOTTLE,528,1689.9,67,21.12,31.68,Medium Demand
HOT WATER BOTTLE BABUSHKA ,3522,15758.9,354,140.88,211.32,High Demand
HOT WATER BOTTLE BABUSHKA LARGE,136,618.0,14,5.44,8.16,Low Demand
HOT WATER BOTTLE I AM SO POORLY,4827,22266.63,815,193.08,289.62,High Demand
HOT WATER BOTTLE KEEP CALM,5338,24426.3,719,213.52,320.28000000000003,High Demand
HOT WATER BOTTLE SEX BOMB,435,1843.55,88,17.4,26.099999999999998,Low Demand
HOT WATER BOTTLE TEA AND SYMPATHY,9325,36269.270000000004,1298,373.0,559.5,High Demand
HOUSE SHAPE PENCIL SHARPENER,3206,371.01,66,128.24,192.36,High Demand
HOUSE WRECKING METAL SIGN ,742,1166.7,130,29.68,44.519999999999996,Medium Demand
HYACINTH BULB T-LIGHT CANDLES,4386,1775.8799999999999,137,175.44,263.15999999999997,High Demand
High Resolution Image,4,27.0,3,0.16,0.24,Low Demand
I CAN ONLY PLEASE ONE PERSON MUG,6225,7472.31,539,249.0,373.5,High Demand
I LOVE LONDON BABY GIFT SET,209,3262.5499999999997,61,8.36,12.54,Low Demand
I LOVE LONDON BEAKER,827,999.75,70,33.08,49.62,Medium Demand
I LOVE LONDON WALL ART,12,59.400000000000006,2,0.48,0.72,Low Demand
I'M ON HOLIDAY METAL SIGN,5090,10504.150000000001,694,203.6,305.4,High Demand
ICE CREAM BUBBLES,2667,2147.6099999999997,94,106.68,160.02,High Demand
ICE CREAM DESIGN GARDEN PARASOL,413,1963.35,71,16.52,24.78,Low Demand
ICE CREAM PEN LIP GLOSS ,6607,8077.31,213,264.28,396.41999999999996,High Demand
ICE CREAM SUNDAE LIP GLOSS,7920,9668.16,248,316.8,475.20000000000005,High Demand
"ICON ALARM CLOCK,FUSCHIA  PIN UP",23,58.65,7,0.92,1.3800000000000001,Low Demand
ICON MUG REVOLUTIONARY,701,283.71,79,28.04,42.06,Medium Demand
ICON PLACEMAT POP ART ELVIS,900,144.3,31,36.0,54.0,Medium Demand
IF YOU CAN'T STAND THE HEAT MUG,2011,2276.75,150,80.44,120.66,Medium Demand
ILLUSTRATED CAT BOWL ,1741,4568.91,154,69.64,104.46000000000001,Medium Demand
INCENSE BAZAAR CANNABIS,228,84.84,2,9.12,13.68,Low Demand
INCENSE BAZAAR PEACH,6,2.52,1,0.24,0.36,Low Demand
INFLATABLE POLITICAL GLOBE ,8624,6761.5199999999995,297,344.96,517.4399999999999,High Demand
INLAID WOOD INCENSE HOLDER,3641,813.0899999999999,30,145.64,218.45999999999998,High Demand
IVORY CAFE HANGING LAMP ,114,1330.5,43,4.56,6.84,Low Demand
IVORY CHANDELIER T-LIGHT HOLDER,561,1292.97,36,22.44,33.660000000000004,Medium Demand
IVORY DINER WALL CLOCK,1665,13577.9,475,66.6,99.89999999999999,Medium Demand
IVORY EMBROIDERED QUILT ,70,2603.3,30,2.8,4.199999999999999,Low Demand
IVORY ENCHANTED FOREST PLACEMAT,1793,2822.45,157,71.72,107.58,Medium Demand
IVORY FELT EASTER RABBIT GARLAND,66,168.29999999999998,21,2.64,3.96,Low Demand
IVORY GIANT GARDEN THERMOMETER,728,4223.6,201,29.12,43.68,Medium Demand
IVORY GOLD METAL BAG CHARM,19,104.07,5,0.76,1.1400000000000001,Low Demand
IVORY HANGING BIRD PLANTER ,248,621.6,46,9.92,14.879999999999999,Low Demand
IVORY HANGING DECORATION  BIRD,2156,1829.4799999999998,194,86.24,129.35999999999999,Medium Demand
IVORY HANGING DECORATION  BUTTERFLY,1739,1471.9099999999999,113,69.56,104.34,Medium Demand
IVORY HANGING DECORATION  CHICKEN,291,247.35,27,11.64,17.46,Low Demand
IVORY HANGING DECORATION  EGG,1145,621.65,82,45.8,68.69999999999999,Medium Demand
IVORY HANGING DECORATION  HEART,10301,8456.33,505,412.04,618.0600000000001,High Demand
IVORY HANGING DECORATION  RABBIT,25,21.25,4,1.0,1.5,Low Demand
IVORY KITCHEN SCALES,3014,24946.68,1065,120.56,180.84,High Demand
IVORY KNITTED MUG COSY ,973,1527.09,82,38.92,58.38,Medium Demand
IVORY LOVE BIRD CANDLE,944,1037.82,97,37.76,56.64,Medium Demand
IVORY PANTRY HANGING LAMP ,2,25.0,1,0.08,0.12,Low Demand
IVORY PAPER CUP CAKE CASES ,2990,1545.4399999999998,159,119.6,179.39999999999998,High Demand
IVORY PENDANT TRIPLE SHELL NECKLACE,6,29.7,2,0.24,0.36,Low Demand
IVORY PILLAR CANDLE GOLD FLOCK,1074,1873.5,72,42.96,64.44,Medium Demand
IVORY PILLAR CANDLE SILVER FLOCK,1162,2331.34,132,46.48,69.72,Medium Demand
IVORY REFECTORY CLOCK,202,1894.6999999999998,76,8.08,12.120000000000001,Low Demand
IVORY RETRO KITCHEN WALL CLOCK,70,559.5,26,2.8,4.199999999999999,Low Demand
IVORY ROSE LAMPSHADE ,39,44.25,9,1.56,2.34,Low Demand
IVORY SCULPTED RND CANDLE ,92,78.19999999999999,13,3.68,5.5200000000000005,Low Demand
IVORY SHELL HEART EARRINGS,5,12.749999999999998,2,0.2,0.30000000000000004,Low Demand
IVORY SHELL HEART NECKLACE,45,253.17000000000002,21,1.8,2.7,Low Demand
IVORY STRING CURTAIN WITH POLE ,541,1250.95,45,21.64,32.46,Medium Demand
IVORY SWEETHEART SOAP DISH,139,346.11,40,5.56,8.34,Low Demand
IVORY SWEETHEART WIRE LETTER RACK ,545,2013.51,149,21.8,32.7,Medium Demand
IVORY WALL CLOCK,60,459.0,1,2.4,3.5999999999999996,Low Demand
IVORY WICKER HEART LARGE,1996,3283.8,267,79.84,119.76,Medium Demand
IVORY WICKER HEART MEDIUM,2030,2524.9,216,81.2,121.80000000000001,Medium Demand
IVORY WICKER HEART SMALL,2154,1345.5,95,86.16,129.24,Medium Demand
IVORY WIRE KITCHEN ORGANISER,116,1137.65,36,4.64,6.959999999999999,Low Demand
IVORY WIRE SWEETHEART LETTER TRAY,127,467.05,44,5.08,7.62,Low Demand
IVY HEART WREATH,500,3247.0,127,20.0,30.0,Low Demand
JACOBS LADDER SMALL,2064,123.84,38,82.56,123.84,Medium Demand
JADE CRYSTAL+GLASS BRACELET,34,168.3,14,1.36,2.04,Low Demand
JADE DROP EARRINGS W FILIGREE,58,287.1,19,2.32,3.4799999999999995,Low Demand
JADE GREEN ENAMEL HAIR COMB,36,70.2,7,1.44,2.16,Low Demand
JADE GREEN PAIR ENAMEL HAIR SLIDES,1,3.75,1,0.04,0.06,Low Demand
JAM CLOCK MAGNET,312,845.5,55,12.48,18.72,Low Demand
JAM JAR WITH BLUE LID,26,18.98,2,1.04,1.56,Low Demand
JAM JAR WITH GREEN LID,3695,2935.61,220,147.8,221.70000000000002,High Demand
JAM JAR WITH PINK LID,4395,3503.31,257,175.8,263.70000000000005,High Demand
JAM MAKING SET PRINTED,16617,23416.449999999997,903,664.68,997.02,High Demand
JAM MAKING SET WITH JARS,8702,34851.72,903,348.08,522.12,High Demand
JAPANESE CROCHETED ANIMAL,5119,2056.38,168,204.76,307.14,High Demand
JARDIN DE FEMME SCENTED CANDLE,656,392.0,12,26.24,39.36,Medium Demand
JARDIN ETCHED GLASS BUTTER DISH,70,485.9,30,2.8,4.199999999999999,Low Demand
JARDIN ETCHED GLASS CANDLEHLDR LONG,61,301.95,16,2.44,3.66,Low Demand
JARDIN ETCHED GLASS CHEESE DISH,221,579.35,40,8.84,13.26,Low Demand
JARDIN ETCHED GLASS FRUITBOWL,189,1336.95,69,7.56,11.34,Low Demand
JARDIN ETCHED GLASS GINGER JAR,54,429.3,27,2.16,3.24,Low Demand
JARDIN ETCHED GLASS LARGE BELL JAR,92,813.0,30,3.68,5.5200000000000005,Low Demand
JARDIN ETCHED GLASS SMALL BELL JAR,115,564.25,27,4.6,6.8999999999999995,Low Demand
JASMINE TEA INCENSE IN TIN,270,294.3,43,10.8,16.200000000000003,Low Demand
JASMINE VOTIVE CANDLE,2968,732.0799999999999,61,118.72,178.07999999999998,High Demand
JAZZ HEARTS ADDRESS BOOK,6137,1573.65,270,245.48,368.21999999999997,High Demand
JAZZ HEARTS MAGNETIC MEMO PAD,7058,850.9000000000001,16,282.32,423.48,High Demand
JAZZ HEARTS MEMO PAD,10945,1305.49,24,437.8,656.7,High Demand
JAZZ HEARTS PURSE NOTEBOOK,6098,3126.5,377,243.92,365.88,High Demand
JAZZ HEARTS SPIRAL NOTEPAD,47,39.949999999999996,12,1.88,2.82,Low Demand
JELLY BABIES YELLOW SMALL BOWL,358,420.14,64,14.32,21.48,Low Demand
JET BLACK LAS VEGAS BRACELET ROUND,19,71.25,7,0.76,1.1400000000000001,Low Demand
JET BLACK LAS VEGAS NECKLACE 45CM,18,107.1,8,0.72,1.08,Low Demand
"JEWELLED DECORATION,BLUE",150,57.0,3,6.0,9.0,Low Demand
"JEWELLED DECORATION,PINK",2,5.9,2,0.08,0.12,Low Demand
JIGSAW RABBIT AND BIRDHOUSE,885,1082.89,127,35.4,53.099999999999994,Medium Demand
JIGSAW TOADSTOOLS 3 PIECE,1003,1120.6299999999999,112,40.12,60.17999999999999,Medium Demand
JIGSAW TREE WITH BIRDHOUSE,1981,2387.5699999999997,220,79.24,118.85999999999999,Medium Demand
JIGSAW TREE WITH WATERING CAN,1368,732.16,123,54.72,82.08,Medium Demand
JINGLE BELL HEART ANTIQUE GOLD,765,1610.27,91,30.6,45.900000000000006,Medium Demand
JINGLE BELL HEART ANTIQUE SILVER,3547,6962.04,197,141.88,212.82,High Demand
JINGLE BELL HEART DECORATION,3687,6069.15,307,147.48,221.21999999999997,High Demand
JINGLE BELLS TREE DECORATION,340,578.04,46,13.6,20.4,Low Demand
JOY LARGE WOOD LETTERS,436,2661.2,92,17.44,26.160000000000004,Low Demand
JOY WOODEN BLOCK LETTERS,785,3561.33,243,31.4,47.099999999999994,Medium Demand
JUMBO  BAG BAROQUE BLACK WHITE,29447,53168.340000000004,1449,1177.88,1766.8200000000002,High Demand
JUMBO BAG 50'S CHRISTMAS ,8954,17679.72,586,358.16,537.24,High Demand
JUMBO BAG ALPHABET,12540,24175.0,752,501.6,752.4000000000001,High Demand
JUMBO BAG APPLES,13887,26451.260000000002,718,555.48,833.22,High Demand
JUMBO BAG CHARLIE AND LOLA TOYS,3449,6574.9,293,137.96,206.94,High Demand
JUMBO BAG DOILEY PATTERNS,8737,16741.260000000002,454,349.48,524.22,High Demand
JUMBO BAG DOLLY GIRL DESIGN,5389,10249.81,526,215.56,323.34000000000003,High Demand
JUMBO BAG OWLS,19832,35822.62,920,793.28,1189.92,High Demand
JUMBO BAG PAISLEY PARK,4373,8529.24,302,174.92,262.38,High Demand
JUMBO BAG PEARS,6733,13043.24,470,269.32,403.98,High Demand
JUMBO BAG PINK POLKADOT,23934,43967.14,1055,957.36,1436.04,High Demand
JUMBO BAG PINK VINTAGE PAISLEY,24431,43883.88,1228,977.24,1465.8600000000001,High Demand
JUMBO BAG PINK WITH WHITE SPOTS,13777,24472.05,712,551.08,826.6200000000001,High Demand
JUMBO BAG RED RETROSPOT,75759,136980.08,2612,3030.36,4545.54,High Demand
JUMBO BAG RED WHITE SPOTTY ,13890,24345.3,465,555.6,833.4000000000001,High Demand
JUMBO BAG SCANDINAVIAN BLUE PAISLEY,7757,14632.970000000001,451,310.28,465.41999999999996,High Demand
JUMBO BAG SCANDINAVIAN PAISLEY,15861,27707.95,721,634.44,951.6600000000001,High Demand
JUMBO BAG SPACEBOY DESIGN,16545,30096.57,971,661.8,992.6999999999999,High Demand
JUMBO BAG STRAWBERRY,36098,64601.65,1514,1443.92,2165.88,High Demand
JUMBO BAG TOYS ,11469,20532.63,671,458.76,688.14,High Demand
JUMBO BAG VINTAGE CHRISTMAS ,4908,9748.34,385,196.32,294.48,High Demand
JUMBO BAG VINTAGE DOILEY ,143,268.44,6,5.72,8.58,Low Demand
JUMBO BAG VINTAGE DOILY ,10636,20674.68,621,425.44,638.16,High Demand
JUMBO BAG VINTAGE LEAF,10716,20963.93,772,428.64,642.96,High Demand
JUMBO BAG WOODLAND ANIMALS,15929,29504.5,915,637.16,955.74,High Demand
JUMBO SHOPPER VINTAGE RED PAISLEY,24690,45784.63,1680,987.6,1481.4,High Demand
JUMBO STORAGE BAG SKULLS,12544,23232.89,997,501.76,752.64,High Demand
JUMBO STORAGE BAG SUKI,26239,48255.8,1714,1049.56,1574.34,High Demand
JUNGLE POPSICLES ICE LOLLY HOLDERS,1471,1793.15,137,58.84,88.26,Medium Demand
JUNGLE POPSICLES ICE LOLLY MOULDS,833,1041.16,96,33.32,49.980000000000004,Medium Demand
KASBAH LANTERN WITH GLASS ,56,250.8,15,2.24,3.3600000000000003,Low Demand
KASHMIR FOLKART HEART DISHES,3,5.07,3,0.12,0.18,Low Demand
KASHMIR FOLKART TUMBLERS,2487,4829.92,83,99.48,149.22,Medium Demand
KEEP CALM BIRTHDAY WRAP,50,21.0,2,2.0,3.0,Low Demand
KEEP CALM WALL ART ,269,2015.97,20,10.76,16.14,Low Demand
KEEP OUT BOYS DOOR HANGER ,2307,1643.07,161,92.28,138.42000000000002,Medium Demand
KEEP OUT GIRLS DOOR HANGER ,764,486.67999999999995,49,30.56,45.839999999999996,Medium Demand
KENSINGTON COFFEE SET,363,3422.25,114,14.52,21.78,Low Demand
KEY CABINET MA CAMPAGNE,659,5228.889999999999,119,26.36,39.54,Medium Demand
"KEY FOB , BACK DOOR ",6151,3922.4700000000003,575,246.04,369.06,High Demand
"KEY FOB , FRONT  DOOR ",5320,3306.34,408,212.8,319.20000000000005,High Demand
"KEY FOB , GARAGE DESIGN",5904,3679.08,408,236.16,354.24,High Demand
"KEY FOB , SHED",8176,5187.24,654,327.04,490.56000000000006,High Demand
KEY RING BASEBALL BOOT ASSORTED ,1585,1935.05,84,63.4,95.1,Medium Demand
KEY RING BASEBALL BOOT UNION JACK,1772,2105.8,85,70.88,106.32,Medium Demand
KID'S CHALKBOARD/EASEL,5,14.75,2,0.2,0.30000000000000004,Low Demand
KIDS CUTLERY DOLLY GIRL ,36,149.4,8,1.44,2.16,Low Demand
KIDS CUTLERY SPACEBOY ,36,149.4,8,1.44,2.16,Low Demand
KIDS RAIN MAC BLUE,3242,2583.68,174,129.68,194.52,High Demand
KIDS RAIN MAC PINK,2782,2269.48,177,111.28,166.92000000000002,High Demand
KINGS CHOICE BISCUIT TIN,1891,8120.59,316,75.64,113.46000000000001,Medium Demand
KINGS CHOICE CIGAR BOX MATCHES ,3446,4138.78,280,137.84,206.76,High Demand
KINGS CHOICE GIANT TUBE MATCHES,2648,6162.900000000001,236,105.92,158.88,High Demand
KINGS CHOICE MUG,6714,7491.42,326,268.56,402.84000000000003,High Demand
KINGS CHOICE SMALL TUBE MATCHES,117,193.04999999999998,16,4.68,7.02,Low Demand
KINGS CHOICE TEA CADDY ,2315,6554.130000000001,384,92.6,138.89999999999998,Medium Demand
KISS REINDEER SCANDINAVIAN STOCKING,5,12.749999999999998,2,0.2,0.30000000000000004,Low Demand
KITCHEN FLOWER POTS WALL PLAQUE,487,867.25,33,19.48,29.22,Low Demand
KITCHEN METAL SIGN,5436,2904.1000000000004,544,217.44,326.15999999999997,High Demand
KITTENS DESIGN FLANNEL,1539,811.9499999999999,75,61.56,92.34,Medium Demand
KITTY PENCIL ERASERS,2425,503.65,143,97.0,145.5,Medium Demand
KNEELING MAT HOUSEWORK  DESIGN,1481,1993.91,187,59.24,88.86,Medium Demand
KNICKERBOCKERGLORY MAGNET ASSORTED ,2106,1679.3400000000001,111,84.24,126.35999999999999,Medium Demand
KNITTED MUG COSY IVORY COLOUR ,547,823.35,28,21.88,32.82,Medium Demand
KNITTED POM POM HOT WATER BOTTLE,5,18.75,3,0.2,0.30000000000000004,Low Demand
KNITTED RABBIT DOLL ,36,59.39999999999999,9,1.44,2.16,Low Demand
KNITTED RAINBOW HOT WATER BOTTLE,20,75.0,5,0.8,1.2000000000000002,Low Demand
KNITTED UNION FLAG HOT WATER BOTTLE,6073,22057.21,758,242.92,364.38,High Demand
L BLUE C/COVER W PINK/YELLOW FLOWER,6,41.7,2,0.24,0.36,Low Demand
LA JARDIN BOTANIQUE CUSHION COVER,81,303.75,23,3.24,4.86,Low Demand
LA PALMIERA METAL SIGN CALENDAR,760,246.0,12,30.4,45.599999999999994,Medium Demand
LA PALMIERA TILE COASTER,766,342.89,38,30.64,45.96,Medium Demand
LA PALMIERA TILE HOOK,950,195.0,24,38.0,57.0,Medium Demand
LA PALMIERA WALL THERMOMETER,453,680.0,26,18.12,27.18,Low Demand
LA STREGA CANVAS PICTURE ,73,122.55000000000001,7,2.92,4.38,Low Demand
LADIES & GENTLEMEN METAL SIGN,8224,19220.28,889,328.96,493.43999999999994,High Demand
LADLE LOVE HEART PINK,954,380.52000000000004,58,38.16,57.239999999999995,Medium Demand
LADLE LOVE HEART RED ,1357,532.5,72,54.28,81.42,Medium Demand
LADS ONLY TISSUE BOX,3206,3219.36,188,128.24,192.36,High Demand
LADYBIRD + BEE RAFFIA FOOD COVER,1009,3706.95,235,40.36,60.54,Medium Demand
LANDMARK FRAME BAKER STREET ,347,3867.85,29,13.88,20.82,Low Demand
LANDMARK FRAME CAMDEN TOWN ,558,6257.35,62,22.32,33.480000000000004,Medium Demand
LANDMARK FRAME COVENT GARDEN ,438,4949.55,52,17.52,26.28,Low Demand
LANDMARK FRAME LONDON BRIDGE ,413,4641.7,47,16.52,24.78,Low Demand
LANDMARK FRAME NOTTING HILL ,422,4768.15,48,16.88,25.32,Low Demand
LANDMARK FRAME OXFORD STREET,421,4755.65,54,16.84,25.259999999999998,Low Demand
LANTERN CREAM GAZEBO ,1517,7145.67,323,60.68,91.02,Medium Demand
LARGE  TALL CAMPHOR WOOD TOADSTOOL ,176,727.6,38,7.04,10.56,Low Demand
LARGE ANTIQUE WHITE PHOTO FRAME,509,3584.0600000000004,125,20.36,30.54,Medium Demand
LARGE APOTHECARY MEASURING JAR ,50,587.2,20,2.0,3.0,Low Demand
LARGE BLACK DIAMANTE HAIRSLIDE,4,6.6,1,0.16,0.24,Low Demand
LARGE BLUE ORIENTAL FOLDING STOOL,136,317.0,6,5.44,8.16,Low Demand
LARGE BLUE PROVENCAL CERAMIC BALL,116,228.84,17,4.64,6.959999999999999,Low Demand
LARGE BONNE JAM JAR  T-LIGHT HOLDER,254,662.0600000000001,10,10.16,15.24,Low Demand
LARGE CAKE STAND  HANGING STRAWBERY,2104,17533.95,443,84.16,126.24,Medium Demand
LARGE CAKE STAND HANGING HEARTS,718,5313.0199999999995,143,28.72,43.08,Medium Demand
LARGE CAKE TOWEL CHOCOLATE SPOTS,830,2084.1,64,33.2,49.800000000000004,Medium Demand
LARGE CAKE TOWEL PINK SPOTS,1260,5487.2,229,50.4,75.6,Medium Demand
"LARGE CAKE TOWEL, CHOCOLATE SPOTS",233,1567.95,98,9.32,13.98,Low Demand
LARGE CAMPHOR WOOD FIELD MUSHROOM ,96,376.2,28,3.84,5.76,Low Demand
LARGE CERAMIC TOP STORAGE JAR,2954,4624.5,220,118.16,177.24,High Demand
LARGE CHINESE STYLE SCISSOR,2331,1885.15,105,93.24,139.85999999999999,Medium Demand
LARGE CHUNKY GLASS ROMAN BOWL,294,1104.5,20,11.76,17.64,Low Demand
LARGE CIRCULAR MIRROR MOBILE,13590,12203.5,230,543.6,815.4000000000001,High Demand
LARGE CRYSTAL DIAMANTE HAIRSLIDE,46,68.7,5,1.84,2.7600000000000002,Low Demand
LARGE DECO JEWELLERY STAND,247,2990.3,88,9.88,14.82,Low Demand
LARGE ENGLISH ARBORETUM,113,1195.15,7,4.52,6.779999999999999,Low Demand
LARGE FIBRE OPTIC CHRISTMAS TREE,15,19.08,6,0.6,0.8999999999999999,Low Demand
LARGE GLASS ROSE SCENTED CANDLE ,2,15.9,1,0.08,0.12,Low Demand
LARGE GLASS SUNDAE DISH CLEAR,996,258.2,2,39.84,59.760000000000005,Medium Demand
LARGE GREEN PEONY FOLDING STOOL,131,314.34999999999997,6,5.24,7.86,Low Demand
LARGE HANGING GLASS+ZINC LANTERN,560,896.0,1,22.4,33.599999999999994,Medium Demand
LARGE HANGING IVORY & RED WOOD BIRD,3392,2150.08,188,135.68,203.52,High Demand
LARGE HEART FLOWERS HOOK   ,571,684.11,43,22.84,34.26,Medium Demand
LARGE HEART MEASURING SPOONS,4635,7548.87,515,185.4,278.1,High Demand
LARGE IVORY HEART WALL ORGANISER,759,5142.91,134,30.36,45.54,Medium Demand
LARGE JEWELLERY STAND,10,125.0,4,0.4,0.6000000000000001,Low Demand
LARGE MEDINA STAMPED METAL BOWL ,568,2766.21,141,22.72,34.08,Medium Demand
LARGE MINT DIAMANTE HAIRSLIDE,16,26.4,6,0.64,0.96,Low Demand
LARGE PARLOUR FRAME,27,122.85,2,1.08,1.62,Low Demand
LARGE PARLOUR PICTURE FRAME,78,380.7,27,3.12,4.68,Low Demand
LARGE PINK GLASS SUNDAE DISH,904,850.96,69,36.16,54.239999999999995,Medium Demand
LARGE PINK PEONY FOLDING STOOL,136,309.15,6,5.44,8.16,Low Demand
LARGE POPCORN HOLDER ,6122,9672.5,411,244.88,367.32,High Demand
LARGE PURPLE BABUSHKA NOTEBOOK  ,2323,2338.39,221,92.92,139.38,Medium Demand
LARGE RED BABUSHKA NOTEBOOK ,2542,2716.23,223,101.68,152.52,High Demand
LARGE RED RETROSPOT WINDMILL,2560,4941.0,181,102.4,153.60000000000002,High Demand
LARGE RED SPOT WINDMILL,2894,5390.4,34,115.76,173.64000000000001,High Demand
LARGE ROUND CUTGLASS CANDLESTICK,149,967.35,32,5.96,8.94,Low Demand
LARGE ROUND WICKER PLATTER ,433,2576.35,189,17.32,25.98,Low Demand
LARGE SKULL WINDMILL,285,586.5,49,11.4,17.1,Low Demand
LARGE STRAWBERRY CHOCOLATE CANDLE,56,94.7,5,2.24,3.3600000000000003,Low Demand
LARGE STRIPES CHOCOLATE GIFT BAG,1291,1360.15,60,51.64,77.46000000000001,Medium Demand
LARGE TAHITI BEACH BAG,211,1177.45,55,8.44,12.66,Low Demand
LARGE TORTILLA DESIGN RED BOWL,350,653.0999999999999,27,14.0,21.0,Low Demand
LARGE TRIFLE DESIGN L BLUE BOWL,229,405.15,15,9.16,13.74,Low Demand
LARGE WHITE HEART OF WICKER,2908,8184.700000000001,511,116.32,174.48,High Demand
LARGE WHITE HONEYCOMB PAPER BELL  ,1244,2395.1,115,49.76,74.64,Medium Demand
LARGE WHITE/PINK ROSE ART FLOWER,647,964.4300000000001,37,25.88,38.82,Medium Demand
LARGE YELLOW BABUSHKA NOTEBOOK ,1138,1244.96,172,45.52,68.28,Medium Demand
LARGE ZINC GLASS CANDLEHOLDER,55,127.68,10,2.2,3.3000000000000003,Low Demand
LARGE ZINC HEART WALL ORGANISER,1064,6414.48,37,42.56,63.84,Medium Demand
LARGE ZINC/GLASS CANDLEHOLDER,23,48.3,6,0.92,1.3800000000000001,Low Demand
LASER CUT MULTI STRAND NECKLACE,5,59.75,4,0.2,0.30000000000000004,Low Demand
LAUNDRY 15C METAL SIGN,5388,7456.69,550,215.52,323.28000000000003,High Demand
LAUREL HEART ANTIQUE GOLD,518,613.51,40,20.72,31.08,Medium Demand
LAUREL HEART ANTIQUE SILVER,1290,1567.0,84,51.6,77.4,Medium Demand
LAUREL STAR ANTIQUE GOLD,372,465.81,33,14.88,22.32,Low Demand
LAUREL STAR ANTIQUE SILVER ,404,504.6,49,16.16,24.240000000000002,Low Demand
LAVENDER INCENSE 40 CONES IN TIN,215,220.75,26,8.6,12.899999999999999,Low Demand
LAVENDER INCENSE IN TIN,2084,1268.53,110,83.36,125.03999999999999,Medium Demand
LAVENDER SCENT CAKE CANDLE,1877,454.09,35,75.08,112.62,Medium Demand
LAVENDER SCENTED FABRIC HEART,5707,7065.43,460,228.28,342.42,High Demand
LAVENDER SCENTED SET/9 T-LIGHTS,1022,814.0999999999999,101,40.88,61.32000000000001,Medium Demand
LAVENDER TOILETTE BOTTLE,534,1068.96,60,21.36,32.04,Medium Demand
LAZER CUT NECKLACE W PASTEL BEADS,58,430.7,6,2.32,3.4799999999999995,Low Demand
LE GRAND TRAY CHIC SET,147,1837.5,74,5.88,8.82,Low Demand
LE JARDIN BOTANIQUE CUSHION COVER,527,1970.73,139,21.08,31.619999999999997,Medium Demand
LEAVES MAGNETIC  SHOPPING LIST,24,34.8,2,0.96,1.44,Low Demand
LED TEA LIGHTS,596,1679.24,54,23.84,35.76,Medium Demand
LEOPARD PRINT HOT WATER BOTTLE,46,153.3,12,1.84,2.7600000000000002,Low Demand
LETS GO SHOPPING COTTON TOTE BAG,611,1356.17,144,24.44,36.660000000000004,Medium Demand
"LETTER ""A"" BLING KEY RING",127,135.71,45,5.08,7.62,Low Demand
"LETTER ""B"" BLING KEY RING",48,48.48,16,1.92,2.88,Low Demand
"LETTER ""C"" BLING KEY RING",115,118.78999999999999,35,4.6,6.8999999999999995,Low Demand
"LETTER ""D"" BLING KEY RING",65,58.21,19,2.6,3.9000000000000004,Low Demand
"LETTER ""E"" BLING KEY RING",95,94.75,33,3.8,5.699999999999999,Low Demand
"LETTER ""F"" BLING KEY RING",30,25.02,13,1.2,1.7999999999999998,Low Demand
"LETTER ""G"" BLING KEY RING",69,62.25,21,2.76,4.14,Low Demand
"LETTER ""H"" BLING KEY RING",50,50.019999999999996,23,2.0,3.0,Low Demand
"LETTER ""I"" BLING KEY RING",44,42.519999999999996,12,1.76,2.64,Low Demand
"LETTER ""J"" BLING KEY RING",83,92.23,30,3.32,4.9799999999999995,Low Demand
"LETTER ""K"" BLING KEY RING",111,114.75,45,4.44,6.66,Low Demand
"LETTER ""L"" BLING KEY RING",114,107.94,29,4.56,6.84,Low Demand
"LETTER ""M"" BLING KEY RING",81,89.73,29,3.24,4.86,Low Demand
"LETTER ""N"" BLING KEY RING",50,50.019999999999996,18,2.0,3.0,Low Demand
"LETTER ""O"" BLING KEY RING",31,27.23,13,1.24,1.8599999999999999,Low Demand
"LETTER ""P"" BLING KEY RING",58,48.5,18,2.32,3.4799999999999995,Low Demand
"LETTER ""R"" BLING KEY RING",53,53.769999999999996,19,2.12,3.18,Low Demand
"LETTER ""S"" BLING KEY RING",115,119.75,35,4.6,6.8999999999999995,Low Demand
"LETTER ""T"" BLING KEY RING",43,42.23,12,1.72,2.58,Low Demand
"LETTER ""U"" BLING KEY RING",13,4.7299999999999995,2,0.52,0.78,Low Demand
"LETTER ""V"" BLING KEY RING",23,17.23,9,0.92,1.3800000000000001,Low Demand
"LETTER ""W"" BLING KEY RING",14,5.9799999999999995,3,0.56,0.8400000000000001,Low Demand
"LETTER ""Y"" BLING KEY RING",63,21.15,5,2.52,3.7800000000000002,Low Demand
"LETTER ""Z"" BLING KEY RING",17,9.73,5,0.68,1.02,Low Demand
LETTER HOLDER HOME SWEET HOME,596,1984.06,110,23.84,35.76,Medium Demand
LETTER SHAPE PENCIL SHARPENER,4135,358.18,78,165.4,248.10000000000002,High Demand
LIBRARY LAMP,36,754.1999999999999,22,1.44,2.16,Low Demand
LIGHT BIRD HOUSE TREE DECORATION,806,540.62,65,32.24,48.36,Medium Demand
LIGHT DECORATION BATTERY OPERATED,31,65.10000000000001,5,1.24,1.8599999999999999,Low Demand
LIGHT GARLAND BUTTERFILES PINK,1844,6937.88,177,73.76,110.64000000000001,Medium Demand
LIGHT PINK CHERRY LIGHTS,1420,8311.0,159,56.8,85.19999999999999,Medium Demand
LIGHT PINK FLOCK GLASS CANDLEHOLDER,832,342.83,16,33.28,49.92,Medium Demand
LIGHTHOUSE PRINTED METAL SIGN,69,341.55,31,2.76,4.14,Low Demand
LILAC DIAMANTE PEN IN GIFT BOX,389,766.37,46,15.56,23.34,Low Demand
LILAC FEATHERS CURTAIN,14,11.98,2,0.56,0.8400000000000001,Low Demand
LILAC FLOWER BLOCK TABLE LAMP,64,188.8,7,2.56,3.84,Low Demand
LILAC GAUZE BUTTERFLY LAMPSHADE,68,28.56,18,2.72,4.08,Low Demand
LILAC VOTIVE CANDLE,218,45.78,10,8.72,13.080000000000002,Low Demand
LILLIES CANVAS PICTURE,233,394.85,5,9.32,13.98,Low Demand
LILY BROOCH AMETHYST COLOUR,50,247.5,23,2.0,3.0,Low Demand
LILY BROOCH OLIVE COLOUR,27,133.65,13,1.08,1.62,Low Demand
LILY BROOCH WHITE/SILVER COLOUR,6,29.7,2,0.24,0.36,Low Demand
LION SOCK PUPPET,35,103.25000000000001,17,1.4,2.0999999999999996,Low Demand
LIPSTICK PEN BABY PINK,1819,759.29,149,72.76,109.14000000000001,Medium Demand
LIPSTICK PEN FUSCHIA,3805,1560.08,239,152.2,228.29999999999998,High Demand
LIPSTICK PEN RED,5768,2404.2,287,230.72,346.08,High Demand
LITTLE FLOWER SHOPPER BAG,400,424.0,1,16.0,24.0,Low Demand
LITTLE GREEN MONSTER SOFT TOY,41,99.14999999999999,19,1.64,2.46,Low Demand
LITTLE PINK MONSTER SOFT TOY,43,104.25,18,1.72,2.58,Low Demand
LOCAL CAFE MUG,1168,1944.3300000000002,124,46.72,70.08,Medium Demand
LOLITA  DESIGN  COTTON TOTE BAG,973,1371.65,91,38.92,58.38,Medium Demand
LONDON BUS COFFEE MUG,4246,9666.300000000001,276,169.84,254.76,High Demand
LONG SILVER NECKLACE PASTEL FLOWER,26,331.5,16,1.04,1.56,Low Demand
LOO ROLL  METAL SIGN ,323,530.55,60,12.92,19.38,Low Demand
LOUVRE CHALKBOARD,49,325.6,5,1.96,2.94,Low Demand
LOUVRE VANITY MIRROR,129,653.85,3,5.16,7.74,Low Demand
LOVE BUILDING BLOCK WORD,5492,32325.16,1485,219.68,329.52,High Demand
LOVE GARLAND PAINTED ZINC ,3345,5274.05,139,133.8,200.70000000000002,High Demand
LOVE HEART NAPKIN BOX ,729,3082.25,184,29.16,43.74,Medium Demand
LOVE HEART POCKET WARMER,4212,3541.7000000000003,171,168.48,252.71999999999997,High Demand
LOVE HEART SOCK HANGER,1888,3000.0,191,75.52,113.28,Medium Demand
LOVE HEART TRINKET POT,3429,2671.0299999999997,254,137.16,205.74,High Demand
LOVE HOT WATER BOTTLE,2352,13115.4,449,94.08,141.12,Medium Demand
LOVE LARGE WOOD LETTERS ,548,6760.2,250,21.92,32.88,Medium Demand
LOVE POTION MASALA INCENSE,479,100.59,19,19.16,28.740000000000002,Low Demand
LOVE SEAT ANTIQUE WHITE METAL,58,6210.0,41,2.32,3.4799999999999995,Low Demand
LOVEBIRD HANGING DECORATION WHITE ,8515,7128.55,726,340.6,510.90000000000003,High Demand
LOVELY BONBON STICKER SHEET,858,727.74,92,34.32,51.480000000000004,Medium Demand
LUNCH BAG  BLACK SKULL.,25820,40586.2,1997,1032.8,1549.1999999999998,High Demand
LUNCH BAG ALPHABET DESIGN,7554,12029.06,647,302.16,453.24,High Demand
LUNCH BAG APPLE DESIGN,11565,18278.25,866,462.6,693.9000000000001,High Demand
LUNCH BAG CARS BLUE,23575,37071.43,1797,943.0,1414.5,High Demand
LUNCH BAG DOILEY PATTERN ,6482,10331.3,464,259.28,388.91999999999996,High Demand
LUNCH BAG DOLLY GIRL DESIGN,9827,15489.99,872,393.08,589.62,High Demand
LUNCH BAG PAISLEY PARK  ,3315,5267.75,298,132.6,198.89999999999998,High Demand
LUNCH BAG PINK POLKADOT,11621,18565.05,1101,464.84,697.26,High Demand
LUNCH BAG PINK POLKADOTS,10,16.5,1,0.4,0.6000000000000001,Low Demand
LUNCH BAG PINK RETROSPOT,8756,13923.4,730,350.24,525.36,High Demand
LUNCH BAG RED RETROSPOT,20800,32940.4,1520,832.0,1248.0,High Demand
LUNCH BAG RED SPOTTY,17514,27331.3,1059,700.56,1050.84,High Demand
LUNCH BAG RED VINTAGE DOILY,1548,2434.2,118,61.92,92.88,Medium Demand
LUNCH BAG SPACEBOY DESIGN ,19035,30463.35,1874,761.4,1142.1,High Demand
LUNCH BAG SUKI  DESIGN ,14256,22600.4,1073,570.24,855.36,High Demand
LUNCH BAG SUKI DESIGN ,9601,15384.05,899,384.04,576.0600000000001,High Demand
LUNCH BAG VINTAGE DOILEY ,70,115.5,4,2.8,4.199999999999999,Low Demand
LUNCH BAG VINTAGE DOILY ,6452,10370.76,538,258.08,387.12,High Demand
LUNCH BAG VINTAGE LEAF DESIGN,6225,10006.45,597,249.0,373.5,High Demand
LUNCH BAG WOODLAND,21115,33333.11,1585,844.6,1266.9,High Demand
LUNCH BOX I LOVE LONDON,16046,28119.82,763,641.84,962.76,High Demand
LUNCH BOX WITH CUTLERY FAIRY CAKES ,1432,3505.8,217,57.28,85.92,Medium Demand
LUNCH BOX WITH CUTLERY RETROSPOT ,5412,12875.59,645,216.48,324.71999999999997,High Demand
LUNCHBAG PINK RETROSPOT,107,176.54999999999998,13,4.28,6.42,Low Demand
LUNCHBAG SPACEBOY DESIGN ,644,1022.6,45,25.76,38.64,Medium Demand
LUNCHBAG SUKI  DESIGN ,405,648.25,32,16.2,24.299999999999997,Low Demand
LUNCHBOX I LOVE LONDON,1,1.95,1,0.04,0.06,Low Demand
LUNCHBOX WITH CUTLERY FAIRY CAKES ,1374,3222.9,154,54.96,82.44,Medium Demand
LUNCHBOX WITH CUTLERY RETROSPOT ,1368,3237.3,191,54.72,82.08,Medium Demand
LUSH GREENS RIBBONS,2102,2597.86,317,84.08,126.12,Medium Demand
M/COLOUR POM-POM CURTAIN,8,34.0,4,0.32,0.48,Low Demand
MA CAMPAGNE 4 DRAWER WALL SHELF,125,835.55,17,5.0,7.5,Low Demand
MA CAMPAGNE CUTLERY BOX,611,8848.449999999999,314,24.44,36.660000000000004,Medium Demand
MA CAMPAGNE MINI WOODEN CHEST,301,1097.8000000000002,22,12.04,18.06,Low Demand
MADRAS NOTEBOOK LARGE ,400,855.0,39,16.0,24.0,Low Demand
MADRAS NOTEBOOK MEDIUM,1021,969.15,88,40.84,61.260000000000005,Medium Demand
MAGAZINE RACK GEBRA ASSORTED ,725,960.25,26,29.0,43.5,Medium Demand
MAGIC DRAWING SLATE BAKE A CAKE ,4558,1763.16,197,182.32,273.48,High Demand
MAGIC DRAWING SLATE BUNNIES ,4009,1594.5,251,160.36,240.54000000000002,High Demand
MAGIC DRAWING SLATE CIRCUS PARADE  ,7659,3118.86,332,306.36,459.54,High Demand
MAGIC DRAWING SLATE DINOSAUR,5601,2260.26,282,224.04,336.06,High Demand
MAGIC DRAWING SLATE DOLLY GIRL ,9632,3856.8,371,385.28,577.92,High Demand
MAGIC DRAWING SLATE FIDO,360,151.2,8,14.4,21.6,Low Demand
MAGIC DRAWING SLATE GO TO THE FAIR ,2328,928.8000000000001,136,93.12,139.68,Medium Demand
MAGIC DRAWING SLATE LEAP FROG ,2796,1064.88,154,111.84,167.76,High Demand
MAGIC DRAWING SLATE PURDEY,9442,3652.44,313,377.68,566.52,High Demand
MAGIC DRAWING SLATE SPACEBOY ,12234,4930.92,461,489.36,734.04,High Demand
MAGIC GARDEN FELT GARLAND ,270,539.5799999999999,37,10.8,16.200000000000003,Low Demand
MAGIC GARDEN MOUNT FUJI,154,392.7,37,6.16,9.24,Low Demand
MAGIC SHEEP WOOL GROWING FROM PAPER,1783,2521.85,155,71.32,106.97999999999999,Medium Demand
MAGIC SLATE BAKE A CAKE ,48,20.16,1,1.92,2.88,Low Demand
MAGIC SLATE BUNNIES AT HOME ,288,120.96000000000001,6,11.52,17.28,Low Demand
MAGIC SLATE CIRCUS PARADE  ,192,80.64,4,7.68,11.52,Low Demand
MAGIC SLATE DINOSAUR,144,60.480000000000004,3,5.76,8.64,Low Demand
MAGIC SLATE DOLLY GIRL ,192,80.64,4,7.68,11.52,Low Demand
MAGIC SLATE FIDO,288,120.96000000000001,6,11.52,17.28,Low Demand
MAGIC SLATE GO TO THE FAIR ,96,40.32,2,3.84,5.76,Low Demand
MAGIC SLATE LEAP FROG ,96,40.32,2,3.84,5.76,Low Demand
MAGIC SLATE SPACEBOY ,288,120.96000000000001,6,11.52,17.28,Low Demand
MAGIC TREE -PAPER FLOWERS,1745,1483.25,142,69.8,104.69999999999999,Medium Demand
MAGNETS PACK OF 4 CHILDHOOD MEMORY,4048,4724.84,255,161.92,242.88,High Demand
MAGNETS PACK OF 4 HOME SWEET HOME,2463,2047.54,224,98.52,147.78,Medium Demand
MAGNETS PACK OF 4 RETRO PHOTO,1850,1364.5,159,74.0,111.0,Medium Demand
MAGNETS PACK OF 4 SWALLOWS,4278,3688.09,394,171.12,256.68,High Demand
MAGNETS PACK OF 4 VINTAGE COLLAGE,3415,2981.48,239,136.6,204.89999999999998,High Demand
MAGNETS PACK OF 4 VINTAGE LABELS ,1620,1063.72,161,64.8,97.19999999999999,Medium Demand
MAKE YOUR OWN FLOWERPOWER CARD KIT,1335,3411.2100000000005,263,53.4,80.1,Medium Demand
MAKE YOUR OWN MONSOON CARD KIT,1433,3611.2300000000005,254,57.32,85.98,Medium Demand
MAKE YOUR OWN PLAYTIME CARD KIT,972,2260.6800000000003,161,38.88,58.32000000000001,Medium Demand
MAN FLU METAL SIGN,3368,6628.9800000000005,346,134.72,202.07999999999998,High Demand
MANHATTAN CANVAS ART PICTURE,20,87.8,2,0.8,1.2000000000000002,Low Demand
MARAKESH LANTERN LARGE,30,544.5,12,1.2,1.7999999999999998,Low Demand
MARAKESH LANTERN SMALL ,196,848.35,11,7.84,11.76,Low Demand
MARIE ANTOIENETT TRINKET BOX GOLD,1,12.5,1,0.04,0.06,Low Demand
MARIE ANTOINETTE TRINKET BOX GOLD,316,1217.6,16,12.64,18.96,Low Demand
MARIE ANTOINETTE TRINKET BOX SILVER,326,1099.0,22,13.04,19.56,Low Demand
MAXWELL 2 TONE BLUE 60 PAGE PHOTO A,309,612.85,8,12.36,18.54,Low Demand
MAXWELL 2 TONE PINK 60 PAGE PHOTO A,142,293.0,6,5.68,8.52,Low Demand
MEASURING TAPE BABUSHKA BLUE,651,1831.65,82,26.04,39.06,Medium Demand
MEASURING TAPE BABUSHKA PINK,825,2311.55,124,33.0,49.5,Medium Demand
MEASURING TAPE BABUSHKA RED,805,2254.75,106,32.2,48.300000000000004,Medium Demand
MEASURING TAPE RUSSIAN DOLL BLUE,102,300.90000000000003,27,4.08,6.12,Low Demand
MEASURING TAPE RUSSIAN DOLL PINK,152,448.4000000000001,41,6.08,9.120000000000001,Low Demand
MEASURING TAPE RUSSIAN DOLL RED,647,1755.0500000000002,57,25.88,38.82,Medium Demand
MEDINA STAMPED METAL STOOL,62,2336.9,29,2.48,3.7199999999999998,Low Demand
MEDINA STAMPED METAL TRAY ,3,44.849999999999994,2,0.12,0.18,Low Demand
MEDIUM CERAMIC TOP STORAGE JAR,77916,81416.73000000001,195,3116.64,4674.96,High Demand
MEDIUM CHINESE STYLE SCISSOR,1573,711.88,65,62.92,94.38,Medium Demand
MEDIUM MEDINA STAMPED METAL BOWL ,935,2681.4500000000003,132,37.4,56.099999999999994,Medium Demand
MEDIUM PARLOUR FRAME ,22,84.1,2,0.88,1.32,Low Demand
MEDIUM PARLOUR PICTURE FRAME ,136,550.0,34,5.44,8.16,Low Demand
MEDIUM PINK BUDDHA HEAD ,93,274.35,27,3.72,5.58,Low Demand
MEDIUM WHITE/PINK ROSE ART FLOWER,249,355.53000000000003,26,9.96,14.940000000000001,Low Demand
MEMO BOARD COTTAGE DESIGN,3648,16812.74,655,145.92,218.88,High Demand
MEMO BOARD RETROSPOT  DESIGN,5436,23985.32,737,217.44,326.15999999999997,High Demand
METAL 4 HOOK HANGER FRENCH CHATEAU,4644,13158.84,714,185.76,278.64,High Demand
METAL BASE FOR CANDLES,178,68.52,12,7.12,10.68,Low Demand
METAL DECORATION NAUGHTY CHILDREN ,2052,1793.1599999999999,130,82.08,123.12,Medium Demand
METAL HERB GERDEN CONTAINER,24,139.68,5,0.96,1.44,Low Demand
METAL MEDINA LANTERN ,296,2696.1,36,11.84,17.759999999999998,Low Demand
METAL MERRY CHRISTMAS WREATH,2888,5479.8,299,115.52,173.28,High Demand
METAL RABBIT LADDER EASTER ,176,149.6,26,7.04,10.56,Low Demand
METAL SHELF WITH RAIL ,339,2839.0,156,13.56,20.34,Low Demand
METAL SIGN CUPCAKE SINGLE HOOK,854,752.1,126,34.16,51.239999999999995,Medium Demand
METAL SIGN DROP YOUR PANTS,1232,3192.56,171,49.28,73.92,Medium Demand
METAL SIGN EMPIRE TEA,2726,4689.68,350,109.04,163.56,High Demand
METAL SIGN HER DINNER IS SERVED ,1727,5060.45,196,69.08,103.62,Medium Demand
METAL SIGN HIS DINNER IS SERVED,745,954.19,127,29.8,44.7,Medium Demand
METAL SIGN NEIGHBOURHOOD WITCH ,2298,4686.3,308,91.92,137.88,Medium Demand
METAL SIGN TAKE IT OR LEAVE IT ,6876,19045.920000000002,766,275.04,412.56000000000006,High Demand
"METAL SIGN,CUPCAKE SINGLE HOOK",1656,1621.8,148,66.24,99.35999999999999,Medium Demand
METAL TUBE CHIME ON BAMBOO,1212,1529.64,62,48.48,72.72,Medium Demand
METAL WALL SHELF UNIT WITH HOOKS,27,968.08,11,1.08,1.62,Low Demand
METALIC LEAVES BAG CHARMS,68,168.72,18,2.72,4.08,Low Demand
MIDNIGHT BLUE COPPER FLOWER NECKLAC,14,83.30000000000001,9,0.56,0.8400000000000001,Low Demand
MIDNIGHT BLUE CRYSTAL DROP EARRINGS,2,5.9,2,0.08,0.12,Low Demand
MIDNIGHT BLUE DROP CRYSTAL NECKLACE,8,23.6,2,0.32,0.48,Low Demand
MIDNIGHT BLUE GLASS/SILVER BRACELET,31,271.0,14,1.24,1.8599999999999999,Low Demand
MIDNIGHT BLUE PAIR HEART HAIR SLIDE,25,93.75,10,1.0,1.5,Low Demand
MIDNIGHT BLUE VINTAGE EARRINGS,41,153.75,10,1.64,2.46,Low Demand
MIDNIGHT GLAMOUR SCARF KNITTING KIT,543,803.02,78,21.72,32.58,Medium Demand
MILK BOTTLE WITH GLASS STOPPER ,240,1632.0,92,9.6,14.399999999999999,Low Demand
MILK MAIDS MUG ,204,336.6,23,8.16,12.24,Low Demand
MILK PAN BLUE POLKADOT,124,407.5,41,4.96,7.4399999999999995,Low Demand
MILK PAN BLUE RETROSPOT,290,1035.66,56,11.6,17.4,Low Demand
MILK PAN PINK POLKADOT,301,1059.63,40,12.04,18.06,Low Demand
MILK PAN PINK RETROSPOT,663,2396.9700000000003,116,26.52,39.78,Medium Demand
MILK PAN RED RETROSPOT,1237,4424.14,270,49.48,74.22,Medium Demand
MINATURE COLOURED GARDENING SET,717,3336.65,160,28.68,43.019999999999996,Medium Demand
MINI  ZINC GARDEN DECORATIONS ,1282,673.06,49,51.28,76.92,Medium Demand
MINI CAKE STAND  HANGING STRAWBERY,4511,6764.23,476,180.44,270.65999999999997,High Demand
MINI CAKE STAND HANGING HEARTS,323,523.35,51,12.92,19.38,Low Demand
MINI CAKE STAND T-LIGHT HOLDER,2054,839.64,93,82.16,123.24,Medium Demand
MINI CAKE STAND WITH HANGING CAKES,3615,4837.15,311,144.6,216.89999999999998,High Demand
MINI FUNKY DESIGN TAPES,2016,1601.8,120,80.64,120.96000000000001,Medium Demand
MINI HAND WARMER BABUSHKA DESIGN,108,214.8,5,4.32,6.48,Low Demand
MINI HIGHLIGHTER PENS,15001,1530.12,49,600.04,900.06,High Demand
MINI JIGSAW BAKE A CAKE ,3249,1263.67,87,129.96,194.94,High Demand
MINI JIGSAW BUNNIES,2950,1168.41,123,118.0,177.0,High Demand
MINI JIGSAW BUNNIES AT HOME,432,181.44,9,17.28,25.92,Low Demand
MINI JIGSAW CIRCUS PARADE ,6183,2387.46,151,247.32,370.98,High Demand
MINI JIGSAW DINOSAUR ,1922,776.79,109,76.88,115.32,Medium Demand
MINI JIGSAW DOLLY GIRL,5588,2182.49,169,223.52,335.28000000000003,High Demand
MINI JIGSAW FIDO,672,282.24,10,26.88,40.32,Medium Demand
MINI JIGSAW GO TO THE FAIR,1410,581.16,62,56.4,84.6,Medium Demand
MINI JIGSAW LEAP FROG,1193,471.98,40,47.72,71.58,Medium Demand
MINI JIGSAW PURDEY,3640,1426.45,125,145.6,218.39999999999998,High Demand
MINI JIGSAW SPACEBOY,9364,3677.06,261,374.56,561.84,High Demand
MINI LADLE LOVE HEART PINK,243,106.98,45,9.72,14.580000000000002,Low Demand
MINI LADLE LOVE HEART RED ,631,252.66000000000003,54,25.24,37.86,Medium Demand
MINI LIGHTS WOODLAND MUSHROOMS,1719,6126.09,173,68.76,103.14000000000001,Medium Demand
MINI PAINT SET VINTAGE ,43621,27120.489999999998,618,1744.84,2617.2599999999998,High Demand
MINI PAINT SET VINTAGE  BOY+ GIRL,1188,714.5999999999999,17,47.52,71.28,Medium Demand
MINI PAINTED GARDEN DECORATION ,2803,1022.0699999999999,96,112.12,168.18,High Demand
MINI PLAYING CARDS BUFFALO BILL ,2841,1129.02,101,113.64,170.46,High Demand
MINI PLAYING CARDS DOLLY GIRL ,2476,1014.72,106,99.04,148.56,Medium Demand
MINI PLAYING CARDS FUN FAIR ,1043,434.46000000000004,54,41.72,62.58,Medium Demand
MINI PLAYING CARDS GYMKHANA,2298,902.16,95,91.92,137.88,Medium Demand
MINI PLAYING CARDS SPACEBOY ,2718,1116.36,127,108.72,163.07999999999998,High Demand
MINI WOODEN HAPPY BIRTHDAY GARLAND,4935,7916.79,376,197.4,296.1,High Demand
MINIATURE ANTIQUE ROSE HOOK IVORY,2070,1715.7,230,82.8,124.19999999999999,Medium Demand
MINITURE ANTIQUE ROSE HOOK IVORY,48,40.8,4,1.92,2.88,Low Demand
MINT DINER CLOCK,2,17.0,1,0.08,0.12,Low Demand
MINT DINER WALL CLOCK,365,3051.5,154,14.6,21.9,Low Demand
MINT GREEN ROSE TOWEL,108,502.20000000000005,30,4.32,6.48,Low Demand
MINT KITCHEN SCALES,1512,12525.99,558,60.48,90.72,Medium Demand
MIRROR CORNICE,102,1507.3,63,4.08,6.12,Low Demand
MIRROR LOVE BIRD T-LIGHT HOLDER,381,654.15,24,15.24,22.86,Low Demand
MIRROR MOSAIC CANDLE PLATE,1026,694.26,41,41.04,61.56,Medium Demand
MIRROR MOSAIC GOBLET CANDLE HOLDER,613,937.25,26,24.52,36.78,Medium Demand
MIRROR MOSAIC HURRICANE LAMP ,427,1171.85,36,17.08,25.619999999999997,Low Demand
MIRROR MOSAIC T-LIGHT HOLDER ,1747,1039.35,41,69.88,104.82,Medium Demand
MIRROR MOSAIC T-LIGHT HOLDER ROUND,1616,1398.24,50,64.64,96.96000000000001,Medium Demand
MIRROR MOSAIC VOTIVE HOLDER,1102,1044.1200000000001,49,44.08,66.12,Medium Demand
"MIRROR, ARCHED GEORGIAN",200,3884.000000000001,1,8.0,12.0,Low Demand
MIRRORED DISCO BALL ,1347,7195.8,280,53.88,80.82000000000001,Medium Demand
MIRRORED DOVE WALL DECORATION,256,539.63,42,10.24,15.36,Low Demand
MIRRORED WALL ART FOXY,50,188.05,16,2.0,3.0,Low Demand
MIRRORED WALL ART GENTS,198,207.95999999999998,45,7.92,11.879999999999999,Low Demand
MIRRORED WALL ART LADIES,195,175.05,39,7.8,11.7,Low Demand
MIRRORED WALL ART PHOTO FRAMES,156,615.0,26,6.24,9.36,Low Demand
MIRRORED WALL ART POPPIES,368,389.4,41,14.72,22.080000000000002,Low Demand
MIRRORED WALL ART SKULLS,458,715.0,61,18.32,27.48,Low Demand
MIRRORED WALL ART SNOWFLAKES,629,528.15,57,25.16,37.74,Medium Demand
MIRRORED WALL ART SPLODGES,128,195.0,17,5.12,7.68,Low Demand
MIRRORED WALL ART STARS,450,579.3000000000001,60,18.0,27.0,Low Demand
MIRRORED WALL ART TABLE LAMP,141,193.23000000000002,36,5.64,8.459999999999999,Low Demand
MISELTOE HEART WREATH ,80,312.8,5,3.2,4.800000000000001,Low Demand
MISELTOE HEART WREATH CREAM,240,996.0,1,9.6,14.399999999999999,Low Demand
MISELTOE HEART WREATH WHITE,78,304.5,4,3.12,4.68,Low Demand
MISTLETOE HEART WREATH CREAM,576,2336.2799999999997,103,23.04,34.56,Medium Demand
MISTLETOE HEART WREATH GREEN,838,3435.62,162,33.52,50.28,Medium Demand
MIXED NUTS LIGHT GREEN BOWL,678,466.53000000000003,68,27.12,40.68,Medium Demand
MOBILE VINTAGE HEARTS ,441,2147.25,155,17.64,26.46,Low Demand
MOCK LOBSTER FRIDGE MAGNET,453,270.89,48,18.12,27.18,Low Demand
MODERN CHRISTMAS BAUBLE CANDLE ,10,4.2,3,0.4,0.6000000000000001,Low Demand
MODERN CHRISTMAS TREE CANDLE,4,7.6000000000000005,2,0.16,0.24,Low Demand
MODERN CHRISTMAS TREE CANDLE ,2,4.2,2,0.08,0.12,Low Demand
MODERN FLORAL STATIONERY SET,1804,2861.2000000000003,233,72.16,108.24,Medium Demand
MODERN VINTAGE COTTON SHOPPING BAG,856,1014.0,46,34.24,51.36,Medium Demand
MONEY BOX BISCUITS DESIGN,1622,2152.8999999999996,119,64.88,97.32,Medium Demand
MONEY BOX CONFECTIONERY DESIGN,628,743.85,75,25.12,37.68,Medium Demand
MONEY BOX FIRST ADE DESIGN,385,463.01,55,15.4,23.1,Low Demand
MONEY BOX FIRST AID DESIGN,43,34.32,10,1.72,2.58,Low Demand
MONEY BOX HOUSEKEEPING DESIGN,1307,1556.48,168,52.28,78.42,Medium Demand
MONEY BOX KINGS CHOICE DESIGN,2415,2986.53,171,96.6,144.89999999999998,Medium Demand
MONEY BOX POCKET MONEY DESIGN,1603,1891.55,190,64.12,96.18,Medium Demand
MONSTERS STENCIL CRAFT,3973,4644.29,362,158.92,238.38,High Demand
MONTANA DIAMOND CLUSTER EARRINGS,6,15.3,1,0.24,0.36,Low Demand
MONTANA DIAMOND CLUSTER NECKLACE,4,35.8,3,0.16,0.24,Low Demand
MOODY BOY  DOOR HANGER ,2073,1324.23,214,82.92,124.38,Medium Demand
MOODY GIRL DOOR HANGER ,2531,1640.9099999999999,260,101.24,151.85999999999999,High Demand
MOON INCENSE,50,10.5,2,2.0,3.0,Low Demand
MOP PENDANT SHELL NECKLACE,10,49.5,4,0.4,0.6000000000000001,Low Demand
MORE BUTTER METAL SIGN ,1529,1996.75,195,61.16,91.74,Medium Demand
MOROCCAN BEATEN METAL DISH,164,707.8000000000001,24,6.56,9.84,Low Demand
MOROCCAN BEATEN METAL DISH LARGE,104,793.74,24,4.16,6.24,Low Demand
MOROCCAN BEATEN METAL MIRROR,262,1442.9,42,10.48,15.72,Low Demand
MOROCCAN TEA GLASS,11609,8633.81,333,464.36,696.54,High Demand
MOSAIC CANDLE DISH BLUE PURPLE,144,122.4,2,5.76,8.64,Low Demand
MOSAIC GLASS BALL CANDLEHOLDER,97,121.25,18,3.88,5.82,Low Demand
MOTHER'S KITCHEN SPOON REST ,178,690.71,58,7.12,10.68,Low Demand
MOTORING TISSUE BOX,2344,1385.1599999999999,247,93.76,140.64000000000001,Medium Demand
MOUSE TOY WITH PINK T-SHIRT,883,3315.05,312,35.32,52.980000000000004,Medium Demand
MOUSEY LONG LEGS SOFT TOY,210,524.7,45,8.4,12.600000000000001,Low Demand
MR ROBOT SOFT TOY,345,1200.95,64,13.8,20.700000000000003,Low Demand
MRS ROBOT SOFT TOY,269,972.5500000000001,49,10.76,16.14,Low Demand
MUG AND COASTER SET RED CIRCLES,378,158.76,2,15.12,22.68,Low Demand
MUG PINK AND PURPLE ARABIC DESIGN,6,3.9,1,0.24,0.36,Low Demand
MULTI COLOUR SILVER T-LIGHT HOLDER,22134,17616.12,585,885.36,1328.04,High Demand
MULTI HEARTS  STICKERS,1073,899.05,127,42.92,64.38,Medium Demand
MULTICOLOUR  CONFETTI IN TUBE,425,623.01,31,17.0,25.5,Low Demand
MULTICOLOUR 3D BALLS GARLAND,608,1485.6,109,24.32,36.480000000000004,Medium Demand
MULTICOLOUR CRUSOE CHECK LAMPSHADE,48,20.16,10,1.92,2.88,Low Demand
MULTICOLOUR DOTS PLATE,688,71.80000000000001,2,27.52,41.28,Medium Demand
MULTICOLOUR EASTER RABBIT ,52,101.39999999999999,12,2.08,3.12,Low Demand
MULTICOLOUR FEATHERS CURTAIN,72,236.40000000000003,3,2.88,4.32,Low Demand
MULTICOLOUR GLASS PLATE,116,63.800000000000004,16,4.64,6.959999999999999,Low Demand
MULTICOLOUR HONEYCOMB FAN,1355,1018.17,84,54.2,81.30000000000001,Medium Demand
MULTICOLOUR HONEYCOMB PAPER GARLAND,1287,1724.3500000000001,75,51.48,77.22,Medium Demand
MULTICOLOUR POLKADOT PLATE,696,78.60000000000001,2,27.84,41.76,Medium Demand
MULTICOLOUR RABBIT EGG WARMER,261,311.75,41,10.44,15.66,Low Demand
MULTICOLOUR SPRING FLOWER MUG,13093,2547.81,95,523.72,785.58,High Demand
MUM'S KITCHEN CLOCK,104,471.90000000000003,36,4.16,6.24,Low Demand
MUMMY MOUSE RED GINGHAM RIBBON,201,1074.45,81,8.04,12.059999999999999,Low Demand
MURANO STYLE GLASS BRACELET BLACK,46,161.0,17,1.84,2.7600000000000002,Low Demand
MURANO STYLE GLASS BRACELET GOLD,29,101.5,10,1.16,1.7399999999999998,Low Demand
MURANO STYLE GLASS BRACELET PINK,26,91.0,10,1.04,1.56,Low Demand
MURANO STYLE GLASS BRACELET RED,23,80.5,10,0.92,1.3800000000000001,Low Demand
MUSHROOM BLUE HOT WATER BOTTLE,669,1901.5500000000002,136,26.76,40.14,Medium Demand
MUSICAL ZINC HEART DECORATION ,2499,943.93,113,99.96,149.94,Medium Demand
Manual,9803,152340.57,620,392.12,588.1800000000001,High Demand
N0 SINGING METAL SIGN,1197,2523.78,35,47.88,71.82000000000001,Medium Demand
NAMASTE SWAGAT INCENSE,4430,1161.24,75,177.2,265.79999999999995,High Demand
NATURAL BARK CANDLE LARGE,350,1424.5,59,14.0,21.0,Low Demand
NATURAL BARK CANDLE SMALL,516,1578.0,68,20.64,30.96,Medium Demand
NATURAL HANGING QUILTED HEARTS ,1432,1117.28,67,57.28,85.92,Medium Demand
NATURAL RIVIERA HANDBAG,52,116.7,7,2.08,3.12,Low Demand
NATURAL SLATE CHALKBOARD LARGE ,4048,17795.56,595,161.92,242.88,High Demand
NATURAL SLATE HEART CHALKBOARD ,14508,41203.920000000006,1637,580.32,870.48,High Demand
NATURAL SLATE RECTANGLE CHALKBOARD,6496,10356.56,653,259.84,389.76,High Demand
NECKLACE+BRACELET PINK BUTTERFLY,61,155.54999999999998,23,2.44,3.66,Low Demand
NECKLACE+BRACELET SET BLUE BLOSSOM,31,79.05,11,1.24,1.8599999999999999,Low Demand
NECKLACE+BRACELET SET BLUE HIBISCUS,29,73.94999999999999,17,1.16,1.7399999999999998,Low Demand
NECKLACE+BRACELET SET FRUIT SALAD ,36,91.8,21,1.44,2.16,Low Demand
NECKLACE+BRACELET SET PINK BLOSSOM,7,17.85,2,0.28,0.42000000000000004,Low Demand
NECKLACE+BRACELET SET PINK DAISY,22,56.1,9,0.88,1.32,Low Demand
NEW BAROQUE B'FLY NECKLACE BLACK,5,42.5,4,0.2,0.30000000000000004,Low Demand
NEW BAROQUE B'FLY NECKLACE CRYSTAL,3,25.5,2,0.12,0.18,Low Demand
NEW BAROQUE B'FLY NECKLACE GREEN,6,51.0,5,0.24,0.36,Low Demand
NEW BAROQUE B'FLY NECKLACE MONTANA,12,102.0,7,0.48,0.72,Low Demand
NEW BAROQUE B'FLY NECKLACE PINK,13,110.5,11,0.52,0.78,Low Demand
NEW BAROQUE B'FLY NECKLACE RED,10,85.0,6,0.4,0.6000000000000001,Low Demand
NEW BAROQUE BLACK BOXES,5,63.75,4,0.2,0.30000000000000004,Low Demand
NEW BAROQUE BLACK PHOTO ALBUM,69,481.05,37,2.76,4.14,Low Demand
NEW BAROQUE IVORY CUSHION COVER ,254,607.7,12,10.16,15.24,Low Demand
NEW BAROQUE JEWELLERY BOX ,94,717.3000000000001,39,3.76,5.64,Low Demand
NEW BAROQUE LARGE NECKLACE BLK/WHIT,10,85.0,5,0.4,0.6000000000000001,Low Demand
NEW BAROQUE SMALL NECKLACE BLACK,21,178.5,10,0.84,1.26,Low Demand
NEW BAROQUE WALL MIRROR,1,12.75,1,0.04,0.06,Low Demand
NEW ENGLAND CERAMIC CAKE SERVER,90,229.5,44,3.6,5.4,Low Demand
NEW ENGLAND EGG WARMER,120,66.0,23,4.8,7.199999999999999,Low Demand
NEW ENGLAND MILK JUG W GIFT BOX,30,178.5,22,1.2,1.7999999999999998,Low Demand
NEW ENGLAND MUG W GIFT BOX,31,79.05,14,1.24,1.8599999999999999,Low Demand
NEW ENGLAND PLACEMATS,32,120.0,10,1.28,1.92,Low Demand
NEW ENGLAND TEATOWELS,124,316.2,41,4.96,7.4399999999999995,Low Demand
NEWSPAPER STAND,325,3467.67,42,13.0,19.5,Low Demand
NIGHTINGALE COATHOOK WHITE,321,500.04999999999995,40,12.84,19.259999999999998,Low Demand
NINJA RABBIT BLACK,237,297.64,40,9.48,14.22,Low Demand
NINJA RABBIT PINK,280,344.3,46,11.2,16.799999999999997,Low Demand
NO JUNK MAIL METAL SIGN,4074,3082.96,359,162.96,244.44,High Demand
NO SINGING METAL SIGN,11412,22510.56,970,456.48,684.72,High Demand
NOEL GARLAND PAINTED ZINC ,1370,1052.28,95,54.8,82.19999999999999,Medium Demand
NOEL WOODEN BLOCK LETTERS ,1462,8640.640000000001,386,58.48,87.72,Medium Demand
NOVELTY BISCUITS CAKE STAND 3 TIER,804,7515.219999999999,230,32.16,48.239999999999995,Medium Demand
NUMBER TILE COTTAGE GARDEN 0 ,56,109.2,12,2.24,3.3600000000000003,Low Demand
NUMBER TILE COTTAGE GARDEN 1,70,136.5,20,2.8,4.199999999999999,Low Demand
NUMBER TILE COTTAGE GARDEN 2,70,136.5,17,2.8,4.199999999999999,Low Demand
NUMBER TILE COTTAGE GARDEN 3 ,52,101.39999999999999,10,2.08,3.12,Low Demand
NUMBER TILE COTTAGE GARDEN 4,59,115.05,16,2.36,3.54,Low Demand
NUMBER TILE COTTAGE GARDEN 5,50,97.5,15,2.0,3.0,Low Demand
NUMBER TILE COTTAGE GARDEN 6,58,113.1,15,2.32,3.4799999999999995,Low Demand
NUMBER TILE COTTAGE GARDEN 7,54,105.3,16,2.16,3.24,Low Demand
NUMBER TILE COTTAGE GARDEN 8,53,103.35,11,2.12,3.18,Low Demand
NUMBER TILE COTTAGE GARDEN 9,60,117.0,16,2.4,3.5999999999999996,Low Demand
NUMBER TILE COTTAGE GARDEN No,55,115.5,13,2.2,3.3000000000000003,Low Demand
"NUMBER TILE COTTAGE GARDEN, 0 ",56,109.19999999999999,2,2.24,3.3600000000000003,Low Demand
"NUMBER TILE COTTAGE GARDEN, 1",63,122.85,7,2.52,3.7800000000000002,Low Demand
"NUMBER TILE COTTAGE GARDEN, 2",56,109.19999999999999,2,2.24,3.3600000000000003,Low Demand
"NUMBER TILE COTTAGE GARDEN, 3 ",56,109.19999999999999,2,2.24,3.3600000000000003,Low Demand
"NUMBER TILE COTTAGE GARDEN, 4",56,109.19999999999999,2,2.24,3.3600000000000003,Low Demand
"NUMBER TILE COTTAGE GARDEN, 5",57,111.14999999999999,3,2.28,3.42,Low Demand
"NUMBER TILE COTTAGE GARDEN, 6",56,109.19999999999999,2,2.24,3.3600000000000003,Low Demand
"NUMBER TILE COTTAGE GARDEN, 7",56,109.19999999999999,2,2.24,3.3600000000000003,Low Demand
"NUMBER TILE COTTAGE GARDEN, 8",56,109.19999999999999,2,2.24,3.3600000000000003,Low Demand
"NUMBER TILE COTTAGE GARDEN, 9",58,113.1,4,2.32,3.4799999999999995,Low Demand
"NUMBER TILE COTTAGE GARDEN, No",43,90.3,3,1.72,2.58,Low Demand
NUMBER TILE VINTAGE FONT 0,63,71.29,9,2.52,3.7800000000000002,Low Demand
NUMBER TILE VINTAGE FONT 1,75,94.69,13,3.0,4.5,Low Demand
NUMBER TILE VINTAGE FONT 2,81,106.39,14,3.24,4.86,Low Demand
NUMBER TILE VINTAGE FONT 3,91,125.89,25,3.64,5.46,Low Demand
NUMBER TILE VINTAGE FONT 4,78,100.53999999999999,11,3.12,4.68,Low Demand
NUMBER TILE VINTAGE FONT 5,78,100.53999999999999,18,3.12,4.68,Low Demand
NUMBER TILE VINTAGE FONT 6 ,85,114.19,16,3.4,5.1,Low Demand
NUMBER TILE VINTAGE FONT 7,74,92.74,13,2.96,4.4399999999999995,Low Demand
NUMBER TILE VINTAGE FONT 8,70,84.94,13,2.8,4.199999999999999,Low Demand
NUMBER TILE VINTAGE FONT 9 ,66,77.14,10,2.64,3.96,Low Demand
NUMBER TILE VINTAGE FONT No ,149,168.78,8,5.96,8.94,Low Demand
"NUMBER TILE VINTAGE FONT, 0",8,17.36,1,0.32,0.48,Low Demand
"NUMBER TILE VINTAGE FONT, 1",8,17.36,1,0.32,0.48,Low Demand
"NUMBER TILE VINTAGE FONT, 2",8,17.36,1,0.32,0.48,Low Demand
"NUMBER TILE VINTAGE FONT, 3",8,17.36,1,0.32,0.48,Low Demand
"NUMBER TILE VINTAGE FONT, 4",8,17.36,1,0.32,0.48,Low Demand
"NUMBER TILE VINTAGE FONT, 5",8,17.36,1,0.32,0.48,Low Demand
"NUMBER TILE VINTAGE FONT, 6 ",8,17.36,1,0.32,0.48,Low Demand
"NUMBER TILE VINTAGE FONT, 7",8,17.36,1,0.32,0.48,Low Demand
"NUMBER TILE VINTAGE FONT, 8",8,17.36,1,0.32,0.48,Low Demand
"NUMBER TILE VINTAGE FONT, No ",22,48.6,2,0.88,1.32,Low Demand
NURSE'S BAG SOFT TOY,361,3210.95,163,14.44,21.66,Low Demand
"NURSERY A,B,C PAINTED LETTERS",408,2304.4,157,16.32,24.48,Low Demand
Next Day Carriage,79,1200.0,79,3.16,4.74,Low Demand
OCCASIONS GIFT CARD ASSORTMENT,120,66.0,1,4.8,7.199999999999999,Low Demand
OCEAN SCENT CANDLE IN JEWELLED BOX,1508,3990.38,189,60.32,90.48,Medium Demand
OCEAN SCENT CANDLE JEWELLED DRAWER,90,382.5,34,3.6,5.4,Low Demand
OCEAN STRIPE HAMMOCK ,294,2253.3,105,11.76,17.64,Low Demand
OFFICE MUG WARMER BLACK+SILVER ,1955,5630.05,190,78.2,117.30000000000001,Medium Demand
OFFICE MUG WARMER CHOC+BLUE,1058,3427.6400000000003,180,42.32,63.480000000000004,Medium Demand
OFFICE MUG WARMER PINK,989,3008.69,106,39.56,59.34,Medium Demand
OFFICE MUG WARMER POLKADOT,1037,3310.6900000000005,188,41.48,62.22,Medium Demand
OLD DOC RUSSEL METAL SIGN,211,443.1,83,8.44,12.66,Low Demand
OLD DOC.RUSSEL METAL SIGN,9,18.9,4,0.36,0.54,Low Demand
OLD ROSE COMBO BEAD NECKLACE,12,35.400000000000006,2,0.48,0.72,Low Demand
OLIVE CHALET BIRDFEEDER,252,685.0,20,10.08,15.120000000000001,Low Demand
OPAL WHITE/SILVER FLOWER NECKLACE,1,5.95,1,0.04,0.06,Low Demand
OPEN CLOSED METAL SIGN,2901,13951.560000000001,580,116.04,174.06,High Demand
OPIUM SCENTED VOTIVE CANDLE,1992,497.03999999999996,48,79.68,119.52000000000001,Medium Demand
OPULENT VELVET CANDLE IN BOX,27,41.4,4,1.08,1.62,Low Demand
OPULENT VELVET SET/3 CANDLES,1205,1719.6000000000001,76,48.2,72.30000000000001,Medium Demand
ORANGE CANDLE,12,10.2,1,0.48,0.72,Low Demand
ORANGE COCKTAIL GLASS LAMP,61,128.10000000000002,14,2.44,3.66,Low Demand
ORANGE FELT VASE + FLOWERS,10,12.5,5,0.4,0.6000000000000001,Low Demand
ORANGE FLOWER MUG ,5395,571.7099999999999,7,215.8,323.70000000000005,High Demand
ORANGE PENDANT TRIPLE SHELL NECKLAC,7,34.65,3,0.28,0.42000000000000004,Low Demand
ORANGE SCENTED SET/9 T-LIGHTS,1421,1184.45,208,56.84,85.26,Medium Demand
ORANGE TV TRAY TABLE ,497,1061.15,47,19.88,29.82,Low Demand
ORANGE VOTIVE CANDLE,1728,439.67999999999995,46,69.12,103.68,Medium Demand
ORANGE/FUSCHIA STONES NECKLACE,9,44.550000000000004,2,0.36,0.54,Low Demand
ORANGE/WHT/FUSCHIA STONES NECKLACE,6,29.700000000000003,1,0.24,0.36,Low Demand
ORGANISER WOOD ANTIQUE WHITE ,657,5451.3,302,26.28,39.42,Medium Demand
"ORGANISER WOOD, ANTIQUE WHITE ",3,25.5,2,0.12,0.18,Low Demand
ORIENTAL BLUE C/COVER ,9,41.85,5,0.36,0.54,Low Demand
ORIENTAL BLUE CUSHION COVER ,218,299.7,7,8.72,13.080000000000002,Low Demand
ORIENTAL RED C/COVER ,20,88.2,5,0.8,1.2000000000000002,Low Demand
ORIENTAL RED CUSHION COVER ,132,239.8,10,5.28,7.92,Low Demand
ORIGAMI JASMINE INCENSE IN TUBE,255,217.6,2,10.2,15.299999999999999,Low Demand
ORIGAMI JASMINE INCENSE+FLOWER ,19,11.100000000000001,2,0.76,1.1400000000000001,Low Demand
ORIGAMI JASMINE INCENSE/CANDLE SET,617,590.8499999999999,48,24.68,37.019999999999996,Medium Demand
ORIGAMI LAVENDER INCENSE CONES,96,40.32,1,3.84,5.76,Low Demand
ORIGAMI LAVENDER INCENSE IN TUBE,213,89.46000000000001,2,8.52,12.78,Low Demand
ORIGAMI LAVENDER INCENSE+FLOWER,334,217.1,1,13.36,20.04,Low Demand
ORIGAMI LAVENDER INCENSE/CANDL SET ,778,749.8,56,31.12,46.68,Medium Demand
ORIGAMI OPIUM INCENSE CONES,93,33.3,4,3.72,5.58,Low Demand
ORIGAMI OPIUM INCENSE/CANDLE SET ,264,248.39999999999998,12,10.56,15.84,Low Demand
ORIGAMI OPIUM SCENT INCENSE+FLOWER,124,80.60000000000001,1,4.96,7.4399999999999995,Low Demand
ORIGAMI ROSE INCENSE CONES,476,194.28,5,19.04,28.56,Low Demand
ORIGAMI ROSE INCENSE IN TUBE,1048,515.46,21,41.92,62.88,Medium Demand
ORIGAMI ROSE INCENSE+FLOWER,207,129.3,2,8.28,12.419999999999998,Low Demand
ORIGAMI ROSE INCENSE/CANDLE SET ,428,430.09999999999997,51,17.12,25.68,Low Demand
ORIGAMI SANDLEWOOD INCENSE CONES,61,23.699999999999996,4,2.44,3.66,Low Demand
ORIGAMI SANDLEWOOD INCENSE IN TUBE,61,25.05,4,2.44,3.66,Low Demand
ORIGAMI SANDLEWOOD INCENSE+FLOWER,380,315.15,15,15.2,22.799999999999997,Low Demand
ORIGAMI SANDLEWOOD INCENSE/CAND SET,493,451.45,47,19.72,29.58,Low Demand
ORIGAMI VANILLA INCENSE CONES,247,111.81,9,9.88,14.82,Low Demand
ORIGAMI VANILLA INCENSE+FLOWER ,254,150.0,6,10.16,15.24,Low Demand
ORIGAMI VANILLA INCENSE/CANDLE SET ,644,586.6,34,25.76,38.64,Medium Demand
ORNATE EDWARDIAN CANDLE HOLDER,6,47.7,4,0.24,0.36,Low Demand
OVAL  MINI PORTRAIT FRAME,323,627.4499999999999,46,12.92,19.38,Low Demand
OVEN MITT APPLE DESIGN,337,468.65,30,13.48,20.22,Low Demand
OVEN MITT APPLES DESIGN,1564,2236.36,218,62.56,93.84,Medium Demand
OVERNIGHT BAG VINTAGE ROSE PAISLEY,835,4077.25,239,33.4,50.099999999999994,Medium Demand
OWL DOORSTOP,972,4658.64,246,38.88,58.32000000000001,Medium Demand
OWLS CHARLOTTE BAG,1,0.85,1,0.04,0.06,Low Demand
OYSTER TRINKET BOX,116,302.12,25,4.64,6.959999999999999,Low Demand
PACK 20 DOLLY PEGS,2623,2042.35,179,104.92,157.38,High Demand
PACK 20 ENGLISH ROSE PAPER NAPKINS,6667,5155.389999999999,528,266.68,400.02,High Demand
PACK 3 BOXES BIRD PANETTONE ,177,340.33,14,7.08,10.620000000000001,Low Demand
PACK 3 BOXES BIRD PANNETONE ,3692,6889.999999999999,276,147.68,221.52,High Demand
PACK 3 BOXES CHRISTMAS PANETTONE,39,95.67,12,1.56,2.34,Low Demand
PACK 3 BOXES CHRISTMAS PANNETONE,4420,8327.9,339,176.8,265.20000000000005,High Demand
PACK 3 FIRE ENGINE/CAR PATCHES,437,546.25,63,17.48,26.22,Low Demand
PACK 3 IRON ON DOG PATCHES,462,578.71,64,18.48,27.72,Low Demand
PACK 4 FLOWER/BUTTERFLY PATCHES,351,438.75,50,14.04,21.06,Low Demand
PACK 6 HEART/ICE-CREAM PATCHES,833,1043.67,96,33.32,49.980000000000004,Medium Demand
PACK OF 12 50'S CHRISTMAS TISSUES,3419,1272.9299999999998,144,136.76,205.14,High Demand
PACK OF 12 BLUE PAISLEY TISSUES ,6148,1819.7599999999998,263,245.92,368.88,High Demand
PACK OF 12 CHRISTMAS FUN CARDS,49,144.55,13,1.96,2.94,Low Demand
PACK OF 12 CIRCUS PARADE TISSUES ,3790,1126.7199999999998,136,151.6,227.39999999999998,High Demand
PACK OF 12 COLOURED PENCILS,7446,5936.76,360,297.84,446.76,High Demand
PACK OF 12 DOILEY TISSUES,72,28.08,2,2.88,4.32,Low Demand
PACK OF 12 DOLLY GIRL TISSUES,1203,469.16999999999996,80,48.12,72.17999999999999,Medium Demand
PACK OF 12 HEARTS DESIGN TISSUES ,24938,8491.519999999999,734,997.52,1496.28,High Demand
PACK OF 12 LONDON TISSUES ,38084,10809.66,633,1523.36,2285.04,High Demand
PACK OF 12 PAISLEY PARK TISSUES ,1617,630.63,95,64.68,97.02000000000001,Medium Demand
PACK OF 12 PINK PAISLEY TISSUES ,25295,6922.05,350,1011.8,1517.6999999999998,High Demand
PACK OF 12 PINK POLKADOT TISSUES,4995,1422.6899999999998,221,199.8,299.70000000000005,High Demand
PACK OF 12 PINK SPOT TISSUES ,8159,3061.25,155,326.36,489.54,High Demand
PACK OF 12 RED APPLE TISSUES,1175,428.01,50,47.0,70.5,Medium Demand
PACK OF 12 RED RETROSPOT TISSUES ,8633,2594.0899999999997,345,345.32,517.98,High Demand
PACK OF 12 RED SPOTTY TISSUES ,22643,5923.089999999999,224,905.72,1358.58,High Demand
PACK OF 12 SKULL TISSUES,15702,4319.76,371,628.08,942.1200000000001,High Demand
PACK OF 12 SPACEBOY TISSUES,5577,1717.2499999999998,298,223.08,334.62,High Demand
PACK OF 12 STICKY BUNNIES,1895,1219.75,190,75.8,113.69999999999999,Medium Demand
PACK OF 12 SUKI TISSUES ,32050,9941.4,521,1282.0,1923.0,High Demand
PACK OF 12 TRADITIONAL CRAYONS,17244,6954.45,609,689.76,1034.6399999999999,High Demand
PACK OF 12 VINTAGE CHRISTMAS TISSUE,2642,1000.14,113,105.68,158.52,High Demand
PACK OF 12 VINTAGE DOILY TISSUES,2087,783.6899999999999,92,83.48,125.22,Medium Demand
PACK OF 12 VINTAGE LEAF TISSUES ,1487,549.6899999999999,64,59.48,89.22,Medium Demand
PACK OF 12 WOODLAND TISSUES ,26115,6929.429999999999,386,1044.6,1566.8999999999999,High Demand
PACK OF 20 FAIRY CAKE PAPER NAPKINS,621,507.69,61,24.84,37.26,Medium Demand
PACK OF 20 NAPKINS PANTRY DESIGN,8190,6539.5199999999995,675,327.6,491.40000000000003,High Demand
PACK OF 20 NAPKINS RED APPLES,5479,4288.09,410,219.16,328.74,High Demand
PACK OF 20 SKULL PAPER NAPKINS,8102,5997.74,468,324.08,486.12,High Demand
PACK OF 20 SPACEBOY NAPKINS,2975,2313.5299999999997,226,119.0,178.5,High Demand
PACK OF 6 BIRDY GIFT TAGS,17551,20854.88,950,702.04,1053.06,High Demand
PACK OF 6 COCKTAIL PARASOL STRAWS,2465,960.4200000000001,87,98.6,147.89999999999998,Medium Demand
PACK OF 6 HANDBAG GIFT BOXES,1789,4519.35,284,71.56,107.34,Medium Demand
PACK OF 6 LARGE FRUIT STRAWS ,2156,1276.33,116,86.24,129.35999999999999,Medium Demand
PACK OF 6 PANETTONE GIFT BOXES,226,513.9100000000001,14,9.04,13.559999999999999,Low Demand
PACK OF 6 PANNETONE GIFT BOXES,4856,11886.130000000001,498,194.24,291.36,High Demand
PACK OF 6 SANDCASTLE FLAGS ASSORTED,5392,4280.82,290,215.68,323.52,High Demand
PACK OF 6 SKULL PAPER CUPS,6341,3862.4500000000003,347,253.64,380.46,High Demand
PACK OF 6 SKULL PAPER PLATES,7667,5559.349999999999,350,306.68,460.02,High Demand
PACK OF 6 SMALL FRUIT STRAWS,1648,657.6,79,65.92,98.88,Medium Demand
PACK OF 6 SWEETIE GIFT BOXES,2477,6071.26,252,99.08,148.62,Medium Demand
PACK OF 60 DINOSAUR CAKE CASES,31105,14941.21,1133,1244.2,1866.3000000000002,High Demand
PACK OF 60 MUSHROOM CAKE CASES,14289,7203.429999999999,713,571.56,857.3399999999999,High Demand
PACK OF 60 PINK PAISLEY CAKE CASES,55270,26733.45,1578,2210.8,3316.2000000000003,High Demand
PACK OF 60 SPACEBOY CAKE CASES,21049,10549.99,911,841.96,1262.94,High Demand
PACK OF 72 RETRO SPOT CAKE CASES,45156,21853.079999999998,1160,1806.24,2709.36,High Demand
PACK OF 72 RETROSPOT CAKE CASES,46107,22214.26,1348,1844.28,2766.42,High Demand
PACK OF 72 SKULL CAKE CASES,38927,18517.13,1156,1557.08,2335.62,High Demand
PACK OF SIX LED TEA LIGHTS,1729,4849.01,174,69.16,103.74,Medium Demand
PACK/12 BLUE FOLKART CARDS,98,289.1,39,3.92,5.88,Low Demand
PACK/12 BLUE REINDEER CARD,73,215.35000000000002,22,2.92,4.38,Low Demand
PACK/12 DECOUPAGE CARD,35,103.25000000000001,14,1.4,2.0999999999999996,Low Demand
PACK/12 RUSSIAN DOLL CARDS,2,5.9,2,0.08,0.12,Low Demand
PACK/12 XMAS FUN CARD,263,756.6500000000001,56,10.52,15.78,Low Demand
PACKING CHARGE,14,105.0,14,0.56,0.8400000000000001,Low Demand
PADDED HOLLY CHRISTMAS DECORATION ,103,45.75,20,4.12,6.18,Low Demand
PADDED RED HEART DECORATION,114,56.18,22,4.56,6.84,Low Demand
PADS TO MATCH ALL CUSHIONS,17,0.017,17,0.68,1.02,Low Demand
PAINT YOUR OWN CANVAS SET,4098,6502.98,335,163.92,245.88,High Demand
PAINT YOUR OWN EGGS IN CRATE,164,299.36,5,6.56,9.84,Low Demand
PAINTED BIRD ASSORTED CHRISTMAS,423,714.87,41,16.92,25.380000000000003,Low Demand
PAINTED HEART WREATH WITH BELL,12,15.0,1,0.48,0.72,Low Demand
PAINTED LIGHTBULB RAINBOW DESIGN,173,69.06,23,6.92,10.379999999999999,Low Demand
PAINTED LIGHTBULB STAR+ MOON,265,107.7,40,10.6,15.899999999999999,Low Demand
PAINTED METAL HEART WITH HOLLY BELL,2283,2244.93,166,91.32,136.98,Medium Demand
PAINTED METAL PEARS ASSORTED,10410,17169.46,714,416.4,624.5999999999999,High Demand
PAINTED METAL STAR WITH HOLLY BELLS,2324,1946.1,159,92.96,139.44,Medium Demand
PAINTED METAL TREE WITH HOLLY BELLS,726,1033.5,67,29.04,43.56,Medium Demand
PAINTED PINK RABBIT ,621,527.85,85,24.84,37.26,Medium Demand
PAINTED SEA SHELL METAL WINDCHIME,97,100.31,11,3.88,5.82,Low Demand
PAINTED YELLOW WOODEN DAISY,502,426.7,63,20.08,30.119999999999997,Medium Demand
PAIR BUTTERFLY HAIR CLIPS,33,123.75,7,1.32,1.98,Low Demand
PAIR OF ENAMEL BUTTERFLY HAIRCLIP,19,63.65,9,0.76,1.1400000000000001,Low Demand
PAIR OF ENAMEL FLOWER CLUSTER SLIDE,82,192.9,8,3.28,4.92,Low Demand
PAIR OF PINK FLOWER CLUSTER SLIDE,10,25.5,4,0.4,0.6000000000000001,Low Demand
PAIR PADDED HANGERS PINK CHECK,153,535.35,38,6.12,9.18,Low Demand
PAIR PINK/BLACK COATHANGERS,25,48.75,7,1.0,1.5,Low Demand
PAISLEY PARK CARD,348,141.84,24,13.92,20.88,Low Demand
PAISLEY PATTERN  STICKERS,524,366.44,46,20.96,31.44,Medium Demand
PALE PINK/AMETHYST STONE NECKLACE,3,29.849999999999998,2,0.12,0.18,Low Demand
PANDA AND BUNNIES STICKER SHEET,955,811.75,126,38.2,57.300000000000004,Medium Demand
PANTRY 3 HOOK ROLLING PIN HANGER,202,757.5,51,8.08,12.120000000000001,Low Demand
PANTRY APPLE CORER,436,603.4,72,17.44,26.160000000000004,Low Demand
PANTRY CHOPPING BOARD,1138,5695.860000000001,43,45.52,68.28,Medium Demand
PANTRY HOOK BALLOON WHISK ,196,407.68,31,7.84,11.76,Low Demand
PANTRY HOOK SPATULA,154,320.32,26,6.16,9.24,Low Demand
PANTRY HOOK TEA STRAINER ,160,332.8,28,6.4,9.600000000000001,Low Demand
PANTRY KITCHEN THERMOMETER ,88,110.0,22,3.52,5.28,Low Demand
PANTRY MAGNETIC  SHOPPING LIST,3067,4346.99,374,122.68,184.02,High Demand
PANTRY PASTRY BRUSH,1045,1308.3,146,41.8,62.699999999999996,Medium Demand
PANTRY ROLLING PIN,2407,9184.28,197,96.28,144.42000000000002,Medium Demand
PANTRY SCRUBBING BRUSH,2289,3661.89,242,91.56,137.34,Medium Demand
PANTRY WASHING UP BRUSH,3920,5795.86,304,156.8,235.20000000000002,High Demand
PAPER BUNTING COLOURED LACE,4047,11113.45,478,161.88,242.82,High Demand
PAPER BUNTING PAISLEY PARK,248,667.6,28,9.92,14.879999999999999,Low Demand
PAPER BUNTING RETRO SPOTS,7599,20735.050000000003,607,303.96,455.93999999999994,High Demand
PAPER BUNTING RETROSPOT,7734,21218.140000000003,658,309.36,464.04,High Demand
PAPER BUNTING VINTAGE PAISLEY,3205,8868.7,421,128.2,192.29999999999998,High Demand
PAPER BUNTING VINTAGE PARTY,421,1177.95,42,16.84,25.259999999999998,Low Demand
PAPER BUNTING WHITE LACE,7806,21495.65,663,312.24,468.36,High Demand
PAPER CHAIN KIT 50'S CHRISTMAS ,29477,79594.33,1691,1179.08,1768.62,High Demand
PAPER CHAIN KIT EMPIRE,8482,23182.7,704,339.28,508.91999999999996,High Demand
PAPER CHAIN KIT LONDON,832,2337.2400000000002,143,33.28,49.92,Medium Demand
PAPER CHAIN KIT RETRO SPOT,7354,19813.4,490,294.16,441.24,High Demand
PAPER CHAIN KIT RETROSPOT,5762,16111.460000000001,585,230.48,345.71999999999997,High Demand
PAPER CHAIN KIT SKULLS ,2490,6675.5,192,99.6,149.39999999999998,Medium Demand
PAPER CHAIN KIT VINTAGE CHRISTMAS,17294,47240.020000000004,1233,691.76,1037.6399999999999,High Demand
"PAPER CRAFT , LITTLE BIRDIE",80995,168469.6,1,3239.8,4859.700000000001,High Demand
PAPER LANTERN 5 POINT SEQUIN STAR,50,287.5,21,2.0,3.0,Low Demand
PAPER LANTERN 5 POINT STAR MOON ,106,439.90000000000003,18,4.24,6.36,Low Demand
PAPER LANTERN 5 POINT STAR MOON 30,10,41.5,5,0.4,0.6000000000000001,Low Demand
PAPER LANTERN 5 POINT STUDDED STAR,8,46.0,4,0.32,0.48,Low Demand
PAPER LANTERN 6 POINT SNOW STAR,26,107.9,6,1.04,1.56,Low Demand
PAPER LANTERN 7 POINT SNOW STAR,99,658.35,25,3.96,5.9399999999999995,Low Demand
PAPER LANTERN 9 POINT DELUXE STAR,347,2091.55,34,13.88,20.82,Low Demand
PAPER LANTERN 9 POINT HOLLY STAR 23,18,74.7,5,0.72,1.08,Low Demand
PAPER LANTERN 9 POINT HOLLY STAR 40,6,37.5,3,0.24,0.36,Low Demand
PAPER LANTERN 9 POINT HOLLY STAR L,69,431.25,16,2.76,4.14,Low Demand
PAPER LANTERN 9 POINT HOLLY STAR S,85,352.75,19,3.4,5.1,Low Demand
PAPER LANTERN 9 POINT SNOW STAR,246,1040.1,46,9.84,14.76,Low Demand
PAPER LANTERN 9 POINT SNOW STAR ,234,1249.5,32,9.36,14.04,Low Demand
PAPER POCKET TRAVELING FAN ,9928,1171.5200000000002,172,397.12,595.6800000000001,High Demand
PAPERWEIGHT CHILDHOOD MEMORIES,803,1398.6200000000001,73,32.12,48.17999999999999,Medium Demand
PAPERWEIGHT HOME SWEET HOME,309,555.51,50,12.36,18.54,Low Demand
PAPERWEIGHT KINGS CHOICE ,339,504.45,47,13.56,20.34,Low Demand
PAPERWEIGHT SAVE THE PLANET,636,1190.76,80,25.44,38.160000000000004,Medium Demand
PAPERWEIGHT VINTAGE COLLAGE,802,1294.33,89,32.08,48.12,Medium Demand
PAPERWEIGHT VINTAGE PAISLEY,214,313.86,33,8.56,12.84,Low Demand
PARISIENNE CURIO CABINET,472,3444.8,183,18.88,28.32,Low Demand
PARISIENNE JEWELLERY DRAWER ,765,5399.02,225,30.6,45.900000000000006,Medium Demand
PARISIENNE KEY CABINET ,664,3685.2,219,26.56,39.839999999999996,Medium Demand
PARISIENNE SEWING BOX,296,3464.8,124,11.84,17.759999999999998,Low Demand
PARLOUR CERAMIC WALL HOOK,448,1840.0,72,17.92,26.880000000000003,Low Demand
PARTY BUNTING,23607,103880.23000000001,2077,944.28,1416.42,High Demand
PARTY CHARMS 50 PIECES,2093,1554.31,94,83.72,125.58,Medium Demand
PARTY CONE CHRISTMAS DECORATION ,7118,5892.74,358,284.72,427.08000000000004,High Demand
PARTY CONES CANDY ASSORTED,3957,4701.15,186,158.28,237.42000000000002,High Demand
PARTY CONES CANDY DECORATION,296,233.27999999999997,8,11.84,17.759999999999998,Low Demand
PARTY CONES CANDY TREE DECORATION,2522,2008.76,98,100.88,151.32,High Demand
PARTY CONES CARNIVAL ASSORTED,3475,4035.95,146,139.0,208.5,High Demand
PARTY FOOD SHOPPER BAG,1396,1710.8,169,55.84,83.76,Medium Demand
PARTY INVITES BALLOON GIRL,1220,874.4,123,48.8,73.19999999999999,Medium Demand
PARTY INVITES DINOSAURS,1575,1315.35,198,63.0,94.5,Medium Demand
PARTY INVITES FOOTBALL,1340,950.7199999999999,124,53.6,80.4,Medium Demand
PARTY INVITES JAZZ HEARTS,1399,1167.31,198,55.96,83.94,Medium Demand
PARTY INVITES SPACEMAN,1034,854.78,120,41.36,62.04,Medium Demand
PARTY INVITES WOODLAND,2241,1845.57,207,89.64,134.46,Medium Demand
PARTY METAL SIGN ,7517,10498.57,804,300.68,451.02,High Demand
PARTY PIZZA DISH BLUE POLKADOT,1047,382.22999999999996,48,41.88,62.82000000000001,Medium Demand
PARTY PIZZA DISH BLUE RETROSPOT,202,171.7,24,8.08,12.120000000000001,Low Demand
PARTY PIZZA DISH BLUE WHITE SPOT ,41,34.849999999999994,8,1.64,2.46,Low Demand
PARTY PIZZA DISH BLUE+WHITE SPOT ,24,20.4,2,0.96,1.44,Low Demand
PARTY PIZZA DISH GREEN POLKADOT,1021,415.93,39,40.84,61.260000000000005,Medium Demand
PARTY PIZZA DISH GREEN RETROSPOT,83,70.55,14,3.32,4.9799999999999995,Low Demand
PARTY PIZZA DISH GREEN WHITE SPOT ,29,24.65,7,1.16,1.7399999999999998,Low Demand
PARTY PIZZA DISH GREEN+WHITE SPOT ,12,10.2,1,0.48,0.72,Low Demand
PARTY PIZZA DISH PINK POLKADOT,1124,437.06,53,44.96,67.44,Medium Demand
PARTY PIZZA DISH PINK RETROSPOT,155,131.75,19,6.2,9.3,Low Demand
PARTY PIZZA DISH PINK WHITE SPOT ,56,47.599999999999994,10,2.24,3.3600000000000003,Low Demand
PARTY PIZZA DISH PINK+WHITE SPOT ,24,20.4,2,0.96,1.44,Low Demand
PARTY PIZZA DISH RED RETROSPOT,2521,1391.71,109,100.84,151.26,High Demand
PARTY PIZZA DISH RED WHITE SPOT ,464,394.4,22,18.56,27.839999999999996,Low Demand
PARTY PIZZA DISH RED+WHITE SPOT ,12,10.2,1,0.48,0.72,Low Demand
PARTY TIME DESIGN FLANNEL,579,307.81,30,23.16,34.74,Medium Demand
PARTY TIME PENCIL ERASERS,2291,481.81,135,91.64,137.46,Medium Demand
PASTA ENAMEL/BRASS CONTAINER,12,45.0,8,0.48,0.72,Low Demand
PASTEL BLUE PHOTO ALBUM,24,46.8,2,0.96,1.44,Low Demand
PASTEL BLUE PHOTO ALBUM ,1034,469.21,18,41.36,62.04,Medium Demand
PASTEL COLOUR HONEYCOMB FAN,981,709.89,75,39.24,58.86,Medium Demand
PASTEL PINK PHOTO ALBUM,100,199.8,8,4.0,6.0,Low Demand
PASTEL PINK PHOTO ALBUM ,661,272.0,19,26.44,39.660000000000004,Medium Demand
PASTEL STRIPE HAMMOCK ,195,1466.25,56,7.8,11.7,Low Demand
PATCHWORK PENCIL CASE BUTTERFLY ,247,485.49,30,9.88,14.82,Low Demand
PEACE SMALL WOOD LETTERS,447,3085.65,144,17.88,26.82,Low Demand
PEACE WOODEN BLOCK LETTERS,791,4774.21,283,31.64,47.46,Medium Demand
PEACH KNITTED HEN ,388,530.76,23,15.52,23.28,Low Demand
"PEARL & SHELL 42""NECKL. GREEN",17,182.75,9,0.68,1.02,Low Demand
"PEARL & SHELL 42""NECKL. IVORY",28,301.0,5,1.12,1.6800000000000002,Low Demand
"PEARL & SHELL 42""NECKL. PINK",43,380.89,4,1.72,2.58,Low Demand
PEARL AND CHERRY QUARTZ BRACLET,3,10.5,2,0.12,0.18,Low Demand
PEARL CRYSTAL PUMPKIN T-LIGHT HLDR,3804,6049.47,278,152.16,228.24,High Demand
PEARLISED IVORY HEART LARGE ,415,651.15,36,16.6,24.900000000000002,Low Demand
PEARLISED IVORY HEART SMALL ,217,266.21,27,8.68,13.02,Low Demand
PEG BAG APPLE DESIGN,385,869.25,28,15.4,23.1,Low Demand
PEG BAG APPLES DESIGN,1598,3844.27,263,63.92,95.88,Medium Demand
"PEN, 10 COLOURS - SPACEBOY",24,20.4,1,0.96,1.44,Low Demand
PENCIL CASE GINGHAM FOREST,36,106.20000000000002,4,1.44,2.16,Low Demand
PENCIL CASE LIFE IS BEAUTIFUL,1171,3408.6500000000005,208,46.84,70.26,Medium Demand
PENNY FARTHING BIRTHDAY CARD,6143,2499.4900000000002,365,245.72,368.58,High Demand
PENS ASSORTED FUNKY JEWELED ,5437,1413.13,98,217.48,326.21999999999997,High Demand
PENS ASSORTED FUNNY FACE,12242,4802.42,223,489.68,734.52,High Demand
PENS ASSORTED SPACEBALL,6830,2234.78,152,273.2,409.79999999999995,High Demand
PERIWINKLE T-LIGHT HOLDER,3138,1067.1,34,125.52,188.28,High Demand
"PET MUG, BUDGIE",119,49.980000000000004,5,4.76,7.14,Low Demand
"PET MUG, GOLDFISH",81,28.27,9,3.24,4.86,Low Demand
PETIT TRAY CHIC,1007,1629.83,117,40.28,60.42,Medium Demand
PHARMACIE FIRST AID TIN,1663,11235.65,311,66.52,99.78,Medium Demand
PHOTO CLIP LINE,328,411.21,54,13.12,19.68,Low Demand
PHOTO CUBE,4185,6410.8099999999995,303,167.4,251.10000000000002,High Demand
PHOTO FRAME 3 CLASSIC HANGING,785,7623.7,293,31.4,47.099999999999994,Medium Demand
PHOTO FRAME CORNICE,4343,12566.33,580,173.72,260.58,High Demand
PHOTO FRAME LINEN AND LACE LARGE,208,771.72,41,8.32,12.48,Low Demand
PHOTO FRAME LINEN AND LACE SMALL,310,644.8000000000001,59,12.4,18.6,Low Demand
PICCADILLY TEA SET,310,4227.5,70,12.4,18.6,Low Demand
PICNIC BASKET WICKER 60 PIECES,61,39619.5,2,2.44,3.66,Low Demand
PICNIC BASKET WICKER LARGE,2070,18943.5,497,82.8,124.19999999999999,Medium Demand
PICNIC BASKET WICKER SMALL,3067,15398.1,566,122.68,184.02,High Demand
PICNIC BOXES SET OF 3 RETROSPOT ,1519,7071.05,250,60.76,91.14,Medium Demand
PICTURE DOMINOES,6367,9023.99,540,254.68,382.02,High Demand
PICTURE FRAME WOOD TRIPLE PORTRAIT,2344,14894.9,510,93.76,140.64000000000001,Medium Demand
PIECE OF CAMO STATIONERY SET,5473,766.09,55,218.92,328.38,High Demand
PIG KEYRING WITH LIGHT & SOUND ,3844,4208.94,128,153.76,230.64,High Demand
PIG MUG IN TWO COLOUR DESIGNS,212,131.44,28,8.48,12.72,Low Demand
PIGGY BANK RETROSPOT ,4408,10708.52,496,176.32,264.48,High Demand
PILLOWCUSHION COVER PINK UNION JACK,51,303.45,17,2.04,3.06,Low Demand
PIN CUSHION BABUSHKA BLUE,117,364.65000000000003,29,4.68,7.02,Low Demand
PIN CUSHION BABUSHKA PINK,223,640.69,58,8.92,13.379999999999999,Low Demand
PIN CUSHION BABUSHKA RED,341,1092.21,70,13.64,20.46,Low Demand
PIN CUSHION RUSSIAN DOLL BLUE,64,214.4,19,2.56,3.84,Low Demand
PIN CUSHION RUSSIAN DOLL PINK,114,381.90000000000003,26,4.56,6.84,Low Demand
PIN CUSHION RUSSIAN DOLL RED,393,1220.55,34,15.72,23.580000000000002,Low Demand
PING MICROWAVE APRON,562,1258.54,91,22.48,33.72,Medium Demand
PING! MICROWAVE PLATE,197,537.89,49,7.88,11.82,Low Demand
PINK  HEART CONFETTI IN TUBE,1170,1271.46,93,46.8,70.19999999999999,Medium Demand
PINK  HEART SHAPE LOVE BUCKET ,1912,4281.72,254,76.48,114.72,Medium Demand
PINK  HONEYCOMB PAPER BALL ,628,1031.28,55,25.12,37.68,Medium Demand
PINK  HONEYCOMB PAPER FAN,504,504.94000000000005,60,20.16,30.240000000000002,Medium Demand
PINK  POLKADOT CUP,3149,2527.67,255,125.96,188.94,High Demand
PINK  POLKADOT PLATE ,2303,3650.15,172,92.12,138.18,Medium Demand
PINK  SPOTTY CUP,3400,2765.2,296,136.0,204.0,High Demand
PINK  SPOTTY PLATE ,2706,4296.66,205,108.24,162.35999999999999,High Demand
PINK & WHITE BREAKFAST TRAY,95,412.25,33,3.8,5.699999999999999,Low Demand
PINK & WHITE ROSEBUD RING,19,80.15,11,0.76,1.1400000000000001,Low Demand
PINK 3 PIECE MINI DOTS CUTLERY SET,4203,15085.89,416,168.12,252.18,High Demand
PINK 3 PIECE POLKADOT CUTLERY SET,2652,9579.880000000001,253,106.08,159.12,High Demand
PINK 3 TIER GLASS PLATE STAND,119,840.45,26,4.76,7.14,Low Demand
PINK 5 PATCH FLOWER CUSHION COVER ,388,776.6,7,15.52,23.28,Low Demand
PINK ACRYLIC JEWEL SNOWFLAKE,12,4.5600000000000005,1,0.48,0.72,Low Demand
PINK ALLIUM  ARTIFICIAL FLOWER,109,184.21,16,4.36,6.540000000000001,Low Demand
PINK AND BLACK STRING CURTAIN,39,88.04999999999998,6,1.56,2.34,Low Demand
PINK AND LILAC QUILTED THROW ,33,1450.4,25,1.32,1.98,Low Demand
PINK AND WHITE CHRISTMAS TREE 120CM,322,866.58,39,12.88,19.32,Low Demand
PINK AND WHITE CHRISTMAS TREE 180CM,140,476.00000000000006,12,5.6,8.399999999999999,Low Demand
PINK B'FLY C/COVER W BOBBLES,42,249.9,14,1.68,2.52,Low Demand
PINK BABY BUNTING,3301,9269.31,381,132.04,198.06,High Demand
PINK BABY GIRL'S MEMORY BOX,2,13.9,2,0.08,0.12,Low Demand
PINK BABY GIRLS PHOTO ALBUM,15,92.25,3,0.6,0.8999999999999999,Low Demand
PINK BAROQUE FLOCK CANDLE HOLDER,15,89.25,7,0.6,0.8999999999999999,Low Demand
PINK BEADED CONE CHRISTMAS,14,5.88,2,0.56,0.8400000000000001,Low Demand
PINK BEADS+HAND PHONE CHARM,12,15.0,1,0.48,0.72,Low Demand
PINK BERTIE GLASS BEAD BAG CHARM,140,159.0,12,5.6,8.399999999999999,Low Demand
PINK BERTIE MOBILE PHONE CHARM,18,30.42,3,0.72,1.08,Low Demand
PINK BITTY LIGHT CHAIN,77,126.85,10,3.08,4.62,Low Demand
PINK BLUE FELT CRAFT TRINKET BOX,20859,23975.69,1003,834.36,1251.54,High Demand
PINK BOUDICCA LARGE BRACELET,69,479.55,21,2.76,4.14,Low Demand
PINK BOUDOIR T-LIGHT HOLDER,4203,462.15000000000003,18,168.12,252.18,High Demand
PINK BREAKFAST CUP AND SAUCER ,1599,345.21000000000004,17,63.96,95.94,Medium Demand
PINK BUNNY EASTER EGG BASKET,158,231.9,4,6.32,9.48,Low Demand
PINK BUTTERFLY C/COVER ,6,29.700000000000003,3,0.24,0.36,Low Demand
PINK BUTTERFLY CUSHION COVER,17,33.15,4,0.68,1.02,Low Demand
PINK BUTTERFLY CUSHION COVER ,145,362.55,17,5.8,8.7,Low Demand
PINK BUTTERFLY HANDBAG W BOBBLES,10,85.0,5,0.4,0.6000000000000001,Low Demand
PINK BUTTERFLY PAPER LAMPSHADE,3,3.75,3,0.12,0.18,Low Demand
PINK BUTTERFLY WASHBAG,335,748.75,10,13.4,20.1,Low Demand
PINK CANDYSTUFT ARTIFICIAL FLOWER,319,261.90999999999997,20,12.76,19.14,Low Demand
PINK CANVAS DES CUSHION COVER ,6,7.5,2,0.24,0.36,Low Demand
PINK CAT BOWL,312,552.12,74,12.48,18.72,Low Demand
PINK CAT FLORAL CUSHION COVER ,282,397.5,13,11.28,16.919999999999998,Low Demand
PINK CHERRY BLOSSOM CUP & SAUCER,30,37.5,5,1.2,1.7999999999999998,Low Demand
PINK CHERRY LIGHTS,2234,13198.1,229,89.36,134.04,Medium Demand
PINK CHICK EGG WARMER + EGG CUP,176,247.1,28,7.04,10.56,Low Demand
PINK CHRISTMAS FLOCK DROPLET ,138,92.82,8,5.52,8.28,Low Demand
PINK CHRISTMAS TREE DECORATION,37,15.629999999999999,10,1.48,2.2199999999999998,Low Demand
PINK CHRYSANTHEMUMS ART FLOWER,296,351.6,8,11.84,17.759999999999998,Low Demand
PINK CLEAR GLASS CANDLE PLATE,53,66.25,8,2.12,3.18,Low Demand
PINK COMBO MINI CRYSTALS NECKLACE,19,94.05000000000001,8,0.76,1.1400000000000001,Low Demand
PINK CREAM FELT CRAFT TRINKET BOX ,20301,24108.77,1224,812.04,1218.06,High Demand
PINK CROCHET CAT WITH SCARF,12,51.0,9,0.48,0.72,Low Demand
PINK CRYSTAL GUITAR PHONE CHARM,64,54.4,9,2.56,3.84,Low Demand
PINK CRYSTAL HEART PHONE CHARM,258,219.3,17,10.32,15.48,Low Demand
PINK CRYSTAL SKULL PHONE CHARM,100,68.5,11,4.0,6.0,Low Demand
PINK CRYSTAL+GLASS BRACELET,36,178.20000000000002,14,1.44,2.16,Low Demand
PINK CURRENT CANDLE RING,28,5.32,1,1.12,1.6800000000000002,Low Demand
PINK DAISY BAG CHARM,8,20.4,3,0.32,0.48,Low Demand
PINK DIAMANTE PEN IN GIFT BOX,972,1923.22,87,38.88,58.32000000000001,Medium Demand
PINK DINER WALL CLOCK,282,2325.6,98,11.28,16.919999999999998,Low Demand
PINK DISCO HANDBAG,302,542.64,37,12.08,18.12,Low Demand
PINK DOG BOWL,553,957.73,86,22.12,33.18,Medium Demand
PINK DOG CANNISTER,24,98.8,13,0.96,1.44,Low Demand
PINK DOLLY HAIR CLIPS,70,73.5,15,2.8,4.199999999999999,Low Demand
PINK DOUGHNUT TRINKET POT ,6304,9450.6,479,252.16,378.24,High Demand
PINK DRAWER KNOB ACRYLIC EDWARDIAN,3960,4696.91,213,158.4,237.60000000000002,High Demand
PINK DRESS JEWELLERY STAND ,371,346.85,11,14.84,22.259999999999998,Low Demand
PINK EASTER HENS+FLOWER,13,48.75,8,0.52,0.78,Low Demand
PINK EAU DE COLOGNE BOTTLE,85,72.25,15,3.4,5.1,Low Demand
PINK ENAMEL FLOWER HAIR TIE,26,76.70000000000002,5,1.04,1.56,Low Demand
PINK ENAMEL+GLASS HAIR COMB,330,609.0,24,13.2,19.799999999999997,Low Demand
PINK FAIRY CAKE CHILD'S APRON,3327,6036.21,352,133.08,199.62,High Demand
PINK FAIRY CAKE CHILDRENS APRON,5958,10921.26,682,238.32,357.48,High Demand
PINK FAIRY CAKE COASTER,2676,1049.6399999999999,9,107.04,160.56,High Demand
PINK FAIRY CAKE CUSHION COVER,1118,2054.1,102,44.72,67.08,Medium Demand
PINK FEATHER CHRISTMAS DECORATION,427,82.19,18,17.08,25.619999999999997,Low Demand
PINK FEATHERS CURTAIN,106,117.78,8,4.24,6.36,Low Demand
PINK FELT EASTER EGG BASKET,1479,2311.55,162,59.16,88.74,Medium Demand
PINK FELT EASTER RABBIT GARLAND,215,548.25,43,8.6,12.899999999999999,Low Demand
PINK FELT HANGING HEART W FLOWER,85,72.25,9,3.4,5.1,Low Demand
PINK FLOCK GLASS CANDLEHOLDER,160,139.54,16,6.4,9.600000000000001,Low Demand
PINK FLOCK PHOTO FRAME ,160,213.6,6,6.4,9.600000000000001,Low Demand
PINK FLOCK SUEDE CUSHION COVER ,14,22.5,3,0.56,0.8400000000000001,Low Demand
PINK FLOCK TABLE CLOCK ,84,170.8,4,3.36,5.04,Low Demand
PINK FLORAL FELTCRAFT SHOULDER BAG,2449,8969.27,504,97.96,146.94,Medium Demand
PINK FLOWER CROCHET FOOD COVER,698,2467.61,157,27.92,41.88,Medium Demand
PINK FLOWER FABRIC PONY,152,563.6,54,6.08,9.120000000000001,Low Demand
PINK FLOWER HANGING HEART ,135,114.75,14,5.4,8.100000000000001,Low Demand
PINK FLOWERS CHILDS UMBRELLA,6,19.5,4,0.24,0.36,Low Demand
PINK FLOWERS RABBIT EASTER,43,99.85,11,1.72,2.58,Low Demand
PINK FLUFFY CHRISTMAS DECORATION,547,103.93,28,21.88,32.82,Medium Demand
PINK FLY SWAT,459,275.31,70,18.36,27.54,Low Demand
PINK FOXGLOVE ARTIIFCIAL FLOWER,186,409.50000000000006,9,7.44,11.16,Low Demand
PINK GAUZE BUTTERFLY LAMPSHADE,39,16.38,12,1.56,2.34,Low Demand
PINK GINGHAM CAT WITH SCARF,207,527.85,50,8.28,12.419999999999998,Low Demand
PINK GINGHAM ROSE CUSHION COVER,21,124.95,7,0.84,1.26,Low Demand
PINK GINGHAM ROSE FLOOR CUSHION,53,261.35,12,2.12,3.18,Low Demand
PINK GLASS CANDLEHOLDER,261,760.3500000000001,52,10.44,15.66,Low Demand
PINK GLASS CHUNKY CHARM BRACELET,15,127.8,7,0.6,0.8999999999999999,Low Demand
PINK GLASS COCKTAIL LAMP,2,4.2,2,0.08,0.12,Low Demand
PINK GLASS TASSLE BAG CHARM ,35,103.25,15,1.4,2.0999999999999996,Low Demand
PINK GOOSE FEATHER TREE 60CM,315,670.25,28,12.6,18.9,Low Demand
PINK GREEN EMBROIDERY COSMETIC BAG,25,73.75,10,1.0,1.5,Low Demand
PINK HANGING GINGHAM EASTER HEN,74,31.08,15,2.96,4.4399999999999995,Low Demand
PINK HANGING HEART T-LIGHT HOLDER,823,1476.13,66,32.92,49.38,Medium Demand
PINK HAPPY BIRTHDAY BUNTING,5691,28793.95,810,227.64,341.46,High Demand
PINK HAWAIIAN PICNIC HAMPER FOR 2,150,856.5,25,6.0,9.0,Low Demand
PINK HAWAIIAN PICNIC HAMPER FOR 4,349,1883.55,25,13.96,20.94,Low Demand
PINK HEART CANDY BUTTON CALCULATOR,541,1257.1499999999999,38,21.64,32.46,Medium Demand
PINK HEART CHRISTMAS DECORATION,1,0.38,1,0.04,0.06,Low Demand
PINK HEART DOTS HOT WATER BOTTLE,851,2504.37,168,34.04,51.06,Medium Demand
PINK HEART OF GLASS BRACELET,36,214.20000000000002,18,1.44,2.16,Low Demand
PINK HEART RED HANDBAG,211,315.96000000000004,13,8.44,12.66,Low Demand
PINK HEART SHAPE EGG FRYING PAN,10206,14163.98,557,408.24,612.36,High Demand
PINK HEART SHAPE PHOTO FRAME,649,1040.65,92,25.96,38.94,Medium Demand
PINK HEARTS LIGHT CHAIN ,279,726.63,32,11.16,16.740000000000002,Low Demand
PINK HEARTS PAPER GARLAND,868,1351.2,84,34.72,52.08,Medium Demand
PINK HEARTS PHOTO ALBUM,159,336.25,12,6.36,9.540000000000001,Low Demand
PINK HORSE SOCK PUPPET,531,1535.2500000000002,131,21.24,31.86,Medium Demand
PINK HORSE SOCK PUPPET KIT,44,129.8,14,1.76,2.64,Low Demand
PINK HYDRANGEA ART FLOWER,272,427.44000000000005,15,10.88,16.32,Low Demand
PINK JEWELLED MIRROR TRINKET TRAY,48,367.60999999999996,22,1.92,2.88,Low Demand
PINK JEWELLED PHOTO FRAME,67,529.47,36,2.68,4.0200000000000005,Low Demand
PINK JEWELLED PHOTO FRAME ,126,618.1,45,5.04,7.5600000000000005,Low Demand
PINK JUICY FRUIT PHOTO FRAME,339,843.75,70,13.56,20.34,Low Demand
PINK JUMPER LARRY THE LAMB,951,1792.92,117,38.04,57.06,Medium Demand
PINK KASHMIRI BOXED MIRROR,12,176.0,3,0.48,0.72,Low Demand
PINK KASHMIRI COFFEE TABLE ,20,1050.0,3,0.8,1.2000000000000002,Low Demand
PINK KASHMIRI OCCASIONAL TABLE,2,94.95,2,0.08,0.12,Low Demand
PINK KNITTED COW STUFFED TOY,58,215.34,33,2.32,3.4799999999999995,Low Demand
PINK KNITTED EGG COSY,187,163.41,38,7.48,11.22,Low Demand
PINK KNITTED KIDS RUCKSACK,24,162.0,10,0.96,1.44,Low Demand
PINK LARGE JEWELED PHOTOFRAME,23,58.64999999999999,11,0.92,1.3800000000000001,Low Demand
PINK LEAVES AND BEADS PHONE CHARM,19,23.75,5,0.76,1.1400000000000001,Low Demand
PINK LOVE BIRD CANDLE,374,413.98,45,14.96,22.44,Low Demand
PINK LOVE HEART SHAPE CUP,2232,1848.84,171,89.28,133.92000000000002,Medium Demand
PINK MARSHMALLOW SCARF KNITTING KIT,604,1621.0,76,24.16,36.24,Medium Demand
PINK METAL CHICKEN HEART ,1129,1587.1699999999998,107,45.16,67.74,Medium Demand
PINK METAL SWINGING BUNNY,670,569.5,51,26.8,40.2,Medium Demand
PINK MILKSHAKE GLASS,167,215.5,13,6.68,10.02,Low Demand
PINK MINI STATIONERY SET W CASE,11,13.75,7,0.44,0.66,Low Demand
PINK MINI TAPE MEASURE ,287,230.95,18,11.48,17.22,Low Demand
PINK MONTE CARLO HANDBAG,193,402.54999999999995,14,7.72,11.58,Low Demand
PINK MURANO TWIST BRACELET,68,289.0,21,2.72,4.08,Low Demand
PINK MURANO TWIST NECKLACE,26,258.7,16,1.04,1.56,Low Demand
PINK NEW BAROQUE FLOCK CANDLESTICK,22,102.3,10,0.88,1.32,Low Demand
PINK NEW BAROQUECANDLESTICK CANDLE,802,940.0,61,32.08,48.12,Medium Demand
PINK OVAL JEWELLED MIRROR,114,647.1,41,4.56,6.84,Low Demand
PINK OVAL SHAPE TRINKET BOX,20,199.0,12,0.8,1.2000000000000002,Low Demand
PINK OWL DECORATION,96,244.8,1,3.84,5.76,Low Demand
PINK OWL SOFT TOY,1674,4681.68,295,66.96,100.44,Medium Demand
PINK PADDED MOBILE,779,3267.25,237,31.16,46.74,Medium Demand
PINK PAINTED KASHMIRI CHAIR,26,885.2,8,1.04,1.56,Low Demand
PINK PAINTED KASHMIRI TABLE,11,630.0,2,0.44,0.66,Low Demand
PINK PAISLEY CUSHION COVER ,414,1070.1000000000001,40,16.56,24.839999999999996,Low Demand
PINK PAISLEY PHOTO ALBUM,4,27.0,3,0.16,0.24,Low Demand
PINK PAISLEY QUILT ,208,2784.8,29,8.32,12.48,Low Demand
PINK PAISLEY ROSE GIFT WRAP,3325,1364.5,115,133.0,199.5,High Demand
PINK PAISLEY SQUARE TISSUE BOX ,1657,894.01,163,66.28,99.42,Medium Demand
PINK PAPER PARASOL ,4900,12821.48,194,196.0,294.0,High Demand
PINK PARTY BAGS,5956,11005.28,325,238.24,357.36,High Demand
PINK PARTY SUNGLASSES,179,300.45,20,7.16,10.74,Low Demand
PINK PATCH PENCIL CASE BLUE HEART,316,652.5300000000001,28,12.64,18.96,Low Demand
PINK PATCH PURSE BLUE HEART,145,239.25,47,5.8,8.7,Low Demand
PINK PICNIC BARBECUE BUCKET,82,574.3000000000001,21,3.28,4.92,Low Demand
PINK PILLAR CANDLE SILVER FLOCK,452,670.28,39,18.08,27.119999999999997,Low Demand
PINK POLKADOT BOWL,3673,4271.400000000001,279,146.92,220.38,High Demand
PINK POLKADOT CHILDRENS UMBRELLA,371,1199.75,99,14.84,22.259999999999998,Low Demand
PINK POLKADOT GARDEN PARASOL,121,913.95,44,4.84,7.26,Low Demand
PINK POLKADOT KIDS BAG,476,979.8,72,19.04,28.56,Low Demand
PINK POLKADOT PLATE ,202,318.34,18,8.08,12.120000000000001,Low Demand
PINK POLKADOT WRAP ,8300,3366.0,260,332.0,498.0,High Demand
PINK POODLE HANGING DECORATION ,505,220.79,42,20.2,30.299999999999997,Medium Demand
PINK PORCELAIN B'FLY OIL BURNER,2,5.9,2,0.08,0.12,Low Demand
PINK POT PLANT CANDLE,306,935.8000000000001,56,12.24,18.36,Low Demand
PINK RABBIT SITTING EASTER,46,19.32,4,1.84,2.7600000000000002,Low Demand
PINK REGENCY TEACUP AND SAUCER,7447,20444.690000000002,746,297.88,446.82,High Demand
PINK RETRO BIG FLOWER BAG,110,214.5,22,4.4,6.6000000000000005,Low Demand
PINK RIVIERA HANDBAG,344,575.7,27,13.76,20.64,Low Demand
PINK ROSE FABRIC MIRROR,881,837.97,75,35.24,52.86,Medium Demand
PINK ROSE PICNIC RUG,3,77.85,2,0.12,0.18,Low Demand
PINK ROSE WASHBAG,894,2302.5,97,35.76,53.64,Medium Demand
PINK ROSEBUD & PEARL NECKLACE,12,90.0,5,0.48,0.72,Low Demand
PINK ROSEBUD PEARL BRACELET,21,85.35,7,0.84,1.26,Low Demand
PINK ROSEBUD PEARL EARRINGS,12,30.6,2,0.48,0.72,Low Demand
"PINK ROSES/GINGHAM PATCH RABBIT 8""",15,44.25000000000001,9,0.6,0.8999999999999999,Low Demand
PINK ROUND BUTTERFLY MIRROR ,235,667.8299999999999,18,9.4,14.100000000000001,Low Demand
PINK ROUND COMPACT MIRROR,46,142.5,14,1.84,2.7600000000000002,Low Demand
PINK SCOTTIE DOG W FLOWER PATTERN,151,382.35,47,6.04,9.06,Low Demand
PINK SMALL GLASS CAKE STAND,447,814.05,49,17.88,26.82,Low Demand
PINK SMALL JEWELLED PHOTOFRAME,100,165.0,42,4.0,6.0,Low Demand
PINK SPOTS  WRAP ,7750,3113.0,229,310.0,465.0,High Demand
PINK SPOTS CHOCOLATE NESTING BOXES ,819,1900.0500000000002,115,32.76,49.14,Medium Demand
PINK SPOTTY BOWL,3342,3903.9,266,133.68,200.52,High Demand
PINK SPOTTY CHILDS UMBRELLA,956,3014.0,175,38.24,57.36,Medium Demand
PINK SQUARE COMPACT MIRROR,15,56.25,11,0.6,0.8999999999999999,Low Demand
PINK SQUARE TABLE CLOCK,137,124.55000000000001,12,5.48,8.22,Low Demand
PINK STAR CHRISTMAS DECORATION,156,78.11999999999999,15,6.24,9.36,Low Demand
PINK STITCHED WALL CLOCK,689,778.07,55,27.56,41.339999999999996,Medium Demand
PINK STOCKING CHRISTMAS DECORATION,312,118.56,23,12.48,18.72,Low Demand
PINK STRAWBERRY HANDBAG ,55,162.25000000000003,19,2.2,3.3000000000000003,Low Demand
PINK STRING CURTAIN WITH POLE,97,273.34999999999997,16,3.88,5.82,Low Demand
PINK STRIPE HOT WATER BOTTLE,246,682.5,38,9.84,14.76,Low Demand
PINK STRIPES SHOULDER BAG,1,2.95,1,0.04,0.06,Low Demand
PINK SWEETHEART BRACELET,205,859.25,55,8.2,12.299999999999999,Low Demand
PINK SWEETIE NECKLACE,5,37.5,3,0.2,0.30000000000000004,Low Demand
PINK TALL PORCELAIN T-LIGHT HOLDER ,19,48.449999999999996,12,0.76,1.1400000000000001,Low Demand
PINK TEATIME PRINT BOWL,116,145.0,22,4.64,6.959999999999999,Low Demand
PINK TV TRAY TABLE ,34,144.5,16,1.36,2.04,Low Demand
PINK UNION JACK  LUGGAGE TAG,1009,1260.46,200,40.36,60.54,Medium Demand
PINK UNION JACK  PASSPORT COVER ,775,1622.5800000000002,207,31.0,46.5,Medium Demand
PINK VINTAGE PAISLEY PICNIC BAG,3815,8127.01,469,152.6,228.89999999999998,High Demand
PINK VINTAGE SPOT BEAKER,4679,4384.83,132,187.16,280.74,High Demand
PINK VINTAGE VICTORIAN CHOKER,5,33.75,2,0.2,0.30000000000000004,Low Demand
PINK VINTAGE VICTORIAN EARRINGS,25,73.75000000000001,8,1.0,1.5,Low Demand
PINK WHITE SPOTS GARDEN PARASOL,180,1007.0,47,7.2,10.8,Low Demand
PINK YELLOW PATCH CUSHION COVER,359,774.1500000000001,11,14.36,21.54,Low Demand
PINK/AMETHYST/GOLD NECKLACE,9,62.55,4,0.36,0.54,Low Demand
PINK/BLUE DISC/MIRROR STRING,749,374.31,25,29.96,44.94,Medium Demand
PINK/BLUE STRING CURTAIN ,115,268.25,8,4.6,6.8999999999999995,Low Demand
PINK/BROWN DOTS RUFFLED UMBRELLA,1913,6613.55,86,76.52,114.78,Medium Demand
PINK/FLOWER RABBIT EGG WARMER ,57,119.7,13,2.28,3.42,Low Demand
PINK/GREEN FLOWER DESIGN BIG MUG,47,30.81,20,1.88,2.82,Low Demand
PINK/PURPLE CIRCLE CURTAIN,64,112.32000000000001,12,2.56,3.84,Low Demand
PINK/PURPLE RETRO RADIO,194,572.3000000000001,34,7.76,11.64,Low Demand
"PINK/WHITE ""KEEP CLEAN"" BULLET BIN",130,383.50000000000006,27,5.2,7.800000000000001,Low Demand
PINK/WHITE CHRISTMAS TREE 30CM,58,25.28,7,2.32,3.4799999999999995,Low Demand
PINK/WHITE CHRISTMAS TREE 60CM,1667,1115.97,52,66.68,100.02000000000001,Medium Demand
PINK/WHITE GLASS DEMI CHOKER,8,60.0,4,0.32,0.48,Low Demand
PINK/WHITE RIBBED MELAMINE JUG,145,1089.15,63,5.8,8.7,Low Demand
PINK/YELLOW FLOWERS HANDBAG,349,454.45,51,13.96,20.94,Low Demand
PINK/YELLOW PATCH CUSHION COVER,6,45.9,3,0.24,0.36,Low Demand
PINK/YELLOW RABBIT SAT EASTER,22,9.24,4,0.88,1.32,Low Demand
PIZZA DISH SLICE ,36,45.0,2,1.44,2.16,Low Demand
PIZZA PLATE IN BOX,865,3044.8,185,34.6,51.900000000000006,Medium Demand
PIZZA SLICE DISH,2605,2891.4500000000003,74,104.2,156.3,High Demand
PLACE SETTING WHITE HEART,27416,11049.33,645,1096.64,1644.96,High Demand
PLACE SETTING WHITE STAR,6239,2539.31,219,249.56,374.34000000000003,High Demand
PLANTPOT SINGLE HOOK PISTACHIO,165,182.09,2,6.6,9.899999999999999,Low Demand
PLASMATRONIC LAMP,87,724.39,25,3.48,5.22,Low Demand
PLASTERS IN TIN CIRCUS PARADE ,13317,21288.41,1100,532.68,799.02,High Demand
PLASTERS IN TIN MR STRONG ,228,357.0,11,9.12,13.68,Low Demand
PLASTERS IN TIN SKULLS,7632,12357.6,905,305.28,457.91999999999996,High Demand
PLASTERS IN TIN SPACEBOY,14951,23736.149999999998,1156,598.04,897.06,High Demand
PLASTERS IN TIN STRONGMAN,11397,18240.29,856,455.88,683.8199999999999,High Demand
PLASTERS IN TIN VINTAGE PAISLEY ,10067,16010.59,991,402.68,604.02,High Demand
PLASTERS IN TIN WOODLAND ANIMALS,13071,20879.23,1097,522.84,784.26,High Demand
PLAYING CARDS I LOVE LONDON ,1065,1247.25,104,42.6,63.900000000000006,Medium Demand
PLAYING CARDS JUBILEE UNION JACK,1668,2082.48,190,66.72,100.08,Medium Demand
PLAYING CARDS KEEP CALM & CARRY ON,3435,4246.71,327,137.4,206.10000000000002,High Demand
PLAYING CARDS VINTAGE DOILEY ,13,16.25,2,0.52,0.78,Low Demand
PLAYING CARDS VINTAGE DOILY ,677,822.73,85,27.08,40.62,Medium Demand
PLEASE ONE PERSON  METAL SIGN,1789,3528.9,150,71.56,107.34,Medium Demand
PLEASE ONE PERSON METAL SIGN,22724,45035.100000000006,1399,908.96,1363.44,High Demand
POCKET BAG BLUE PAISLEY RED SPOT,1081,1646.86,121,43.24,64.86,Medium Demand
POCKET BAG PINK PAISELY BROWN SPOT,586,952.63,87,23.44,35.160000000000004,Medium Demand
"POCKET MIRROR ""GLAMOROUS""",95,118.75,29,3.8,5.699999999999999,Low Demand
POCKET MIRROR BUTTERFLY ,2,2.5,2,0.08,0.12,Low Demand
POCKET MIRROR WOODLAND,125,156.25,20,5.0,7.5,Low Demand
POLKA DOT PEN,1248,1060.8,24,49.92,74.88,Medium Demand
POLKA DOT PISTACHIO PAIL,279,566.22,43,11.16,16.740000000000002,Low Demand
POLKA DOT RAFFIA FOOD COVER,1099,3178.16,176,43.96,65.94,Medium Demand
POLKADOT COFFEE CUP & SAUCER PINK,1443,1165.89,65,57.72,86.58,Medium Demand
POLKADOT CUTLERY 24 PCS IN TRAY,617,6307.15,58,24.68,37.019999999999996,Medium Demand
POLKADOT MUG PINK ,190,282.66,22,7.6,11.399999999999999,Low Demand
POLKADOT PEN,11591,9521.63,180,463.64,695.46,High Demand
POLKADOT PENS,48,40.8,1,1.92,2.88,Low Demand
POLKADOT RAIN HAT ,2856,1105.69,127,114.24,171.35999999999999,High Demand
POLYESTER FILLER PAD 30CMx30CM,251,313.75,51,10.04,15.059999999999999,Low Demand
POLYESTER FILLER PAD 40x40cm,3466,5025.7,369,138.64,207.95999999999998,High Demand
POLYESTER FILLER PAD 45x30cm,245,355.25,59,9.8,14.700000000000001,Low Demand
POLYESTER FILLER PAD 45x45cm,2505,3882.75,342,100.2,150.3,High Demand
POLYESTER FILLER PAD 60x40cm,20,51.0,6,0.8,1.2000000000000002,Low Demand
POLYESTER FILLER PAD 65CMx65CM,214,909.5,48,8.56,12.84,Low Demand
POMPOM CURTAIN,661,3161.9500000000003,94,26.44,39.660000000000004,Medium Demand
POP ART PEN CASE & PENS,10589,1017.2900000000001,23,423.56,635.34,High Demand
POP ART PUSH DOWN RUBBER ,2142,179.04000000000002,12,85.68,128.52,Medium Demand
POP'S GREASY SPOON METAL SIGN,86,141.9,20,3.44,5.16,Low Demand
POP-ART FLUORESCENT PENS,6192,388.8,2,247.68,371.52,High Demand
POPART COL BALLPOINT PEN ASST,4298,182.58,8,171.92,257.88,High Demand
POPART RECT PENCIL SHARPENER ASST,1205,156.9,37,48.2,72.30000000000001,Medium Demand
POPART WOODEN PENCILS ASST,9300,428.0,72,372.0,558.0,High Demand
POPCORN HOLDER,30931,23427.71,632,1237.24,1855.8600000000001,High Demand
"POPCORN HOLDER , LARGE",956,1527.8,67,38.24,57.36,Medium Demand
"POPCORN HOLDER , SMALL ",3070,2344.2999999999997,81,122.8,184.2,High Demand
POPPY FIELDS CHOPPING BOARD,85,420.75,39,3.4,5.1,Low Demand
POPPY'S PLAYHOUSE BATHROOM,1915,3883.5,327,76.6,114.89999999999999,Medium Demand
POPPY'S PLAYHOUSE BEDROOM ,3439,7049.05,556,137.56,206.34,High Demand
POPPY'S PLAYHOUSE KITCHEN,3604,7414.61,616,144.16,216.24,High Demand
POPPY'S PLAYHOUSE LIVINGROOM ,2651,5422.22,460,106.04,159.06,High Demand
PORCELAIN BUDAH INCENSE HOLDER,2624,232.4,30,104.96,157.44,High Demand
PORCELAIN BUTTERFLY OIL BURNER,1156,2930.2000000000003,177,46.24,69.36,Medium Demand
PORCELAIN CHERUB BELL LARGE,19,31.349999999999998,7,0.76,1.1400000000000001,Low Demand
PORCELAIN CHERUB BELL SMALL,322,135.24,20,12.88,19.32,Low Demand
PORCELAIN HANGING BELL LARGE,26,50.7,9,1.04,1.56,Low Demand
PORCELAIN HANGING BELL SMALL,67,97.15,12,2.68,4.0200000000000005,Low Demand
PORCELAIN ROSE LARGE ,1782,2079.3,88,71.28,106.92,Medium Demand
PORCELAIN ROSE SMALL,3099,2484.91,107,123.96,185.94,High Demand
PORCELAIN T-LIGHT HOLDERS ASSORTED,2160,2588.43,140,86.4,129.60000000000002,Medium Demand
POSTAGE,5333,126563.04,1803,213.32,319.98,High Demand
POSTE FRANCE CUSHION COVER,395,1481.25,119,15.8,23.700000000000003,Low Demand
POSY CANDY BAG,4101,1180.25,46,164.04,246.06,High Demand
POSY SHOPPER BAG,1513,586.25,12,60.52,90.78,Medium Demand
POTTERING IN THE SHED METAL SIGN,9338,17977.82,855,373.52,560.28,High Demand
POTTERING MUG,5349,6280.37,403,213.96,320.94,High Demand
POTTING SHED CANDLE CITRONELLA,863,2605.9700000000003,100,34.52,51.78,Medium Demand
POTTING SHED COFFEE MUG,1248,1434.6,103,49.92,74.88,Medium Demand
POTTING SHED ROSE CANDLE,762,2355.78,88,30.48,45.72,Medium Demand
POTTING SHED SEED ENVELOPES,1168,1430.13,151,46.72,70.08,Medium Demand
POTTING SHED SEED TIN,164,523.0,13,6.56,9.84,Low Demand
POTTING SHED SOW 'N' GROW SET,530,1544.5,70,21.2,31.799999999999997,Medium Demand
POTTING SHED TEA MUG,8934,10545.18,719,357.36,536.04,High Demand
POTTING SHED TWINE,2315,4655.88,226,92.6,138.89999999999998,Medium Demand
PREMIUM CHURCH CANDLE,255,496.14000000000004,40,10.2,15.299999999999999,Low Demand
PRETTY HANGING QUILTED HEARTS,1274,1046.8600000000001,70,50.96,76.44,Medium Demand
PRICE'S CANDLE PEACH,1050,116.5,9,42.0,63.0,Medium Demand
PSYCHEDELIC METAL SIGN CALENDAR,973,259.15,8,38.92,58.38,Medium Demand
PSYCHEDELIC TILE COASTER,466,231.75,30,18.64,27.96,Low Demand
PSYCHEDELIC TILE HOOK,324,227.25,51,12.96,19.44,Low Demand
PSYCHEDELIC WALL THERMOMETER,713,863.03,31,28.52,42.78,Medium Demand
PURPLE ACRYLIC FACETED BANGLE,132,207.60000000000002,12,5.28,7.92,Low Demand
PURPLE AMETHYST NECKLACE W TASSEL,14,139.29999999999998,10,0.56,0.8400000000000001,Low Demand
PURPLE ANEMONE ARTIFICIAL FLOWER,429,420.21000000000004,16,17.16,25.740000000000002,Low Demand
PURPLE BERTIE GLASS BEAD BAG CHARM,102,124.2,11,4.08,6.12,Low Demand
PURPLE BOUDICCA LARGE BRACELET,44,305.8,20,1.76,2.64,Low Demand
PURPLE CHUNKY GLASS+BEAD NECKLACE,14,167.29999999999998,9,0.56,0.8400000000000001,Low Demand
PURPLE CURRENT CANDLE RING,31,12.61,2,1.24,1.8599999999999999,Low Demand
PURPLE DRAWERKNOB ACRYLIC EDWARDIAN,3216,3923.81,182,128.64,192.95999999999998,High Demand
PURPLE DRESS JEWELLERY STAND,63,54.09,4,2.52,3.7800000000000002,Low Demand
PURPLE ENAMEL FLOWER HAIR TIE,8,23.6,3,0.32,0.48,Low Demand
PURPLE ENAMEL FLOWER RING,91,268.45000000000005,20,3.64,5.46,Low Demand
PURPLE ENAMEL+GLASS HAIR COMB,173,325.5,10,6.92,10.379999999999999,Low Demand
PURPLE FINE BEAD NECKLACE W TASSEL,7,41.65,5,0.28,0.42000000000000004,Low Demand
PURPLE FOXGLOVE ARTIIFCIAL FLOWER,322,482.70000000000005,9,12.88,19.32,Low Demand
PURPLE FRANGIPANI HAIRCLIP,58,49.3,11,2.32,3.4799999999999995,Low Demand
PURPLE FRANGIPANI NECKLACE,12,30.6,5,0.48,0.72,Low Demand
PURPLE GEMSTONE BRACELET,56,453.2,26,2.24,3.3600000000000003,Low Demand
PURPLE GEMSTONE NECKLACE 45CM,22,280.5,9,0.88,1.32,Low Demand
PURPLE GLASS TASSLE BAG CHARM,37,109.15,10,1.48,2.2199999999999998,Low Demand
PURPLE GREEN FLOWER PIGGY BANK,359,664.35,24,14.36,21.54,Low Demand
PURPLE LAS VEGAS BRACELET ROUND,16,60.0,5,0.64,0.96,Low Demand
PURPLE LEAVES AND BEADS PHONE CHAR,3,3.75,2,0.12,0.18,Low Demand
PURPLE PAPER PARASOL,866,2440.3,160,34.64,51.96,Medium Demand
PURPLE PILLAR CANDLE BLACK FLOCK,313,413.35,9,12.52,18.78,Low Demand
PURPLE SWEETHEART BRACELET,122,518.5,43,4.88,7.32,Low Demand
PURPLE TINT ACRYLIC FLOWER VASE,24,20.4,4,0.96,1.44,Low Demand
PURPLE VINTAGE EARRINGS,34,127.5,8,1.36,2.04,Low Demand
PURPLE/BLUE CERAMIC CANDLE HOLDER,14,23.099999999999998,5,0.56,0.8400000000000001,Low Demand
PURPLE/COPPER HANGING LAMPSHADE,23,19.55,8,0.92,1.3800000000000001,Low Demand
PURPLE/TURQ FLOWERS HANDBAG,209,278.75,46,8.36,12.54,Low Demand
QUEEN OF SKIES LUGGAGE TAG,269,327.27,91,10.76,16.14,Low Demand
QUEEN OF THE SKIES HOLIDAY PURSE ,1037,277.19,15,41.48,62.22,Medium Demand
QUEEN OF THE SKIES PASSPORT COVER ,195,404.58000000000004,74,7.8,11.7,Low Demand
QUEENS GUARD COFFEE MUG,2365,5603.570000000001,233,94.6,141.89999999999998,Medium Demand
RABBIT  DESIGN  COTTON TOTE BAG,370,814.5,89,14.8,22.200000000000003,Low Demand
RABBIT EASTER DECORATION,20,59.00000000000001,5,0.8,1.2000000000000002,Low Demand
RABBIT NIGHT LIGHT,27202,51346.2,801,1088.08,1632.12,High Demand
RAIN GIRL CHILDS UMBRELLA,1,3.25,1,0.04,0.06,Low Demand
RAIN HAT WITH RED SPOTS,4292,1550.6399999999999,89,171.68,257.52,High Demand
RAIN PONCHO ,1982,1473.6999999999998,78,79.28,118.92,Medium Demand
RAIN PONCHO RETROSPOT,10289,8124.53,232,411.56,617.34,High Demand
RAIN PONCHO WITH RED SPOTS,4463,3289.5499999999997,118,178.52,267.78000000000003,High Demand
RAINBOW PEGS PHOTO CLIP STRING,387,230.13,41,15.48,23.22,Low Demand
RAINY LADIES BIRTHDAY CARD,5239,2104.81,292,209.56,314.34000000000003,High Demand
RASPBERRY ANT COPPER FLOWER NECKLAC,25,148.75,14,1.0,1.5,Low Demand
RASTA IN BATH W SPLIFF ASHTRAY,15,12.75,9,0.6,0.8999999999999999,Low Demand
RATTLE SNAKE EGGS,1423,1082.39,112,56.92,85.38,Medium Demand
RECIPE BOX BLUE SKETCHBOOK DESIGN,2586,7323.260000000001,507,103.44,155.16,High Demand
RECIPE BOX PANTRY YELLOW DESIGN,9807,27804.370000000003,1277,392.28,588.42,High Demand
RECIPE BOX RETRO SPOT DESIGN,953,2676.9500000000003,175,38.12,57.17999999999999,Medium Demand
RECIPE BOX RETROSPOT ,4007,11191.85,645,160.28,240.42000000000002,High Demand
RECIPE BOX WITH METAL HEART,1073,8173.35,312,42.92,64.38,Medium Demand
"RECORD FRAME 7"" SINGLE SIZE ",7162,15789.12,319,286.48,429.72,High Demand
RECTANGULAR SHAPED MIRROR,652,656.9,42,26.08,39.12,Medium Demand
RECYCLED ACAPULCO MAT BLUE,335,2741.35,133,13.4,20.1,Low Demand
RECYCLED ACAPULCO MAT GREEN,459,3763.55,176,18.36,27.54,Low Demand
RECYCLED ACAPULCO MAT LAVENDER,268,2206.2,109,10.72,16.080000000000002,Low Demand
RECYCLED ACAPULCO MAT PINK,319,2598.15,129,12.76,19.14,Low Demand
RECYCLED ACAPULCO MAT RED,435,3572.75,169,17.4,26.099999999999998,Low Demand
RECYCLED ACAPULCO MAT TURQUOISE,571,4694.75,221,22.84,34.26,Medium Demand
RECYCLED PENCIL WITH RABBIT ERASER,5176,1050.06,160,207.04,310.56,High Demand
RECYCLING BAG RETROSPOT ,14507,28377.08,1013,580.28,870.42,High Demand
RED   ACRYLIC FACETED BANGLE,113,171.95000000000002,9,4.52,6.779999999999999,Low Demand
RED  EGG  SPOON,1589,280.98,102,63.56,95.34,Medium Demand
RED  HARMONICA IN BOX ,37097,41939.65,884,1483.88,2225.82,High Demand
RED  SPOTTY COFFEE  MUG,692,1297.8,44,27.68,41.519999999999996,Medium Demand
RED 3 PIECE MINI DOTS CUTLERY SET,4055,14624.91,460,162.2,243.29999999999998,High Demand
RED 3 PIECE RETROSPOT CUTLERY SET,2487,9043.29,243,99.48,149.22,Medium Demand
RED AND WHITE SPOT TAPE,434,282.1,35,17.36,26.04,Low Demand
RED APPLES CHOPPING BOARD   ,147,698.85,38,5.88,8.82,Low Demand
RED BABY BUNTING ,2195,6355.25,334,87.8,131.7,Medium Demand
RED BIRD HOUSE TREE DECORATION,551,360.83,39,22.04,33.06,Medium Demand
RED BOUDICCA LARGE BRACELET,60,412.55,23,2.4,3.5999999999999996,Low Demand
RED CHARLIE+LOLA PERSONAL DOORSIGN,2399,1270.29,139,95.96,143.94,Medium Demand
RED COAT RACK PARIS FASHION,435,1963.89,105,17.4,26.099999999999998,Low Demand
RED DAISY PAPER LAMPSHADE,321,387.57,34,12.84,19.259999999999998,Low Demand
RED DAISY POCKET BOOK ,5329,880.03,55,213.16,319.74,High Demand
RED DINER WALL CLOCK,1803,14765.09,554,72.12,108.18,Medium Demand
RED DRAGONFLY HELICOPTER,107,850.65,65,4.28,6.42,Low Demand
RED DRAWER KNOB ACRYLIC EDWARDIAN,2651,3128.71,135,106.04,159.06,High Demand
RED ENAMEL FLOWER RING,89,262.55,19,3.56,5.34,Low Demand
RED ENCHANTED FOREST PLACEMAT,1001,1615.65,127,40.04,60.06,Medium Demand
RED FLOCK LOVE HEART PHOTO FRAME,1604,1006.86,103,64.16,96.24,Medium Demand
RED FLORAL FELTCRAFT SHOULDER BAG,3138,11335.41,518,125.52,188.28,High Demand
RED FLOWER CROCHET FOOD COVER,833,3095.39,240,33.32,49.980000000000004,Medium Demand
RED GINGHAM ROSE JEWELLERY BOX,6131,10240.35,764,245.24,367.86,High Demand
RED GINGHAM TEDDY BEAR ,1830,5133.780000000001,302,73.2,109.80000000000001,Medium Demand
RED GLASS TASSLE BAG CHARM,36,106.2,14,1.44,2.16,Low Demand
RED HANGING HEART T-LIGHT HOLDER,17643,50010.85,1631,705.72,1058.58,High Demand
RED HANGING METAL STAR TLIGHT HLDR,931,3229.17,56,37.24,55.86,Medium Demand
RED HEART CANDY POP LIGHTS,1,4.95,1,0.04,0.06,Low Demand
RED HEART LUGGAGE TAG,648,807.72,132,25.92,38.88,Medium Demand
RED HEART SHAPE LOVE BUCKET ,2714,6447.22,302,108.56,162.84,High Demand
RED HEARTS LIGHT CHAIN ,553,1377.53,66,22.12,33.18,Medium Demand
RED KITCHEN SCALES,2455,19926.53,781,98.2,147.3,Medium Demand
RED KUKUI COCONUT SEED NECKLACE,122,191.3,19,4.88,7.32,Low Demand
RED LOVE HEART SHAPE CUP,3050,2526.98,238,122.0,183.0,High Demand
RED METAL BEACH SPADE ,3706,4431.32,308,148.24,222.36,High Demand
RED METAL BOX TOP SECRET,1003,7962.03,221,40.12,60.17999999999999,Medium Demand
RED ORGANIC CANDLE IN GLASS,613,627.05,38,24.52,36.78,Medium Demand
RED PAPER PARASOL,1545,4255.79,188,61.8,92.69999999999999,Medium Demand
RED PEONY CUSHION COVER ,309,480.85,10,12.36,18.54,Low Demand
RED PEONY DES C/COVER ,13,60.45,6,0.52,0.78,Low Demand
RED PEONY PHOTO FRAME ,10,46.5,5,0.4,0.6000000000000001,Low Demand
RED PEONY TABLE CLOCK,33,199.35,16,1.32,1.98,Low Demand
RED POLKA DOT TISSUE BOX,943,1076.15,62,37.72,56.58,Medium Demand
RED POLKADOT BEAKER ,3876,1629.52,116,155.04,232.56,High Demand
RED POLKADOT COFFEE  MUG,1544,737.25,53,61.76,92.64,Medium Demand
RED POLKADOT PUDDING BOWL,3711,577.47,13,148.44,222.66,High Demand
RED POPPY ARTIFICIAL FLOWER,233,215.93,7,9.32,13.98,Low Demand
RED PUDDING SPOON,1027,189.54,63,41.08,61.62,Medium Demand
RED PURSE WITH PINK HEART,96,116.4,16,3.84,5.76,Low Demand
RED REFECTORY CLOCK ,236,2222.2,95,9.44,14.16,Low Demand
RED REINDEER STRING OF 20 LIGHTS,131,605.75,26,5.24,7.86,Low Demand
RED RETRO BAR STOOL,26,970.7,8,1.04,1.56,Low Demand
RED RETRO KITCHEN WALL CLOCK,44,358.6,20,1.76,2.64,Low Demand
RED RETROSPOT APRON ,667,3734.65,159,26.68,40.019999999999996,Medium Demand
RED RETROSPOT BIG BOWL,216,1052.4,50,8.64,12.96,Low Demand
RED RETROSPOT BOWL,5214,6056.01,375,208.56,312.84000000000003,High Demand
RED RETROSPOT BUTTER DISH,1804,8589.6,438,72.16,108.24,Medium Demand
RED RETROSPOT CAKE STAND,4435,44314.89,984,177.4,266.1,High Demand
RED RETROSPOT CHARLOTTE BAG,15314,12158.9,908,612.56,918.8399999999999,High Demand
RED RETROSPOT CHILDRENS UMBRELLA,1507,4816.41,265,60.28,90.42,Medium Demand
RED RETROSPOT CUP,4258,3425.6,340,170.32,255.48,High Demand
RED RETROSPOT JUMBO BAG ,5334,9291.3,183,213.36,320.04,High Demand
RED RETROSPOT LUGGAGE TAG,483,603.75,98,19.32,28.98,Low Demand
RED RETROSPOT MINI CASES,2103,15162.05,479,84.12,126.18,Medium Demand
RED RETROSPOT MUG,3842,10577.900000000001,297,153.68,230.52,High Demand
RED RETROSPOT OVEN GLOVE ,4610,5378.38,344,184.4,276.6,High Demand
RED RETROSPOT OVEN GLOVE DOUBLE,1042,3025.9000000000005,200,41.68,62.519999999999996,Medium Demand
RED RETROSPOT PEG BAG,3308,7517.35,431,132.32,198.48,High Demand
RED RETROSPOT PICNIC BAG,6311,17519.01,701,252.44,378.65999999999997,High Demand
RED RETROSPOT PLATE ,3377,5373.049999999999,272,135.08,202.62,High Demand
RED RETROSPOT PUDDING BOWL,729,3029.25,162,29.16,43.74,Medium Demand
RED RETROSPOT PURSE ,488,1430.0000000000002,99,19.52,29.28,Low Demand
RED RETROSPOT ROUND CAKE TINS,1304,12341.8,350,52.16,78.24,Medium Demand
RED RETROSPOT SHOPPER BAG,5676,6747.31,469,227.04,340.56,High Demand
RED RETROSPOT SHOPPING BAG,616,1554.96,97,24.64,36.96,Medium Demand
RED RETROSPOT SMALL MILK JUG,4967,11969.25,713,198.68,298.02,High Demand
RED RETROSPOT STORAGE JAR,1296,4718.16,240,51.84,77.76,Medium Demand
RED RETROSPOT SUGAR JAM BOWL,3097,7349.25,471,123.88,185.82,High Demand
RED RETROSPOT TAPE,1583,750.19,111,63.32,94.98,Medium Demand
RED RETROSPOT TEA CUP AND SAUCER ,1628,5544.32,299,65.12,97.68,Medium Demand
RED RETROSPOT TISSUE BOX,2492,1223.49,170,99.68,149.52,Medium Demand
RED RETROSPOT TOASTRACK,107,360.15000000000003,35,4.28,6.42,Low Demand
RED RETROSPOT TRADITIONAL TEAPOT ,2348,16520.64,508,93.92,140.88,Medium Demand
RED RETROSPOT UMBRELLA,2649,14653.320000000002,421,105.96,158.94,High Demand
RED RETROSPOT WASHBAG,79,165.9,17,3.16,4.74,Low Demand
RED RETROSPOT WRAP ,14472,5893.24,438,578.88,868.3199999999999,High Demand
RED ROCKING HORSE HAND PAINTED,2208,2634.0,116,88.32,132.48,Medium Demand
RED ROSE AND LACE C/COVER,190,560.5,46,7.6,11.399999999999999,Low Demand
RED SHARK HELICOPTER,132,1049.4,80,5.28,7.92,Low Demand
RED SPOT CERAMIC DRAWER KNOB,9027,10882.47,568,361.08,541.62,High Demand
RED SPOT HEART HOT WATER BOTTLE,2404,11222.2,410,96.16,144.24,Medium Demand
RED SPOT PAPER GIFT BAG,2444,1944.08,122,97.76,146.64000000000001,Medium Demand
RED SPOTS  WRAP ,12675,5115.5,361,507.0,760.5,High Demand
RED SPOTTY APRON ,765,4298.25,177,30.6,45.900000000000006,Medium Demand
RED SPOTTY BEAKER ,85,165.75,16,3.4,5.1,Low Demand
RED SPOTTY BIG BOWL,408,2002.8000000000002,87,16.32,24.48,Low Demand
RED SPOTTY BISCUIT TIN,4737,16513.95,588,189.48,284.21999999999997,High Demand
RED SPOTTY BOWL,4384,5147.12,345,175.36,263.04,High Demand
RED SPOTTY CANDY BAG,4626,1154.9,67,185.04,277.56,High Demand
RED SPOTTY CHARLOTTE BAG,10685,8499.85,587,427.4,641.0999999999999,High Demand
RED SPOTTY CHILDS APRON,2438,4490.4,271,97.52,146.28,Medium Demand
RED SPOTTY CHILDS UMBRELLA,1431,4467.75,213,57.24,85.86,Medium Demand
RED SPOTTY COIR DOORMAT,1098,6545.5,164,43.92,65.88,Medium Demand
RED SPOTTY CUP,4494,3667.02,360,179.76,269.64,High Demand
RED SPOTTY EGG CUP ,909,1081.53,58,36.36,54.54,Medium Demand
RED SPOTTY LUGGAGE TAG,882,1097.94,125,35.28,52.92,Medium Demand
RED SPOTTY OVEN GLOVE ,2560,3100.44,249,102.4,153.60000000000002,High Demand
RED SPOTTY OVEN GLOVE DOUBLE,1232,3408.4,130,49.28,73.92,Medium Demand
RED SPOTTY PASSPORT COVER,1,2.1,1,0.04,0.06,Low Demand
RED SPOTTY PEG BAG,2564,4864.92,293,102.56,153.84,High Demand
RED SPOTTY PLATE ,3135,5015.91,247,125.4,188.10000000000002,High Demand
RED SPOTTY PUDDING BOWL,3818,827.04,24,152.72,229.07999999999998,High Demand
RED SPOTTY PURSE ,699,2054.8500000000004,123,27.96,41.94,Medium Demand
RED SPOTTY ROUND CAKE TINS,1423,13537.85,418,56.92,85.38,Medium Demand
RED SPOTTY SHOPPER BAG,6660,7713.2,397,266.4,399.59999999999997,High Demand
RED SPOTTY SHOPPING BAG,671,1708.3500000000001,103,26.84,40.26,Medium Demand
RED SPOTTY TABLECLOTH ,370,3832.5,123,14.8,22.200000000000003,Low Demand
RED SPOTTY WASHBAG,542,1133.28,92,21.68,32.519999999999996,Medium Demand
RED STAR CARD HOLDER,1930,4917.54,284,77.2,115.80000000000001,Medium Demand
RED STONE/CRYSTAL EARRINGS,6,17.700000000000003,1,0.24,0.36,Low Demand
RED STRIPE CERAMIC DRAWER KNOB,9496,11582.0,614,379.84,569.76,High Demand
RED TEA TOWEL CLASSIC DESIGN,2327,2799.31,245,93.08,139.62,Medium Demand
RED TOADSTOOL LED NIGHT LIGHT,27867,42913.71,1043,1114.68,1672.02,High Demand
RED TOP SCANDINAVIAN HEART ,4,1.52,2,0.16,0.24,Low Demand
RED VICTORIAN FABRIC HEART BOX,288,102.63,21,11.52,17.28,Low Demand
RED VICTORIAN FABRIC OVAL BOX,1831,662.8100000000001,92,73.24,109.85999999999999,Medium Demand
RED VINTAGE SPOT BEAKER,1782,1452.3,146,71.28,106.92,Medium Demand
RED WALL CLOCK,60,459.0,1,2.4,3.5999999999999996,Low Demand
RED WHITE SCARF  HOT WATER BOTTLE,2165,7945.750000000001,301,86.6,129.89999999999998,Medium Demand
RED WOOLLY HOTTIE WHITE HEART.,10299,35261.07,956,411.96,617.9399999999999,High Demand
RED/CREAM STRIPE CUSHION COVER ,994,1227.3,136,39.76,59.64,Medium Demand
RED/CREAM STRIPE FRINGE HAMMOCK,327,2499.65,108,13.08,19.62,Low Demand
RED/WHITE DOT MINI CASES,1112,7883.599999999999,250,44.48,66.72,Medium Demand
RED/WHITE DOTS RUFFLED UMBRELLA,3406,14802.1,373,136.24,204.36,High Demand
RED/WHITE SPOT PICNIC BAG,1092,2977.4,82,43.68,65.52,Medium Demand
REDWHITE STRIPE SCANDINAVIAN HEART ,382,145.16,28,15.28,22.919999999999998,Low Demand
REGENCY CAKE FORK,1608,1896.6,68,64.32,96.47999999999999,Medium Demand
REGENCY CAKE SLICE,564,2579.21,80,22.56,33.839999999999996,Medium Demand
REGENCY CAKESTAND 3 TIER,24899,286486.3,3317,995.96,1493.94,High Demand
REGENCY MILK JUG PINK ,3066,9008.0,272,122.64,183.96,High Demand
REGENCY MIRROR WITH SHUTTERS,18,2730.0,11,0.72,1.08,Low Demand
REGENCY SUGAR BOWL GREEN,2956,11575.54,268,118.24,177.35999999999999,High Demand
REGENCY SUGAR TONGS,1714,3949.7000000000003,134,68.56,102.84,Medium Demand
REGENCY TEA PLATE GREEN ,5966,9184.9,270,238.64,357.96,High Demand
REGENCY TEA PLATE PINK,3688,5793.28,224,147.52,221.28000000000003,High Demand
REGENCY TEA PLATE ROSES ,6575,10190.789999999999,328,263.0,394.5,High Demand
REGENCY TEA SPOON,1404,1666.8,60,56.16,84.24,Medium Demand
REGENCY TEA STRAINER,1362,4789.24,142,54.48,81.72,Medium Demand
REGENCY TEAPOT ROSES ,2666,23073.32,354,106.64,159.96,High Demand
REINDEER HEART DECORATION GOLD,930,775.2600000000001,77,37.2,55.800000000000004,Medium Demand
REINDEER HEART DECORATION SILVER,1461,1241.5900000000001,110,58.44,87.66,Medium Demand
RELAX LARGE WOOD LETTERS,204,1945.8,67,8.16,12.24,Low Demand
RESIN BRACELET W PASTEL BEADS,18,89.10000000000001,7,0.72,1.08,Low Demand
RESIN NECKLACE W PASTEL BEADS,21,157.5,12,0.84,1.26,Low Demand
RETO LEAVES MAGNETIC SHOPPING LIST,36,52.199999999999996,3,1.44,2.16,Low Demand
"RETRO ""TEA FOR ONE"" ",123,560.25,34,4.92,7.38,Low Demand
RETRO BLUE SPOTTY WASHING UP GLOVES,846,1326.6000000000001,114,33.84,50.760000000000005,Medium Demand
RETRO BROWN BALL ASHTRAY ,195,234.15,19,7.8,11.7,Low Demand
RETRO COFFEE MUGS ASSORTED,7283,8271.45,344,291.32,436.98,High Demand
RETRO LAUNDRY TUB PINK,60,510.0,27,2.4,3.5999999999999996,Low Demand
RETRO LAUNDRY TUB PISTACHIO,85,722.5,42,3.4,5.1,Low Demand
RETRO LEAVES MAGNETIC NOTEPAD,104,150.79999999999998,17,4.16,6.24,Low Demand
RETRO LONGBOARD IRONING BOARD COVER,226,352.5,62,9.04,13.559999999999999,Low Demand
RETRO MOD TRAY,1327,1077.61,173,53.08,79.62,Medium Demand
"RETRO PILL BOX , REVOLUTIONARY",189,34.91,10,7.56,11.34,Low Demand
"RETRO PILL BOX KEY CHAIN,THE KING",235,43.65,14,9.4,14.100000000000001,Low Demand
RETRO PINK BALL ASHTRAY ,353,422.05,36,14.12,21.18,Low Demand
RETRO PINK SPOT WASHING UP GLOVES,187,391.1,38,7.48,11.22,Low Demand
RETRO PLASTIC 70'S TRAY,833,437.84,93,33.32,49.980000000000004,Medium Demand
RETRO PLASTIC DAISY TRAY,696,337.46999999999997,93,27.84,41.76,Medium Demand
RETRO PLASTIC ELEPHANT TRAY,1571,1208.6299999999999,131,62.84,94.26,Medium Demand
RETRO PLASTIC POLKA TRAY,1860,885.5999999999999,132,74.4,111.60000000000001,Medium Demand
RETRO RED SPOTTY WASHING UP GLOVES,3012,5749.56,338,120.48,180.72,High Demand
RETRO SISTERS EXPRESSO CUPS,401,441.95000000000005,27,16.04,24.06,Low Demand
RETRO SPORT PARTY BAG + STICKER SET,3343,5128.75,218,133.72,200.57999999999998,High Demand
RETRO SPOT  CIGAR BOX MATCHES ,3105,3653.25,187,124.2,186.3,High Demand
RETRO SPOT CAKE STAND,1456,15333.199999999999,295,58.24,87.36,Medium Demand
RETRO SPOT CANDLE  LARGE,272,672.0,30,10.88,16.32,Low Demand
RETRO SPOT CANDLE  MEDIUM,248,502.80000000000007,23,9.92,14.879999999999999,Low Demand
RETRO SPOT CANDLE  SMALL,365,599.57,35,14.6,21.9,Low Demand
RETRO SPOT CERAMIC TOASTRACK,365,1223.25,80,14.6,21.9,Low Demand
RETRO SPOT GIANT  TUBE MATCHES,1299,3045.15,102,51.96,77.94,Medium Demand
RETRO SPOT LAMP,490,4718.9,177,19.6,29.400000000000002,Low Demand
RETRO SPOT LARGE MILK JUG,1621,7665.55,452,64.84,97.26,Medium Demand
RETRO SPOT MUG,1402,3895.9,125,56.08,84.12,Medium Demand
RETRO SPOT PADDED SEAT CUSHION,467,1657.65,52,18.68,28.02,Low Demand
RETRO SPOT PARTY BAG + STICKER SET,933,1395.45,31,37.32,55.980000000000004,Medium Demand
RETRO SPOT SMALL MILK JUG,1648,3997.2000000000003,243,65.92,98.88,Medium Demand
RETRO SPOT SMALL TUBE MATCHES,2026,3218.1,128,81.04,121.56,Medium Demand
RETRO SPOT STORAGE JAR,685,2476.59,120,27.4,41.099999999999994,Medium Demand
RETRO SPOT SUGAR JAM BOWL,855,2039.8500000000001,141,34.2,51.300000000000004,Medium Demand
RETRO SPOT TEA SET CERAMIC 11 PC ,4313,19965.82,692,172.52,258.78000000000003,High Demand
RETRO SPOT TRADITIONAL TEAPOT ,962,7164.900000000001,221,38.48,57.72,Medium Demand
RETRO SPOTS BUTTER DISH,832,3803.4,147,33.28,49.92,Medium Demand
RETRO SPOTS PUDDING BOWL,283,1170.75,64,11.32,16.98,Low Demand
"RETRO TIN ASHTRAY,REVOLUTIONARY",52,19.4,4,2.08,3.12,Low Demand
RETROSPOT BABUSHKA DOORSTOP,296,647.12,67,11.84,17.759999999999998,Low Demand
RETROSPOT CANDLE  LARGE,690,735.82,37,27.6,41.400000000000006,Medium Demand
RETROSPOT CANDLE  MEDIUM,726,729.62,50,29.04,43.56,Medium Demand
RETROSPOT CANDLE  SMALL,1129,869.85,60,45.16,67.74,Medium Demand
RETROSPOT CHILDRENS APRON,6682,12000.52,526,267.28,400.91999999999996,High Demand
RETROSPOT CIGAR BOX MATCHES ,2871,3023.35,279,114.84,172.26,High Demand
RETROSPOT GIANT TUBE MATCHES,2099,4823.25,182,83.96,125.94,Medium Demand
RETROSPOT HEART HOT WATER BOTTLE,5158,24336.98,815,206.32,309.48,High Demand
RETROSPOT LAMP,456,4467.599999999999,181,18.24,27.36,Low Demand
RETROSPOT LARGE MILK JUG,1652,7866.6,393,66.08,99.12,Medium Demand
RETROSPOT PADDED SEAT CUSHION,1643,5920.27,185,65.72,98.58,Medium Demand
RETROSPOT PARTY BAG + STICKER SET,5662,8721.58,348,226.48,339.71999999999997,High Demand
RETROSPOT RED WASHING UP GLOVES,1854,3686.76,341,74.16,111.24,Medium Demand
RETROSPOT SMALL TUBE MATCHES,1843,3016.95,219,73.72,110.58,Medium Demand
RETROSPOT TEA SET CERAMIC 11 PC ,5791,27806.93,1145,231.64,347.46,High Demand
RETROSPOT WOODEN HEART DECORATION,1852,1553.9199999999998,164,74.08,111.12,Medium Demand
REVOLVER WOODEN RULER ,4917,8950.289999999999,285,196.68,295.02,High Demand
REX CASH+CARRY JUMBO SHOPPER,4120,3914.0,1857,164.8,247.20000000000002,High Demand
RHOMBUS CRYSTAL PERFUME BOTTLE,6,11.7,2,0.24,0.36,Low Demand
RIBBON REEL CHRISTMAS PRESENT ,3120,5126.84,381,124.8,187.2,High Demand
RIBBON REEL CHRISTMAS SOCK BAUBLE,3075,5109.99,380,123.0,184.5,High Demand
RIBBON REEL FLORA + FAUNA ,1468,2433.32,212,58.72,88.08,Medium Demand
RIBBON REEL HEARTS DESIGN ,4783,7748.19,542,191.32,286.98,High Demand
RIBBON REEL LACE DESIGN ,3859,7861.4,385,154.36,231.54000000000002,High Demand
RIBBON REEL MAKING SNOWMEN ,2365,3885.41,293,94.6,141.89999999999998,Medium Demand
RIBBON REEL POLKADOTS ,1675,2715.75,194,67.0,100.5,Medium Demand
RIBBON REEL SNOWY VILLAGE,4169,6690.73,352,166.76,250.14,High Demand
RIBBON REEL SOCKS AND MITTENS,1371,2233.83,159,54.84,82.26,Medium Demand
RIBBON REEL SPOTS DESIGN ,2166,3523.9,244,86.64,129.96,Medium Demand
RIBBON REEL STRIPES DESIGN ,7119,11564.43,819,284.76,427.14,High Demand
"RIBBON REEL, MAKING SNOWMEN ",60,99.0,5,2.4,3.5999999999999996,Low Demand
"RIBBON REEL, XMAS SOCK/BAUBLE",700,1131.0,46,28.0,42.0,Medium Demand
RIBBONS PURSE ,667,1316.63,93,26.68,40.019999999999996,Medium Demand
RIDGED BONNE JAM JAR T-LIGHT HOLDER,272,431.24,23,10.88,16.32,Low Demand
RIDGED GLASS FINGER BOWL,1147,709.5899999999999,62,45.88,68.82000000000001,Medium Demand
RIDGED GLASS PENDANT LAMPSHADE,44,697.8,9,1.76,2.64,Low Demand
RIDGED GLASS POSY VASE ,827,1141.55,83,33.08,49.62,Medium Demand
RIDGED GLASS STORAGE JAR CREAM LID,237,862.8299999999999,54,9.48,14.22,Low Demand
RIDGED GLASS T-LIGHT HOLDER,744,483.6,56,29.76,44.64,Medium Demand
RING OF ROSES BIRTHDAY CARD,3853,1538.34,203,154.12,231.18,High Demand
RIO PINK STRIPE HAMMOCK,10,79.5,5,0.4,0.6000000000000001,Low Demand
RIVIERA NECKLACE,45,222.75,16,1.8,2.7,Low Demand
ROBIN CHRISTMAS CARD,1572,651.6,83,62.88,94.32000000000001,Medium Demand
ROBOT BIRTHDAY CARD,6883,2861.44,474,275.32,412.98,High Demand
ROBOT MUG IN DISPLAY BOX,276,331.32,46,11.04,16.56,Low Demand
ROCKING HORSE GREEN CHRISTMAS ,3304,2708.56,264,132.16,198.24,High Demand
ROCKING HORSE RED CHRISTMAS ,5532,4527.48,379,221.28,331.92,High Demand
ROCOCO WALL MIROR,2,39.9,1,0.08,0.12,Low Demand
ROCOCO WALL MIRROR WHITE,75,1442.25,43,3.0,4.5,Low Demand
ROLL WRAP 50'S CHRISTMAS,3058,3699.02,271,122.32,183.48,High Demand
ROLL WRAP 50'S RED CHRISTMAS ,1596,1964.76,162,63.84,95.76,Medium Demand
ROLL WRAP VINTAGE CHRISTMAS,2857,3462.89,246,114.28,171.42000000000002,High Demand
ROLL WRAP VINTAGE SPOT ,2593,3165.65,246,103.72,155.57999999999998,High Demand
ROMANTIC IMAGES GIFT WRAP SET,1390,1213.8,118,55.6,83.4,Medium Demand
ROMANTIC IMAGES NOTEBOOK SET,643,893.75,41,25.72,38.58,Medium Demand
ROMANTIC IMAGES SCRAP BOOK SET,386,634.2,38,15.44,23.16,Low Demand
ROMANTIC PINKS RIBBONS ,2982,3699.07,459,119.28,178.92000000000002,High Demand
ROSE 1 WICK MORRIS BOXED CANDLE,882,1630.68,120,35.28,52.92,Medium Demand
ROSE 3 WICK MORRIS BOX CANDLE,1324,2519.32,168,52.96,79.44,Medium Demand
ROSE CARAVAN DOORSTOP,1173,6820.51,356,46.92,70.38,Medium Demand
ROSE COLOUR PAIR HEART HAIR SLIDES,24,90.0,9,0.96,1.44,Low Demand
ROSE COTTAGE KEEPSAKE BOX ,1093,9941.55,243,43.72,65.58,Medium Demand
ROSE DES PADDED FLOOR CUSHION,653,2090.68,39,26.12,39.18,Medium Demand
ROSE DU SUD CHILDRENS APRON,26,110.5,15,1.04,1.56,Low Demand
ROSE DU SUD CHILDS APRON,79,335.75,33,3.16,4.74,Low Demand
ROSE DU SUD COSMETICS BAG,618,1501.5,40,24.72,37.08,Medium Demand
ROSE DU SUD CUSHION COVER,22,139.7,11,0.88,1.32,Low Demand
ROSE DU SUD CUSHION COVER ,81,400.95,28,3.24,4.86,Low Demand
ROSE DU SUD DRAWSTRING BAG,110,467.5,26,4.4,6.6000000000000005,Low Demand
ROSE DU SUD OVEN GLOVE,221,649.1500000000001,58,8.84,13.26,Low Demand
ROSE DU SUD WASHBAG ,69,410.55,31,2.76,4.14,Low Demand
ROSE FLOWER CANDLE+INCENSE 16X16CM,33,123.75,12,1.32,1.98,Low Demand
ROSE FOLKART HEART DECORATIONS,1872,1678.45,122,74.88,112.32,Medium Demand
ROSE PENDANT TRIPLE SHELL NECKLACE,3,14.85,1,0.12,0.18,Low Demand
ROSE PINK METAL FOLDING CHAIR,42,333.90000000000003,12,1.68,2.52,Low Demand
ROSE SCENT CANDLE IN JEWELLED BOX,932,3825.2799999999997,169,37.28,55.92,Medium Demand
ROSE SCENT CANDLE JEWELLED DRAWER,724,1536.44,91,28.96,43.44,Medium Demand
ROSE SCENT CANDLES IN GLASS,614,498.49999999999994,50,24.56,36.839999999999996,Medium Demand
ROSE SCENTED VOTIVE CANDLE,24,6.959999999999999,1,0.96,1.44,Low Demand
ROSES BLUE BASE CUSHION COVER ,14,23.1,4,0.56,0.8400000000000001,Low Demand
ROSES IN WHITE HEART CANDLE ,1805,958.21,54,72.2,108.30000000000001,Medium Demand
ROSES ON BLUE TEACUP CANDLE ,536,905.84,3,21.44,32.160000000000004,Medium Demand
ROSES REGENCY TEACUP AND SAUCER ,12164,33096.0,1056,486.56,729.84,High Demand
ROSES WHITE ROUND CANDLE,826,351.62,13,33.04,49.56,Medium Demand
ROTATING LEAVES T-LIGHT HOLDER,2889,3750.28,241,115.56,173.34,High Demand
ROTATING SILVER ANGELS T-LIGHT HLDR,29498,57779.17,525,1179.92,1769.88,High Demand
ROUND ARTICULATED BLUE CLOCK W/SUCK,3,2.55,3,0.12,0.18,Low Demand
ROUND ARTICULATED PINK CLOCK W/SUCK,33,9.57,6,1.32,1.98,Low Demand
ROUND BLUE CLOCK W/SUCKER,48,36.6,7,1.92,2.88,Low Demand
ROUND BLUE CLOCK WITH SUCKER,211,40.09,10,8.44,12.66,Low Demand
ROUND CACTUS CANDLE,295,541.45,39,11.8,17.700000000000003,Low Demand
ROUND CAKE TIN VINTAGE GREEN,734,5580.58,282,29.36,44.04,Medium Demand
ROUND CAKE TIN VINTAGE RED,1259,9418.33,367,50.36,75.53999999999999,Medium Demand
ROUND CONTAINER SET OF 5 RETROSPOT,4765,7425.25,418,190.6,285.9,High Demand
ROUND FOOD CONTAINER S/5 RETROSPOT,36,59.400000000000006,3,1.44,2.16,Low Demand
ROUND GEORGIAN SILVER MIRROR,135,419.25000000000006,16,5.4,8.100000000000001,Low Demand
ROUND PINK HEART MIRROR,234,491.4,44,9.36,14.04,Low Demand
ROUND PURPLE CLOCK W/SUCKER,86,68.9,10,3.44,5.16,Low Demand
ROUND PURPLE CLOCK WITH SUCKER,367,69.73,24,14.68,22.02,Low Demand
"ROUND SNACK BOXES ,SET 4, FRUITS ",84,247.8,5,3.36,5.04,Low Demand
"ROUND SNACK BOXES ,SET4, WOODLAND ",66,194.70000000000002,3,2.64,3.96,Low Demand
ROUND SNACK BOXES SET OF 4 FRUITS ,14024,37966.840000000004,985,560.96,841.44,High Demand
ROUND SNACK BOXES SET OF 4 SKULLS,2661,7537.950000000001,464,106.44,159.66,High Demand
ROUND SNACK BOXES SET OF4 WOODLAND ,14855,40883.57000000001,1144,594.2,891.3000000000001,High Demand
ROUND STORAGE TIN VINTAGE LEAF,853,1552.5099999999998,96,34.12,51.17999999999999,Medium Demand
ROUND WHITE CONFETTI IN TUBE,159,262.35,17,6.36,9.540000000000001,Low Demand
RUBY DROP CHANDELIER EARRINGS,18,67.5,5,0.72,1.08,Low Demand
RUBY GLASS CLUSTER BRACELET,37,220.15,11,1.48,2.2199999999999998,Low Demand
RUBY GLASS CLUSTER EARRINGS,2,2.5,2,0.08,0.12,Low Demand
RUBY GLASS CLUSTER NECKLACE,11,82.5,5,0.44,0.66,Low Demand
RUSSIAN FOLKART STACKING TINS,1,4.95,1,0.04,0.06,Low Demand
RUSTIC  SEVENTEEN DRAWER SIDEBOARD,41,6365.0,29,1.64,2.46,Low Demand
RUSTIC MIRROR WITH LACE HEART,443,2155.51,70,17.72,26.58,Low Demand
RUSTIC STRAWBERRY JAM POT LARGE ,261,531.84,33,10.44,15.66,Low Demand
RUSTIC STRAWBERRY JAM POT SMALL,408,642.0,27,16.32,24.48,Low Demand
RUSTIC STRAWBERRY JAMPOT LARGE ,120,238.56,6,4.8,7.199999999999999,Low Demand
RUSTIC STRAWBERRY JAMPOT SMALL,36,59.400000000000006,3,1.44,2.16,Low Demand
"RUSTIC WOODEN CABINET, GLASS DOORS",181,3362.5699999999997,24,7.24,10.86,Low Demand
S/12 MINI RABBIT EASTER,453,728.25,88,18.12,27.18,Low Demand
S/12 VANILLA  BOTANICAL T-LIGHTS,624,1814.4000000000003,135,24.96,37.44,Medium Demand
S/15 SILVER GLASS BAUBLES IN BAG,2077,2486.81,161,83.08,124.62,Medium Demand
S/16 BLACK SHINY/MAT BAUBLES,48,20.16,1,1.92,2.88,Low Demand
S/16 VINTAGE BLACK CUTLERY,199,2278.0499999999997,27,7.96,11.94,Low Demand
S/16 VINTAGE IVORY CUTLERY,280,3471.0,76,11.2,16.799999999999997,Low Demand
S/16 VINTAGE PISTACHIO CUTLERY,215,2482.0499999999997,30,8.6,12.899999999999999,Low Demand
S/16 VINTAGE RED CUTLERY,253,2836.95,17,10.12,15.18,Low Demand
S/16 VINTAGE ROSE CUTLERY,133,1652.55,48,5.32,7.98,Low Demand
S/16 VINTAGE SKY BLUE CUTLERY,49,624.75,26,1.96,2.94,Low Demand
S/2 BEACH HUT STOOLS,27,214.65,13,1.08,1.62,Low Demand
S/2 BEACH HUT TREASURE CHESTS,305,671.65,34,12.2,18.299999999999997,Low Demand
S/2 HYACINTH BULB CANDLES,1,2.55,1,0.04,0.06,Low Demand
S/2 ZINC HEART DESIGN PLANTERS,92,909.4,57,3.68,5.5200000000000005,Low Demand
S/3 COLOURS FLOCK TEA TOWELS,1,2.55,1,0.04,0.06,Low Demand
S/3 ENGLISH LAVENDER SQU CANDLE,11,18.15,5,0.44,0.66,Low Demand
S/3 FLWR FAIRY LAVENDER CANDLES,444,949.95,13,17.76,26.64,Low Demand
S/3 FLWR FAIRY LILLY CANDLES,312,666.9000000000001,11,12.48,18.72,Low Demand
S/3 FLWR FAIRY ROSE CANDLES,42,99.9,5,1.68,2.52,Low Demand
S/3 FLWR FAIRY SUMMER CANDLES,144,302.40000000000003,9,5.76,8.64,Low Demand
S/3 FRENCH VANILLA SQU CANDLE,26,42.9,11,1.04,1.56,Low Demand
S/3 PINK COL METAL BASKET W HANDLE,122,900.3000000000001,45,4.88,7.32,Low Demand
S/3 PINK SQUARE PLANTERS ROSES,35,383.24999999999994,19,1.4,2.0999999999999996,Low Demand
S/3 POT POURI CUSHIONS BLUE COLOURS,46,96.60000000000001,6,1.84,2.7600000000000002,Low Demand
S/3 PUPPIES CHRISTMAS DECORATIONS,101,174.05,8,4.04,6.0600000000000005,Low Demand
S/3 RABBIT FLOWER/EGG/CARROT ROPE,123,104.55,19,4.92,7.38,Low Demand
S/3 ROSE GARDEN SCENT SQU CANDLE,1,1.65,1,0.04,0.06,Low Demand
S/3 TEAR DROP CUT GLASS DECORATION,430,321.5,23,17.2,25.799999999999997,Low Demand
S/4 BLACK DINNER CANDLE SILVER FLOC,664,684.36,34,26.56,39.839999999999996,Medium Demand
S/4 BLACK DISCO PARTITION PANEL,3,12.75,1,0.12,0.18,Low Demand
S/4 BLACK LOVEBIRD COASTERS,10,25.5,3,0.4,0.6000000000000001,Low Demand
S/4 BLACK MINI ROSE CANDLE IN BOWL,418,276.21999999999997,39,16.72,25.08,Low Demand
S/4 BLUE DINNER CANDLE SILVER FLOCK,420,526.8,32,16.8,25.200000000000003,Low Demand
S/4 BLUE ROUND DECOUPAGE BOXES,8295,4448.09,52,331.8,497.70000000000005,High Demand
S/4 BURGUNDY WINE DINNER CANDLES,777,453.33,21,31.08,46.62,Medium Demand
S/4 CACTI CANDLES,1353,5924.67,229,54.12,81.17999999999999,Medium Demand
S/4 CONTEMPORY PINK ROSEBUD CANDLES,8,16.8,4,0.32,0.48,Low Demand
S/4 CONTEMPORY RED ROSEBUD CANDLES,9,10.9,3,0.36,0.54,Low Demand
S/4 FESTIVE GREEN DINNER CANDLES,717,378.33,21,28.68,43.019999999999996,Medium Demand
S/4 FESTIVE RED DINNER CANDLES,234,292.5,25,9.36,14.04,Low Demand
S/4 GROOVY CAT MAGNETS,280,379.62,51,11.2,16.799999999999997,Low Demand
"S/4 ICON COASTER,ELVIS LIVES",52,44.36,22,2.08,3.12,Low Demand
S/4 IVORY MINI ROSE CANDLE IN BOWL,1260,1496.68,110,50.4,75.6,Medium Demand
S/4 PINK DINNER CANDLE SILVER FLOCK,389,468.87,24,15.56,23.34,Low Demand
S/4 PINK FLOWER CANDLES IN BOWL,1928,3169.04,314,77.12,115.68,Medium Demand
S/4 PISTACHIO LOVEBIRD COASTERS,69,97.94999999999999,5,2.76,4.14,Low Demand
S/4 PURPLE DINNER CANDLE BLK FLOCK,637,662.6700000000001,26,25.48,38.22,Medium Demand
S/4 ROSE    BOTANICAL  CANDLE,126,469.5,37,5.04,7.5600000000000005,Low Demand
S/4 ROSE PINK DINNER CANDLES,165,161.85,25,6.6,9.899999999999999,Low Demand
S/4 SKY BLUE DINNER CANDLES,157,151.85,25,6.28,9.42,Low Demand
S/4 VALENTINE DECOUPAGE HEART BOX,1965,3728.65,211,78.6,117.89999999999999,Medium Demand
S/5 MINI ICE CREAM FRIDGE MAGNETS,1992,625.1999999999999,2,79.68,119.52000000000001,Medium Demand
S/6 CHRISTMAS TREE PLACE SETTING,1,3.75,1,0.04,0.06,Low Demand
"S/6 HALLOWEEN GHOST T LIGHTS, 5CM H",1036,435.12,40,41.44,62.16,Medium Demand
S/6 MULTICOLOUR ORNAMENETAL CANDLE,172,177.6,18,6.88,10.32,Low Demand
S/6 PAPER BOXES BLOSSOM IMAGES ,15,63.75,10,0.6,0.8999999999999999,Low Demand
S/6 PAPER BOXES CURIOUS IMAGES ,36,127.2,4,1.44,2.16,Low Demand
S/6 PAPER BOXES ROMANTIC IMAGES,15,63.75,10,0.6,0.8999999999999999,Low Demand
S/6 PINK EASTER DECS IN BOX,105,89.25,17,4.2,6.300000000000001,Low Demand
S/6 SCANDINAVIAN HEART T-LIGHT,1,2.55,1,0.04,0.06,Low Demand
S/6 SEW ON CROCHET FLOWERS,166,207.5,29,6.64,9.959999999999999,Low Demand
S/6 SILVER ORNAMENETAL CANDLE,97,82.45,22,3.88,5.82,Low Demand
S/6 WOODEN SKITTLES IN COTTON BAG,3344,9489.36,411,133.76,200.64,High Demand
S/60 PINK FLUFFY CHICKS IN BOX,83,181.65,11,3.32,4.9799999999999995,Low Demand
SALLE DE BAIN HOOK,2208,2739.36,230,88.32,132.48,Medium Demand
SALT AND PEPPER SHAKERS TOADSTOOLS,393,477.57,26,15.72,23.580000000000002,Low Demand
SANDALWOOD FAN,4163,2863.35,180,166.52,249.78000000000003,High Demand
SANDALWOOD INCENSE IN TIN,16,20.0,6,0.64,0.96,Low Demand
SANDWICH BATH SPONGE,2690,3324.5,232,107.6,161.39999999999998,High Demand
SAVE THE PLANET COTTON TOTE BAG,2237,4709.25,330,89.48,134.22,Medium Demand
SAVE THE PLANET MUG,11277,12722.380000000001,600,451.08,676.62,High Demand
SAVOY ART DECO CLOCK,398,3265.2999999999997,130,15.92,23.88,Low Demand
SCALLOP SHELL SOAP DISH,1614,779.4,20,64.56,96.84,Medium Demand
SCANDINAVIAN 3 HEARTS NAPKIN RING,2068,585.8,84,82.72,124.08,Medium Demand
SCANDINAVIAN PAISLEY PICNIC BAG,3533,7302.76,494,141.32,211.98,High Demand
SCANDINAVIAN REDS RIBBONS,6112,7651.23,681,244.48,366.71999999999997,High Demand
SCENTED CANDLE IN DIGITALIS TIN,244,512.4,42,9.76,14.64,Low Demand
SCENTED VELVET LOUNGE CANDLE ,4104,1833.57,83,164.16,246.24,High Demand
SCHOOL DESK AND CHAIR ,23,1459.75,17,0.92,1.3800000000000001,Low Demand
SCOTTIE DOG HOT WATER BOTTLE,9487,44368.05,1457,379.48,569.22,High Demand
SCOTTIE DOGS BABY BIB,1731,761.39,107,69.24,103.85999999999999,Medium Demand
SCOTTIE DOGS CHILDRENS OVERALL,3,6.300000000000001,1,0.12,0.18,Low Demand
SCOTTIES CHILDRENS APRON,435,667.35,76,17.4,26.099999999999998,Low Demand
SCOTTIES DES CHILD'S APRON,239,394.34999999999997,61,9.56,14.34,Low Demand
SCOTTIES DESIGN BABY BIB,102,127.5,17,4.08,6.12,Low Demand
SCOTTIES DESIGN CHILD'S OVERALL,44,92.4,17,1.76,2.64,Low Demand
SCOTTIES DESIGN WASHBAG,315,614.25,83,12.6,18.9,Low Demand
SCOTTS ROSES TILE COASTER,54,67.5,10,2.16,3.24,Low Demand
SCULPTED ROUND IVORY CANDLE ,44,9.24,5,1.76,2.64,Low Demand
SEAGRASS S/2 CORNER LAUNDRY ,4,51.9,3,0.16,0.24,Low Demand
SEAGRASS S/3 SQU LAUNDRY BOX,11,110.0,1,0.44,0.66,Low Demand
SEASIDE FLYING DISC,1108,1342.1,115,44.32,66.48,Medium Demand
SEASIDE FRISBEE ,303,360.51,21,12.12,18.18,Low Demand
SEASIDE STRIPE HAMMOCK,179,1387.05,73,7.16,10.74,Low Demand
SET 10 CARDS HANGING BAUBLES 17080,1,2.99,1,0.04,0.06,Low Demand
SET 10 LIGHTS NIGHT OWL,1458,9363.1,300,58.32,87.48,Medium Demand
SET 10 NIGHT OWL LIGHTS,389,2517.09,101,15.56,23.34,Low Demand
SET 12 COLOUR PENCILS DOILEY,48,31.200000000000003,3,1.92,2.88,Low Demand
SET 12 COLOUR PENCILS DOLLY GIRL ,2155,1398.35,178,86.2,129.3,Medium Demand
SET 12 COLOUR PENCILS LOVE LONDON,1531,992.75,128,61.24,91.86,Medium Demand
SET 12 COLOUR PENCILS SPACEBOY ,2785,1807.8500000000001,231,111.4,167.10000000000002,High Demand
SET 12 COLOURING PENCILS DOILEY,1,0.65,1,0.04,0.06,Low Demand
SET 12 COLOURING PENCILS DOILY,1874,1179.7,137,74.96,112.44,Medium Demand
SET 12 KIDS  WHITE CHALK STICKS,7955,3252.84,381,318.2,477.29999999999995,High Demand
SET 12 KIDS COLOUR  CHALK STICKS,14255,5735.38,585,570.2,855.3000000000001,High Demand
SET 12 LAVENDER  BOTANICAL T-LIGHTS,1503,4174.650000000001,207,60.12,90.17999999999999,Medium Demand
SET 12 PEAR BOTANICAL T-LIGHTS,536,1514.0000000000002,87,21.44,32.160000000000004,Medium Demand
SET 12 RETRO WHITE CHALK STICKS,10549,4267.42,537,421.96,632.9399999999999,High Demand
SET 12 VINTAGE DOILY CHALK ,1247,523.74,93,49.88,74.82000000000001,Medium Demand
SET 12 WILDFLOWER BOTANICAL T-LIGHT,676,1912.6000000000001,97,27.04,40.56,Medium Demand
SET 2 PANTRY DESIGN TEA TOWELS,2697,8323.17,311,107.88,161.82,High Demand
SET 2 TEA TOWELS I LOVE LONDON ,1953,5859.25,176,78.12,117.18,Medium Demand
SET 20 NAPKINS FAIRY CAKES DESIGN ,5033,3966.71,451,201.32,301.98,High Demand
SET 3 JARDIN DE FEMME SCENT CANDLES,359,499.81,11,14.36,21.54,Low Demand
SET 3 PAPER VINTAGE CHICK PAPER EGG,1749,4881.150000000001,196,69.96,104.94,Medium Demand
"SET 3 RED SPOT TIN TEA,COFFEE,SUGAR",1430,6624.9,239,57.2,85.80000000000001,Medium Demand
"SET 3 RETROSPOT TEA,COFFEE,SUGAR",2113,9617.27,283,84.52,126.78,Medium Demand
SET 3 SONG BIRD PAPER EGGS ASSORTED,1161,3230.55,131,46.44,69.66,Medium Demand
SET 3 WICKER LOG BASKETS,399,7360.05,163,15.96,23.94,Low Demand
SET 3 WICKER OVAL BASKETS W LIDS,488,6404.82,44,19.52,29.28,Low Demand
SET 3 WICKER STORAGE BASKETS ,254,3712.2999999999997,84,10.16,15.24,Low Demand
SET 36 COLOUR PENCILS DOILEY,64,80.0,3,2.56,3.84,Low Demand
SET 36 COLOUR PENCILS DOLLY GIRL,1296,1522.72,99,51.84,77.76,Medium Demand
SET 36 COLOUR PENCILS LOVE LONDON,901,1053.29,95,36.04,54.06,Medium Demand
SET 36 COLOUR PENCILS SPACEBOY ,1505,1783.97,133,60.2,90.30000000000001,Medium Demand
SET 36 COLOURING PENCILS DOILEY,1,1.25,1,0.04,0.06,Low Demand
SET 36 COLOURING PENCILS DOILY,1294,1568.8600000000001,102,51.76,77.64,Medium Demand
SET 4 EASTER DECOUPAGE OVAL BOXES,14,41.300000000000004,7,0.56,0.8400000000000001,Low Demand
SET 4 NURSERY DES ROUND BOXES,3047,1280.45,35,121.88,182.82,High Demand
SET 4 PICNIC CUTLERY BLUEBERRY,82,159.9,9,3.28,4.92,Low Demand
SET 4 PICNIC CUTLERY CHERRY ,71,138.45,9,2.84,4.26,Low Demand
SET 4 PICNIC CUTLERY FONDANT,65,126.75,6,2.6,3.9000000000000004,Low Demand
SET 4 VALENTINE DECOUPAGE HEART BOX,154,450.38000000000005,44,6.16,9.24,Low Demand
SET 40 HEART SHAPE PETIT FOUR CASES,4260,6677.0,140,170.4,255.60000000000002,High Demand
SET 5 MINI CHOCOLATE FRIDGE MAGNETS,108,82.44,3,4.32,6.48,Low Demand
SET 5 MINI DOUGHNUT FRIDGE MAGNET ,372,295.08000000000004,7,14.88,22.32,Low Demand
SET 5 MINI GATEAUX  FRIDGE MAGNETS,2636,918.6800000000001,8,105.44,158.16,High Demand
SET 6 FOOTBALL CELEBRATION CANDLES,2090,2144.02,199,83.6,125.39999999999999,Medium Demand
SET 6 PAPER TABLE LANTERN HEARTS ,2265,8129.43,263,90.6,135.89999999999998,Medium Demand
SET 6 PAPER TABLE LANTERN STARS ,1860,6739.63,209,74.4,111.60000000000001,Medium Demand
SET 6 SCHOOL MILK BOTTLES IN CRATE,2067,7510.29,281,82.68,124.02000000000001,Medium Demand
SET 7 BABUSHKA NESTING BOXES,3579,28023.09,577,143.16,214.74,High Demand
SET 72 CAKE CASES VINTAGE CHRISTMAS,672,291.6,4,26.88,40.32,Medium Demand
SET 8 CANDLES VINTAGE DOILEY,122,216.29999999999998,7,4.88,7.32,Low Demand
SET 8 CANDLES VINTAGE DOILY,1029,1941.75,100,41.16,61.739999999999995,Medium Demand
SET OF 10 LANTERNS FAIRY LIGHT STAR,564,2264.74,85,22.56,33.839999999999996,Medium Demand
SET OF 10 LED DOLLY LIGHTS,2194,12985.23,351,87.76,131.64000000000001,Medium Demand
SET OF 12  VINTAGE POSTCARD SET,2717,2267.47,144,108.68,163.02,High Demand
SET OF 12 FAIRY CAKE BAKING CASES,8243,6469.45,465,329.72,494.58000000000004,High Demand
SET OF 12 FORK CANDLES,1215,3319.35,113,48.6,72.9,Medium Demand
SET OF 12 LILY BOTANICAL T-LIGHTS,739,2122.4500000000003,134,29.56,44.339999999999996,Medium Demand
SET OF 12 MINI BUNNIES IN A BUCKET,1671,963.66,73,66.84,100.26,Medium Demand
SET OF 12 MINI LOAF BAKING CASES,5963,4675.61,359,238.52,357.78000000000003,High Demand
SET OF 12 ROSE BOTANICAL T-LIGHTS,1608,4455.6,178,64.32,96.47999999999999,Medium Demand
SET OF 12 T-LIGHTS VINTAGE DOILEY,61,118.94999999999999,6,2.44,3.66,Low Demand
SET OF 12 T-LIGHTS VINTAGE DOILY,918,1721.6999999999998,70,36.72,55.08,Medium Demand
SET OF 16 VINTAGE BLACK CUTLERY,116,1404.81,35,4.64,6.959999999999999,Low Demand
SET OF 16 VINTAGE IVORY CUTLERY,4,51.0,4,0.16,0.24,Low Demand
SET OF 16 VINTAGE PISTACHIO CUTLERY,145,1848.75,67,5.8,8.7,Low Demand
SET OF 16 VINTAGE RED CUTLERY,90,1171.92,42,3.6,5.4,Low Demand
SET OF 16 VINTAGE ROSE CUTLERY,222,2700.8999999999996,68,8.88,13.32,Low Demand
SET OF 16 VINTAGE SKY BLUE CUTLERY,108,1333.8,39,4.32,6.48,Low Demand
SET OF 2 CERAMIC CHRISTMAS REINDEER,1435,1981.6299999999999,78,57.4,86.1,Medium Demand
SET OF 2 CERAMIC CHRISTMAS TREES,755,1075.55,76,30.2,45.3,Medium Demand
SET OF 2 CERAMIC PAINTED HEARTS ,1166,1625.8999999999999,118,46.64,69.96000000000001,Medium Demand
SET OF 2 CHRISTMAS DECOUPAGE CANDLE,1212,1161.8400000000001,116,48.48,72.72,Medium Demand
SET OF 2 FANCY FONT TEA TOWELS,1055,3048.2500000000005,156,42.2,63.300000000000004,Medium Demand
SET OF 2 ROUND TINS CAMEMBERT ,893,2363.63,189,35.72,53.58,Medium Demand
SET OF 2 ROUND TINS DUTCH CHEESE,703,1805.2900000000002,174,28.12,42.18,Medium Demand
SET OF 2 TEA TOWELS APPLE AND PEARS,2793,8213.59,354,111.72,167.57999999999998,High Demand
SET OF 2 TEA TOWELS PING MICROWAVE,180,425.92,39,7.2,10.8,Low Demand
SET OF 2 TINS JARDIN DE PROVENCE,566,2437.1,177,22.64,33.96,Medium Demand
SET OF 2 TINS VINTAGE BATHROOM ,848,3554.0,205,33.92,50.88,Medium Demand
SET OF 2 TRAYS HOME SWEET HOME,250,2446.62,118,10.0,15.0,Low Demand
SET OF 2 WOODEN MARKET CRATES,1003,12248.25,341,40.12,60.17999999999999,Medium Demand
SET OF 20 KIDS COOKIE CUTTERS,7585,15209.070000000002,626,303.4,455.09999999999997,High Demand
SET OF 20 VINTAGE CHRISTMAS NAPKINS,15872,12525.56,889,634.88,952.3199999999999,High Demand
SET OF 3 BABUSHKA STACKING TINS,1070,5184.5,140,42.8,64.19999999999999,Medium Demand
SET OF 3 BIRD L.BLUE FEATHER,360,349.2,54,14.4,21.6,Low Demand
SET OF 3 BIRD LIGHT PINK FEATHER ,1981,1086.71,205,79.24,118.85999999999999,Medium Demand
SET OF 3 BLACK FLYING DUCKS,1254,5060.3,120,50.16,75.24,Medium Demand
SET OF 3 BLUE STRIPE BASKET,436,3632.9700000000003,76,17.44,26.160000000000004,Low Demand
SET OF 3 BUTTERFLY COOKIE CUTTERS,9673,11920.3,814,386.92,580.38,High Demand
SET OF 3 CAKE TINS PANTRY DESIGN ,7020,33347.8,1146,280.8,421.20000000000005,High Demand
SET OF 3 CAKE TINS SKETCHBOOK,910,3949.72,246,36.4,54.599999999999994,Medium Demand
SET OF 3 CASES WOODLAND DESIGN,928,5304.6,227,37.12,55.67999999999999,Medium Demand
SET OF 3 CHRISTMAS BRIAR CANDLES,174,614.1,28,6.96,10.44,Low Demand
SET OF 3 COLOURED  FLYING DUCKS,3100,14751.8,229,124.0,186.0,High Demand
SET OF 3 CONEY ISLAND OVAL BOXES,263,981.6,89,10.52,15.78,Low Demand
SET OF 3 DANISH ROSE PLANTERS,909,1035.25,36,36.36,54.54,Medium Demand
SET OF 3 GOLD FLYING DUCKS,351,1303.61,64,14.04,21.06,Low Demand
SET OF 3 HANGING OWLS OLLIE BEAK,3642,4327.42,270,145.68,218.52,High Demand
SET OF 3 HEART COOKIE CUTTERS,11135,14022.84,944,445.4,668.0999999999999,High Demand
SET OF 3 MINI HANGING PORTRAITS,32,123.2,2,1.28,1.92,Low Demand
SET OF 3 NOTEBOOKS IN PARCEL,8978,14333.1,634,359.12,538.6800000000001,High Demand
SET OF 3 PANTRY WOODEN SPOONS,192,240.0,24,7.68,11.52,Low Demand
SET OF 3 PINK FLYING DUCKS,84,354.6,21,3.36,5.04,Low Demand
SET OF 3 RABBIT CARROTS EASTER,79,67.14999999999999,16,3.16,4.74,Low Demand
SET OF 3 RABBIT EGG EASTER,33,28.049999999999997,12,1.32,1.98,Low Demand
SET OF 3 RED STRIPE BASKETS,323,2769.44,66,12.92,19.38,Low Demand
SET OF 3 REGENCY CAKE TINS,5856,26625.68,718,234.24,351.36,High Demand
SET OF 3 SILVER FLYING DUCKS,136,388.4,16,5.44,8.16,Low Demand
SET OF 3 VINTAGE TEA TIME BOXES,139,376.35,19,5.56,8.34,Low Demand
SET OF 3 WICKER BASKET ROSE,70,561.8,5,2.8,4.199999999999999,Low Demand
SET OF 3 WICKER BASKET TEA AND CAKE,27,332.6,6,1.08,1.62,Low Demand
SET OF 3 WOODEN HEART DECORATIONS,3747,4829.08,389,149.88,224.82,High Demand
SET OF 3 WOODEN SLEIGH DECORATIONS,1845,2400.45,249,73.8,110.69999999999999,Medium Demand
SET OF 3 WOODEN STOCKING DECORATION,1975,2543.39,274,79.0,118.5,Medium Demand
SET OF 3 WOODEN TREE DECORATIONS,1680,2172.46,246,67.2,100.80000000000001,Medium Demand
SET OF 36 DINOSAUR PAPER DOILIES,1001,1451.4499999999998,133,40.04,60.06,Medium Demand
SET OF 36 DOILIES PANTRY DESIGN,2653,3761.9199999999996,195,106.12,159.18,High Demand
SET OF 36 DOILIES SPACEBOY DESIGN ,1189,1637.6499999999999,95,47.56,71.34,Medium Demand
SET OF 36 DOILIES VINTAGE CHRISTMAS,444,557.4,2,17.76,26.64,Low Demand
SET OF 36 DOLLY GIRL PAPER DOILIES,42,60.9,12,1.68,2.52,Low Demand
SET OF 36 MUSHROOM PAPER DOILIES,1620,2262.6,161,64.8,97.19999999999999,Medium Demand
SET OF 36 PAISLEY FLOWER DOILIES,6655,9379.31,557,266.2,399.29999999999995,High Demand
SET OF 36 PANTRY PAPER DOILIES,39,58.019999999999996,14,1.56,2.34,Low Demand
SET OF 36 SILVER PAPER DOILIES,447,648.15,67,17.88,26.82,Low Demand
SET OF 36 SPACEBOY PAPER DOILIES,50,72.5,7,2.0,3.0,Low Demand
SET OF 36 TEATIME PAPER DOILIES,7843,11028.83,642,313.72,470.58000000000004,High Demand
SET OF 36 VINTAGE CHRISTMAS DOILIES,27,39.15,6,1.08,1.62,Low Demand
SET OF 4 BLACK LOVEBIRD COASTERS,356,374.54,37,14.24,21.36,Low Demand
SET OF 4 CAROUSEL PLACEMATS ,131,179.81,10,5.24,7.86,Low Demand
SET OF 4 DIAMOND NAPKIN RINGS,379,2722.47,69,15.16,22.740000000000002,Low Demand
SET OF 4 DOTTY PLACEMATS ,54,183.3,13,2.16,3.24,Low Demand
SET OF 4 ENGLISH ROSE COASTERS,2196,2708.04,307,87.84,131.76,Medium Demand
SET OF 4 ENGLISH ROSE PLACEMATS,1079,3869.09,245,43.16,64.74,Medium Demand
SET OF 4 FAIRY CAKE PLACEMATS,466,1680.3,117,18.64,27.96,Low Demand
SET OF 4 FAIRY CAKE PLACEMATS ,690,1589.7,104,27.6,41.400000000000006,Medium Demand
SET OF 4 FAIRY CAKES COASTERS ,1110,1305.8,96,44.4,66.6,Medium Demand
SET OF 4 GREEN CAROUSEL COASTERS,128,67.8,13,5.12,7.68,Low Demand
SET OF 4 JAM JAR MAGNETS,2472,4986.49,214,98.88,148.32,Medium Demand
SET OF 4 KNICK KNACK TINS  DOILEY ,6,24.9,1,0.24,0.36,Low Demand
SET OF 4 KNICK KNACK TINS DOILEY ,1803,7136.849999999999,172,72.12,108.18,Medium Demand
SET OF 4 KNICK KNACK TINS DOILY ,2294,9270.5,312,91.76,137.64000000000001,Medium Demand
SET OF 4 KNICK KNACK TINS LEAF,740,2975.0,116,29.6,44.400000000000006,Medium Demand
SET OF 4 KNICK KNACK TINS LEAVES ,304,1237.2,53,12.16,18.240000000000002,Low Demand
SET OF 4 KNICK KNACK TINS LONDON ,1788,7170.599999999999,233,71.52,107.28,Medium Demand
SET OF 4 KNICK KNACK TINS POPPIES,823,3188.0499999999997,155,32.92,49.38,Medium Demand
SET OF 4 NAPKIN CHARM CUTLERY,18,45.900000000000006,3,0.72,1.08,Low Demand
SET OF 4 NAPKIN CHARMS 3 KEYS ,302,640.02,69,12.08,18.12,Low Demand
SET OF 4 NAPKIN CHARMS CROWNS ,367,665.62,59,14.68,22.02,Low Demand
SET OF 4 NAPKIN CHARMS CUTLERY,1934,4538.110000000001,218,77.36,116.03999999999999,Medium Demand
SET OF 4 NAPKIN CHARMS HEARTS,1624,3842.52,248,64.96,97.44,Medium Demand
SET OF 4 NAPKIN CHARMS INSTRUMENT,257,581.27,51,10.28,15.419999999999998,Low Demand
SET OF 4 NAPKIN CHARMS INSTUMENT   ,12,30.6,2,0.48,0.72,Low Demand
SET OF 4 NAPKIN CHARMS LEAVES   ,415,906.73,76,16.6,24.900000000000002,Low Demand
SET OF 4 NAPKIN CHARMS STARS   ,970,2258.75,130,38.8,58.199999999999996,Medium Demand
SET OF 4 NEW ENGLAND COASTERS ,1094,417.5,31,43.76,65.64,Medium Demand
SET OF 4 NEW ENGLAND PLACEMATS,2744,2298.0,33,109.76,164.64000000000001,High Demand
SET OF 4 PANTRY JELLY MOULDS,11792,14180.17,866,471.68,707.52,High Demand
SET OF 4 PASTEL STACKING MUGS,13,33.15,6,0.52,0.78,Low Demand
SET OF 4 PISTACHIO LOVEBIRD COASTER,394,394.11,41,15.76,23.64,Low Demand
SET OF 4 POLKADOT COASTERS,117,148.67,38,4.68,7.02,Low Demand
SET OF 4 POLKADOT PLACEMATS ,97,344.55,32,3.88,5.82,Low Demand
SET OF 4 POLKADOTS COASTERS,109,132.45,29,4.36,6.540000000000001,Low Demand
SET OF 4 ROSE BOTANICAL CANDLES,891,1511.25,142,35.64,53.46,Medium Demand
SET OF 4 SANTA PLACE SETTINGS,1158,1427.34,91,46.32,69.48,Medium Demand
SET OF 5 LUCKY CAT MAGNETS ,2538,5121.4800000000005,187,101.52,152.28,High Demand
SET OF 5 MINI GROCERY MAGNETS,1638,3311.78,184,65.52,98.28,Medium Demand
SET OF 5 PANCAKE DAY MAGNETS,2283,4620.97,195,91.32,136.98,Medium Demand
SET OF 6 3D KIT CARDS FOR KIDS,2668,2251.18,261,106.72,160.07999999999998,High Demand
SET OF 6 CAKE CHOPSTICKS,1999,2309.56,114,79.96,119.94,Medium Demand
SET OF 6 DOTS CHOPSTICKS,185,197.05,2,7.4,11.100000000000001,Low Demand
SET OF 6 EASTER RAINBOW CHICKS,12,15.0,1,0.48,0.72,Low Demand
SET OF 6 FUNKY BEAKERS,626,1808.5400000000002,133,25.04,37.56,Medium Demand
SET OF 6 GIRLS CELEBRATION CANDLES,2214,2169.18,209,88.56,132.84,Medium Demand
SET OF 6 HALLOWEEN GHOST T-LIGHTS,1162,488.03999999999996,68,46.48,69.72,Medium Demand
SET OF 6 HEART CHOPSTICKS,1404,1749.42,169,56.16,84.24,Medium Demand
SET OF 6 HERB TINS SKETCHBOOK,1059,3705.8900000000003,235,42.36,63.54,Medium Demand
SET OF 6 ICE CREAM SKITTLES,232,684.4000000000001,39,9.28,13.919999999999998,Low Demand
SET OF 6 KASHMIR FOLKART BAUBLES,932,2580.4,149,37.28,55.92,Medium Demand
SET OF 6 NATIVITY MAGNETS ,2543,5058.59,145,101.72,152.57999999999998,High Demand
SET OF 6 RIBBONS COUNTRY STYLE,164,449.96,20,6.56,9.84,Low Demand
SET OF 6 RIBBONS PARTY,167,458.63,13,6.68,10.02,Low Demand
SET OF 6 RIBBONS PERFECTLY PRETTY  ,245,684.05,37,9.8,14.700000000000001,Low Demand
SET OF 6 RIBBONS VINTAGE CHRISTMAS,8858,21514.48,599,354.32,531.48,High Demand
SET OF 6 SNACK LOAF BAKING CASES,4292,3360.18,291,171.68,257.52,High Demand
SET OF 6 SOLDIER SKITTLES,3901,14443.3,574,156.04,234.06,High Demand
SET OF 6 SPICE TINS PANTRY DESIGN,5378,20553.7,654,215.12,322.68,High Demand
SET OF 6 STRAWBERRY CHOPSTICKS,2371,2717.79,135,94.84,142.26,Medium Demand
SET OF 6 T-LIGHTS CACTI ,897,2328.63,69,35.88,53.82000000000001,Medium Demand
SET OF 6 T-LIGHTS EASTER CHICKS,401,1119.5500000000002,61,16.04,24.06,Low Demand
SET OF 6 T-LIGHTS SANTA,2543,7322.210000000001,327,101.72,152.57999999999998,High Demand
SET OF 6 T-LIGHTS SNOWMEN,2182,6391.9800000000005,280,87.28,130.92000000000002,Medium Demand
SET OF 6 T-LIGHTS TOADSTOOLS,1232,3364.84,183,49.28,73.92,Medium Demand
SET OF 6 T-LIGHTS WEDDING CAKE ,422,1085.3000000000002,44,16.88,25.32,Low Demand
SET OF 6 TEA TIME BAKING CASES,4879,5687.150000000001,319,195.16,292.74,High Demand
SET OF 6 VINTAGE NOTELETS KIT,1456,1472.7,70,58.24,87.36,Medium Demand
SET OF 60 I LOVE LONDON CAKE CASES ,7727,3729.0499999999997,294,309.08,463.62,High Demand
SET OF 60 PANTRY DESIGN CAKE CASES ,11675,5982.09,504,467.0,700.5,High Demand
SET OF 60 VINTAGE LEAF CAKE CASES ,5967,3098.21,305,238.68,358.02,High Demand
SET OF 72 BLACK PAPER DOILIES ,122,176.89999999999998,19,4.88,7.32,Low Demand
SET OF 72 GREEN PAPER DOILIES,589,854.05,119,23.56,35.339999999999996,Medium Demand
SET OF 72 IVORY PAPER DOILIES,1885,2579.6499999999996,125,75.4,113.10000000000001,Medium Demand
SET OF 72 PINK HEART PAPER DOILIES,7680,10852.65,618,307.2,460.79999999999995,High Demand
SET OF 72 RETRO SPOT PAPER  DOILIES,7488,10423.199999999999,449,299.52,449.28,High Demand
SET OF 72 RETROSPOT PAPER  DOILIES,7370,10338.07,482,294.8,442.20000000000005,High Demand
SET OF 72 SKULL PAPER  DOILIES,2338,3217.2999999999997,184,93.52,140.28,Medium Demand
SET OF 9 BLACK SKULL BALLOONS,6380,5238.4,358,255.2,382.79999999999995,High Demand
SET OF 9 HEART SHAPED BALLOONS,4828,5923.04,445,193.12,289.68,High Demand
SET OF MEADOW  FLOWER STICKERS,161,375.65000000000003,16,6.44,9.66,Low Demand
SET OF PICTURE FRAME  STICKERS,233,622.19,51,9.32,13.98,Low Demand
SET OF RED SALAD SERVERS ,401,597.49,61,16.04,24.06,Low Demand
SET OF SALT AND PEPPER TOADSTOOLS,3126,3811.7400000000002,248,125.04,187.56,High Demand
SET OF SIX SILVER+RED FLOCK BAUBLES,2,1.7,1,0.08,0.12,Low Demand
SET OF SKULL WALL STICKERS,396,956.4000000000001,53,15.84,23.759999999999998,Low Demand
SET OF TEA COFFEE SUGAR TINS PANTRY,4663,22133.829999999998,385,186.52,279.78000000000003,High Demand
SET OF THREE 50'S GIFT WRAPS ,600,1051.5,37,24.0,36.0,Medium Demand
SET OF THREE VINTAGE GIFT WRAPS,2846,5204.099999999999,222,113.84,170.76,High Demand
SET/10 BLUE POLKADOT PARTY CANDLES,5139,6204.87,293,205.56,308.34000000000003,High Demand
SET/10 BLUE SPOTTY PARTY CANDLES,4887,5926.35,306,195.48,293.21999999999997,High Demand
SET/10 IVORY POLKADOT PARTY CANDLES,1352,1687.06,115,54.08,81.12,Medium Demand
SET/10 IVORY SPOTTY PARTY CANDLES,1254,1558.38,74,50.16,75.24,Medium Demand
SET/10 PINK POLKADOT PARTY CANDLES,6866,8255.39,376,274.64,411.96,High Demand
SET/10 PINK SPOTTY PARTY CANDLES,5766,6970.38,363,230.64,345.96,High Demand
SET/10 RED POLKADOT PARTY CANDLES,8961,10708.77,438,358.44,537.66,High Demand
SET/10 RED SPOTTY PARTY CANDLES,6504,7838.16,350,260.16,390.24,High Demand
SET/12 FUNKY FELT FLOWER PEG IN BAG,362,720.84,59,14.48,21.72,Low Demand
SET/12 TAPER CANDLES,1059,829.5899999999999,89,42.36,63.54,Medium Demand
SET/12 ZINC CHRISTMAS DECORATIONS,91,191.10000000000002,15,3.64,5.46,Low Demand
SET/16 WHITE SHINY & MATT BAUBLES,80,47.04,22,3.2,4.800000000000001,Low Demand
SET/2 BLUE  NOODLE BASKETS,58,113.1,21,2.32,3.4799999999999995,Low Demand
SET/2 CHRISTMAS DECOUPAGE CANDLES,40,50.0,6,1.6,2.4000000000000004,Low Demand
SET/2 RED RETROSPOT TEA TOWELS ,3074,8887.26,292,122.96,184.44,High Demand
SET/2 RED SPOTTY TEA TOWELS ,2538,7239.900000000001,327,101.52,152.28,High Demand
SET/2 SPOTTY + ROSE TEA TOWELS ,1,2.55,1,0.04,0.06,Low Demand
SET/2 TEA TOWELS MODERN VINTAGE,1,2.55,1,0.04,0.06,Low Demand
SET/20 COLLAGE PAPER NAPKIN ,760,585.52,73,30.4,45.599999999999994,Medium Demand
SET/20 FRUIT SALAD PAPER NAPKINS ,7066,1767.6999999999998,117,282.64,423.96,High Demand
SET/20 POSIES PAPER NAPKINS,4,3.4,4,0.16,0.24,Low Demand
SET/20 RED RETROSPOT PAPER NAPKINS ,15039,11772.289999999999,890,601.56,902.3399999999999,High Demand
SET/20 RED SPOTTY PAPER NAPKINS ,15175,11318.71,781,607.0,910.5,High Demand
SET/20 STRAWBERRY PAPER NAPKINS ,6566,5120.72,537,262.64,393.96,High Demand
SET/20 WOODLAND PAPER NAPKINS ,2748,1993.08,167,109.92,164.88,High Demand
SET/3 CHRISTMAS BRIAR CANDLES,88,330.0,21,3.52,5.28,Low Demand
SET/3 CHRISTMAS DECOUPAGE CANDLES,1295,1400.15,75,51.8,77.69999999999999,Medium Demand
SET/3 COLOUR PAINTED KASHMIRI STOOL,3,179.85000000000002,2,0.12,0.18,Low Demand
SET/3 DECOUPAGE STACKING TINS,653,3097.95,175,26.12,39.18,Medium Demand
SET/3 FLORAL GARDEN TOOLS IN BAG,281,2001.95,42,11.24,16.86,Low Demand
SET/3 OCEAN SCENT CANDLE JEWEL BOX,986,4016.26,162,39.44,59.16,Medium Demand
SET/3 POLKA DOT STACKING TINS,250,1220.7,85,10.0,15.0,Low Demand
SET/3 POLKADOT STACKING TINS,106,507.9,37,4.24,6.36,Low Demand
SET/3 POT PLANT CANDLES,169,888.0500000000001,47,6.76,10.14,Low Demand
SET/3 RABBITS FLOWER SKIPPPING ROPE,254,215.89999999999998,40,10.16,15.24,Low Demand
SET/3 RED GINGHAM ROSE STORAGE BOX,4298,15218.460000000001,578,171.92,257.88,High Demand
SET/3 ROSE CANDLE IN JEWELLED BOX,849,3464.81,137,33.96,50.94,Medium Demand
SET/3 RUSSIAN DOLL STACKING TINS,1866,8864.300000000001,301,74.64,111.96000000000001,Medium Demand
SET/3 TALL GLASS CANDLE HOLDER PINK,88,725.2,23,3.52,5.28,Low Demand
SET/3 VANILLA SCENTED CANDLE IN BOX,1865,7492.41,238,74.6,111.89999999999999,Medium Demand
SET/4 2 TONE EGG SHAPE MIXING BOWLS,59,569.53,39,2.36,3.54,Low Demand
SET/4 BADGES BALLOON GIRL,868,1087.94,102,34.72,52.08,Medium Demand
SET/4 BADGES BEETLES,536,679.68,84,21.44,32.160000000000004,Medium Demand
SET/4 BADGES CUTE CREATURES,473,602.14,61,18.92,28.380000000000003,Low Demand
SET/4 BADGES DOGS,537,684.56,82,21.48,32.22,Medium Demand
SET/4 BADGES WOODLAND ANIMAL,486,569.5,35,19.44,29.160000000000004,Low Demand
SET/4 BIRD MIRROR MAGNETS ,714,496.25,75,28.56,42.839999999999996,Medium Demand
SET/4 BLACK  BAROQUE FLOCK COASTER,20,51.0,4,0.8,1.2000000000000002,Low Demand
SET/4 BLUE FLOWER CANDLES IN BOWL,2442,3748.5,232,97.68,146.52,Medium Demand
SET/4 BUTTERFLY MIRROR MAGNETS,730,580.7,54,29.2,43.8,Medium Demand
SET/4 COLOURFUL MIXING BOWLS,95,901.4499999999999,51,3.8,5.699999999999999,Low Demand
SET/4 DAISY MIRROR MAGNETS,672,307.39,57,26.88,40.32,Medium Demand
SET/4 GARDEN ROSE DINNER CANDLE,25,41.25,11,1.0,1.5,Low Demand
SET/4 MODERN VINTAGE COTTON NAPKINS,160,331.6,49,6.4,9.600000000000001,Low Demand
SET/4 PINK ORCHID CANDLES IN BOWL,1823,2406.0299999999997,79,72.92,109.38,Medium Demand
SET/4 RED MINI ROSE CANDLE IN BOWL,1119,1098.6499999999999,90,44.76,67.14,Medium Demand
SET/4 SCENTED CANDLES IN RAMEKINS,454,592.5,8,18.16,27.240000000000002,Low Demand
SET/4 SKULL BADGES,2000,2492.4,207,80.0,120.0,Medium Demand
SET/4 SPRING FLOWER DECORATION,1141,1447.5500000000002,114,45.64,68.46000000000001,Medium Demand
SET/4 WHITE RETRO STORAGE CUBES ,1007,36259.65,234,40.28,60.42,Medium Demand
SET/5 BLUE SPOTTY LID GLASS BOWLS,295,787.05,30,11.8,17.700000000000003,Low Demand
SET/5 RED RETROSPOT LID GLASS BOWLS,7986,22435.18,1003,319.44,479.15999999999997,High Demand
SET/5 RED SPOTTY LID GLASS BOWLS,10538,28548.7,787,421.52,632.28,High Demand
SET/6  ANGEL T-LIGHTS WHITE/GOLD,652,282.96999999999997,65,26.08,39.12,Medium Demand
SET/6 3D KIT CARDS FOR KIDS,547,414.54999999999995,28,21.88,32.82,Medium Demand
SET/6 BEAD COASTERS GAUZE BAG GOLD,633,374.15,45,25.32,37.980000000000004,Medium Demand
SET/6 BLACK BIRD T-LIGHT CANDLES,247,333.78000000000003,33,9.88,14.82,Low Demand
SET/6 BLACK GLITTER REINDEER CANDLE,4,3.36,4,0.16,0.24,Low Demand
SET/6 BLACK ROSE T-LIGHT CANDLES,49,82.81,15,1.96,2.94,Low Demand
SET/6 BLACK SNOWFLAKE T-LIGHTS ,388,202.33,47,15.52,23.28,Low Demand
SET/6 CHRISTMAS ICICLE T-LIGHTS,34,42.5,9,1.36,2.04,Low Demand
SET/6 COLLAGE PAPER CUPS,2486,650.4000000000001,136,99.44,149.16,Medium Demand
SET/6 COLLAGE PAPER PLATES,2297,1049.47,159,91.88,137.82,Medium Demand
SET/6 EAU DE NIL BIRD T-LIGHTS,432,624.23,48,17.28,25.92,Low Demand
SET/6 FROG PRINCE T-LIGHT CANDLES,954,1563.27,102,38.16,57.239999999999995,Medium Demand
SET/6 FRUIT SALAD  PAPER PLATES,15781,2576.59,101,631.24,946.86,High Demand
SET/6 FRUIT SALAD PAPER CUPS,16503,1723.3300000000002,104,660.12,990.1800000000001,High Demand
SET/6 GARDEN GNOME T-LIGHT CANDLES,113,312.55,18,4.52,6.779999999999999,Low Demand
SET/6 GINGERBREAD STAR T-LIGHTS,335,418.75,48,13.4,20.1,Low Demand
SET/6 GINGERBREAD TREE T-LIGHTS,6,7.5,4,0.24,0.36,Low Demand
SET/6 GOLD REINDEER T-LIGHT CANDLES,201,225.55,17,8.04,12.059999999999999,Low Demand
SET/6 GREEN SPRING  PAPER PLATE,33,28.049999999999997,7,1.32,1.98,Low Demand
SET/6 GREEN SPRING PAPER CUPS,318,102.28,36,12.72,19.080000000000002,Low Demand
SET/6 IVORY BIRD T-LIGHT CANDLES,800,1380.42,62,32.0,48.0,Medium Demand
SET/6 PINK  BUTTERFLY T-LIGHTS,5712,10844.740000000002,426,228.48,342.71999999999997,High Demand
SET/6 PINK BIRD T-LIGHT CANDLES,575,774.29,77,23.0,34.5,Medium Demand
SET/6 POSIES PAPER CUPS,220,123.22,20,8.8,13.200000000000001,Low Demand
SET/6 POSIES PAPER PLATES,242,205.7,27,9.68,14.52,Low Demand
SET/6 PURPLE BUTTERFLY T-LIGHTS,1948,3805.4400000000005,237,77.92,116.88,Medium Demand
SET/6 RED SPOTTY PAPER CUPS,16070,9666.7,621,642.8,964.1999999999999,High Demand
SET/6 RED SPOTTY PAPER PLATES,18278,13455.18,692,731.12,1096.68,High Demand
SET/6 SILVER REINDEER T-LIGHTS,244,254.79999999999998,39,9.76,14.64,Low Demand
SET/6 STRAWBERRY PAPER CUPS,13382,1570.3,29,535.28,802.92,High Demand
SET/6 STRAWBERRY PAPER PLATES,12806,1504.94,18,512.24,768.36,High Demand
SET/6 TURQUOISE BUTTERFLY T-LIGHTS,3679,7104.89,352,147.16,220.74,High Demand
SET/6 WOODLAND PAPER CUPS,13713,1843.7700000000002,56,548.52,822.78,High Demand
SET/6 WOODLAND PAPER PLATES,13668,1817.16,34,546.72,820.08,High Demand
SET/9 CHRISTMAS T-LIGHTS SCENTED ,716,867.64,67,28.64,42.96,Medium Demand
SET3 BOOK BOX GREEN GINGHAM FLOWER ,2805,10897.05,363,112.2,168.3,High Demand
SEWING BOX RETROSPOT DESIGN ,379,4725.05,172,15.16,22.740000000000002,Low Demand
SEWING SUSAN 21 NEEDLE SET,2418,1883.9999999999998,174,96.72,145.07999999999998,Medium Demand
SHAKER THROW  QUILTED,52,811.8,5,2.08,3.12,Low Demand
SHELF WITH 4 HOOKS HOME SWEET HOME,448,2247.36,95,17.92,26.880000000000003,Low Demand
SHOE SHINE BOX ,243,2394.6499999999996,135,9.72,14.580000000000002,Low Demand
SHOPPING BAG DOORSTOP,69,104.25,7,2.76,4.14,Low Demand
"SILICON CUBE 25W, BLUE",12,5.04,2,0.48,0.72,Low Demand
SILICON STAR BULB  BLUE,32,13.44,12,1.28,1.92,Low Demand
SILK PURSE BABUSHKA BLUE,466,1558.7,101,18.64,27.96,Low Demand
SILK PURSE BABUSHKA PINK,775,2591.1800000000003,157,31.0,46.5,Medium Demand
SILK PURSE BABUSHKA RED,716,2355.4,117,28.64,42.96,Medium Demand
SILK PURSE RUSSIAN DOLL BLUE,373,1225.55,65,14.92,22.38,Low Demand
SILK PURSE RUSSIAN DOLL PINK,449,1456.15,77,17.96,26.94,Low Demand
SILK PURSE RUSSIAN DOLL RED,575,1854.25,80,23.0,34.5,Medium Demand
SILVER  CANDLEPOT JARDIN ,275,1030.45,75,11.0,16.5,Low Demand
SILVER 2 STRAND NECKLACE-LEAF CHARM,8,60.0,5,0.32,0.48,Low Demand
SILVER AND BLACK ORBIT NECKLACE,1,2.95,1,0.04,0.06,Low Demand
SILVER APERITIF GLASS,355,290.72,14,14.2,21.299999999999997,Low Demand
SILVER BELLS TABLE DECORATION,2093,2565.85,213,83.72,125.58,Medium Demand
SILVER BLACK ORBIT BRACELET,10,49.5,7,0.4,0.6000000000000001,Low Demand
SILVER BLACK ORBIT DROP EARRINGS,14,59.5,7,0.56,0.8400000000000001,Low Demand
SILVER BLUE EGG T-LIGHT HOLDER,483,189.89,8,19.32,28.98,Low Demand
SILVER BOOK MARK WITH BEADS,78,66.3,13,3.12,4.68,Low Demand
SILVER BRACELET W PASTEL FLOWER,56,415.0,18,2.24,3.3600000000000003,Low Demand
SILVER CHARM NECKLACE 70CM,62,465.0,24,2.48,3.7199999999999998,Low Demand
SILVER CHERRY LIGHTS,59,338.45000000000005,11,2.36,3.54,Low Demand
SILVER CHRISTMAS TREE BAUBLE STAND ,207,3376.6499999999996,118,8.28,12.419999999999998,Low Demand
SILVER DIAMANTE PEN IN GIFT BOX,480,1119.34,59,19.2,28.799999999999997,Low Demand
SILVER DISCO HANDBAG,284,560.76,50,11.36,17.04,Low Demand
SILVER DROP EARRINGS WITH FLOWER,31,116.25,11,1.24,1.8599999999999999,Low Demand
SILVER FABRIC MIRROR,789,437.66,46,31.56,47.339999999999996,Medium Demand
SILVER FINCH DECORATION,187,206.39000000000001,12,7.48,11.22,Low Demand
SILVER FISHING GNOME ,108,730.15,42,4.32,6.48,Low Demand
SILVER FLOWR PINK SHELL NECKLACE,60,395.28000000000003,7,2.4,3.5999999999999996,Low Demand
SILVER GLASS T-LIGHT SET,335,912.5300000000001,51,13.4,20.1,Low Demand
SILVER GLITTER FLOWER VOTIVE HOLDER,2896,898.4,63,115.84,173.76,High Demand
SILVER HANGING T-LIGHT HOLDER,11965,18517.05,612,478.6,717.9000000000001,High Demand
SILVER HANGING T-LIGHT HOLDER DOME,274,452.1,33,10.96,16.44,Low Demand
SILVER HEART COMPACT MIRROR,8,30.0,4,0.32,0.48,Low Demand
SILVER HEARTS TABLE DECORATION,1245,1006.95,139,49.8,74.69999999999999,Medium Demand
SILVER HOOP EARRINGS WITH FLOWER,50,297.5,23,2.0,3.0,Low Demand
SILVER JEWELLED MIRROR TRINKET TRAY,96,739.24,40,3.84,5.76,Low Demand
SILVER LARIAT 40CM,32,241.4,14,1.28,1.92,Low Demand
SILVER LARIAT BLACK STONE EARRINGS,25,106.25,14,1.0,1.5,Low Demand
SILVER LATTICE VANILLA CANDLE POT,510,1893.78,104,20.4,30.599999999999998,Medium Demand
SILVER LOOKING MIRROR,14,69.3,8,0.56,0.8400000000000001,Low Demand
SILVER M.O.P ORBIT BRACELET,32,158.4,17,1.28,1.92,Low Demand
SILVER M.O.P ORBIT DROP EARRINGS,35,148.75,16,1.4,2.0999999999999996,Low Demand
SILVER M.O.P. ORBIT NECKLACE,8,23.6,3,0.32,0.48,Low Demand
SILVER MINI TAPE MEASURE ,1379,1079.85,68,55.16,82.74,Medium Demand
SILVER MONTE CARLO HANDBAG,8,68.0,3,0.32,0.48,Low Demand
SILVER MUG BONE CHINA TREE OF LIFE,1666,2307.29,148,66.64,99.96000000000001,Medium Demand
SILVER OVAL JEWELLED MIRROR,23,136.85,11,0.92,1.3800000000000001,Low Demand
SILVER OVAL SHAPE TRINKET BOX,33,328.34999999999997,14,1.32,1.98,Low Demand
SILVER PHOTO FRAME,302,514.1999999999999,46,12.08,18.12,Low Demand
SILVER PLATE CANDLE BOWL LARGE,450,1634.58,78,18.0,27.0,Low Demand
SILVER PLATE CANDLE BOWL SMALL,904,2666.8,108,36.16,54.239999999999995,Medium Demand
SILVER PURSE GOLD PINK BUTTERFLY,4,6.6,1,0.16,0.24,Low Demand
SILVER RECORD COVER FRAME,272,955.86,19,10.88,16.32,Low Demand
SILVER RETRODISC LAMPSHADE,605,1211.75,19,24.2,36.3,Medium Demand
SILVER ROCCOCO CHANDELIER,69,1297.75,22,2.76,4.14,Low Demand
SILVER ROCOCO CANDELABRA,7,89.25,4,0.28,0.42000000000000004,Low Demand
SILVER ROCOCO CANDLE STICK,201,643.9499999999999,27,8.04,12.059999999999999,Low Demand
SILVER SKULL HOT WATER BOTTLE ,182,673.86,76,7.28,10.92,Low Demand
SILVER SLEIGHBELL  WREATH,18,143.1,8,0.72,1.08,Low Demand
SILVER STANDING GNOME   ,77,321.25,29,3.08,4.62,Low Demand
SILVER STARS TABLE DECORATION,1948,1574.6000000000001,190,77.92,116.88,Medium Demand
SILVER T-LIGHT SETTING,213,1316.95,39,8.52,12.78,Low Demand
SILVER TEDDY BEAR,209,547.46,50,8.36,12.54,Low Demand
SILVER VANILLA  FLOWER CANDLE POT,339,1233.81,55,13.56,20.34,Low Demand
SILVER VANILLA FLOWER CANDLE POT,245,917.31,66,9.8,14.700000000000001,Low Demand
SILVER WASHBAG,30,88.50000000000001,9,1.2,1.7999999999999998,Low Demand
SILVER WINE GOBLET,2,9.3,1,0.08,0.12,Low Demand
SILVER/AMETHYST DROP EARRINGS LEAF,29,85.55000000000001,10,1.16,1.7399999999999998,Low Demand
SILVER/BLACK ORBIT NECKLACE,22,218.89999999999998,13,0.88,1.32,Low Demand
SILVER/BLACK PENDANT ORBIT NECKLACE,6,51.0,4,0.24,0.36,Low Demand
SILVER/CRYSTAL DROP EARRINGS W LEAF,18,53.10000000000001,8,0.72,1.08,Low Demand
SILVER/M.O.P PENDANT ORBIT NECKLACE,22,148.75,9,0.88,1.32,Low Demand
SILVER/MOP ORBIT NECKLACE,28,278.59999999999997,19,1.12,1.6800000000000002,Low Demand
SILVER/NAT SHELL NECKLACE W PENDANT,4,23.8,4,0.16,0.24,Low Demand
SILVER/NATURAL SHELL NECKLACE,19,161.5,7,0.76,1.1400000000000001,Low Demand
SINGLE ANTIQUE ROSE HOOK IVORY,1845,2672.85,250,73.8,110.69999999999999,Medium Demand
SINGLE HEART ZINC T-LIGHT HOLDER,16657,15443.210000000001,821,666.28,999.42,High Demand
SINGLE WIRE HOOK IVORY HEART,875,1209.1499999999999,75,35.0,52.5,Medium Demand
SINGLE WIRE HOOK PINK HEART,407,503.83,22,16.28,24.42,Low Demand
SIX DRAWER OFFICE TIDY,65,605.9499999999999,26,2.6,3.9000000000000004,Low Demand
SIX STRING SCANDINAVIAN HEART DECS,83,244.85000000000002,19,3.32,4.9799999999999995,Low Demand
SKETCHBOOK MAGNETIC SHOPPING LIST,1332,1921.24,180,53.28,79.92,Medium Demand
SKULL AND CROSSBONES  GARLAND ,3495,5361.95,212,139.8,209.70000000000002,High Demand
SKULL DESIGN TV DINNER TRAY,698,3092.5,200,27.92,41.88,Medium Demand
SKULL LUNCH BOX WITH CUTLERY ,3664,8730.3,490,146.56,219.84,High Demand
SKULL LUNCHBOX WITH CUTLERY ,253,600.15,42,10.12,15.18,Low Demand
SKULL SHOULDER BAG,3284,5198.6,345,131.36,197.04000000000002,High Demand
SKULLS  DESIGN  COTTON TOTE BAG,1039,1511.1499999999999,128,41.56,62.34,Medium Demand
SKULLS  STICKERS,4771,3824.47,268,190.84,286.26,High Demand
SKULLS  WATER TRANSFER TATTOOS ,5804,4645.4,366,232.16,348.24,High Demand
SKULLS AND CROSSBONES WRAP,9115,3716.3,267,364.6,546.9000000000001,High Demand
SKULLS DESIGN FLANNEL,1322,691.2,64,52.88,79.32000000000001,Medium Demand
SKULLS GREETING CARD,4946,1988.04,284,197.84,296.76,High Demand
SKULLS PARTY BAG + STICKER SET,4085,6297.049999999999,334,163.4,245.10000000000002,High Demand
SKULLS SQUARE TISSUE BOX,954,587.06,81,38.16,57.239999999999995,Medium Demand
SKULLS STORAGE BOX LARGE,450,928.1400000000001,58,18.0,27.0,Low Demand
SKULLS STORAGE BOX SMALL,450,713.4,73,18.0,27.0,Low Demand
SKULLS TAPE,932,405.88,70,37.28,55.92,Medium Demand
SKULLS WRAP,3350,1403.0,108,134.0,201.0,High Demand
SKULLS WRITING SET ,1535,2530.35,333,61.4,92.1,Medium Demand
SKY BLUE COLOUR GLASS GEMS IN BAG,85,57.129999999999995,10,3.4,5.1,Low Demand
SLATE TILE NATURAL HANGING,3809,5833.55,375,152.36,228.54000000000002,High Demand
SLEEPING CAT ERASERS,10254,2051.34,340,410.16,615.24,High Demand
SMALL APOTHECARY MEASURING JAR ,81,629.05,28,3.24,4.86,Low Demand
SMALL BLUE PROVENCAL CERAMIC BALL,88,145.2,13,3.52,5.28,Low Demand
SMALL BONNE JAM JAR  T-LIGHT HOLDER,416,795.6800000000001,21,16.64,24.96,Low Demand
SMALL CAMPHOR WOOD FIELD  MUSHROOM,451,506.31,43,18.04,27.06,Low Demand
SMALL CERAMIC TOP STORAGE JAR ,5666,4184.18,177,226.64,339.96,High Demand
SMALL CHINESE STYLE SCISSOR,30369,9838.98,92,1214.76,1822.1399999999999,High Demand
SMALL CHOCOLATES PINK BOWL,1972,1162.52,222,78.88,118.32,Medium Demand
SMALL CHUNKY GLASS ROMAN  BOWL,670,1011.1400000000001,34,26.8,40.2,Medium Demand
SMALL DECO JEWELLERY STAND,229,1831.65,70,9.16,13.74,Low Demand
SMALL DOLLY MIX DESIGN ORANGE BOWL,5562,3356.44,509,222.48,333.71999999999997,High Demand
SMALL FAIRY CAKE FRIDGE MAGNETS,12236,6875.0,5,489.44,734.16,High Demand
SMALL FOLDING SCISSOR(POINTED EDGE),3143,423.46,85,125.72,188.57999999999998,High Demand
SMALL FOLKART CHRISTMAS TREE DEC,135,34.62,4,5.4,8.100000000000001,Low Demand
SMALL FOLKART STAR CHRISTMAS DEC,2174,694.35,66,86.96,130.44,Medium Demand
SMALL GLASS HEART TRINKET POT,10603,20903.86,711,424.12,636.1800000000001,High Demand
SMALL GLASS ROSE SCENTED CANDLE,4,15.0,1,0.16,0.24,Low Demand
SMALL GLASS SUNDAE DISH CLEAR,907,1157.79,76,36.28,54.42,Medium Demand
SMALL GREEN PEONY FOLDING STOOL,262,602.6,24,10.48,15.72,Low Demand
SMALL HAMMERED SILVER CANDLEPOT ,885,2608.3500000000004,99,35.4,53.099999999999994,Medium Demand
SMALL HANGING GLASS+ZINC LANTERN,215,311.75,24,8.6,12.899999999999999,Low Demand
SMALL HANGING IVORY/RED WOOD BIRD,5447,2269.61,291,217.88,326.82,High Demand
SMALL HEART FLOWERS HOOK ,6342,5168.86,325,253.68,380.52,High Demand
SMALL HEART MEASURING SPOONS,5894,4953.349999999999,564,235.76,353.64,High Demand
SMALL IVORY HEART WALL ORGANISER,1022,5069.58,141,40.88,61.32000000000001,Medium Demand
SMALL JEWELLERY STAND,16,132.0,6,0.64,0.96,Low Demand
SMALL KITCHEN FLOWER POTS PLAQUE,356,714.2,31,14.24,21.36,Low Demand
SMALL LICORICE DES PINK BOWL,888,859.37,124,35.52,53.28,Medium Demand
SMALL MARAKESH LANTERN ON STICK,56,210.0,14,2.24,3.3600000000000003,Low Demand
SMALL MARAKESH METAL  LANTERN ,114,354.5,23,4.56,6.84,Low Demand
SMALL MARSHMALLOWS PINK BOWL,4193,2635.59,410,167.72,251.57999999999998,High Demand
SMALL MEDINA STAMPED METAL BOWL ,1704,1298.81,88,68.16,102.24,Medium Demand
SMALL ORIENTAL BLUE FOLDING STOOL,282,615.4,34,11.28,16.919999999999998,Low Demand
SMALL ORIENTAL RED FOLDING STOOL,237,540.75,19,9.48,14.22,Low Demand
SMALL PARISIENNE HEART PHOTO FRAME ,916,2125.1600000000003,123,36.64,54.96,Medium Demand
SMALL PARLOUR FRAME,42,106.98000000000002,2,1.68,2.52,Low Demand
SMALL PARLOUR PICTURE FRAME,164,459.56,32,6.56,9.84,Low Demand
SMALL PINK GLASS SUNDAE DISH,1103,693.15,61,44.12,66.17999999999999,Medium Demand
SMALL PINK MAGIC CHRISTMAS TREE,1720,850.53,94,68.8,103.19999999999999,Medium Demand
SMALL PINK PEONY FOLDING STOOL,189,401.3,17,7.56,11.34,Low Demand
SMALL POLKADOT CHOCOLATE GIFT BAG ,1430,1215.5,61,57.2,85.80000000000001,Medium Demand
SMALL POP BOX FUNKY MONKEY,172,210.48,34,6.88,10.32,Low Demand
"SMALL POP BOX,FUNKY MONKEY",402,464.1,47,16.08,24.119999999999997,Low Demand
SMALL POPCORN HOLDER,43970,33329.68,1039,1758.8,2638.2,High Demand
SMALL PURPLE BABUSHKA NOTEBOOK ,3589,2663.7,395,143.56,215.34,High Demand
SMALL RED BABUSHKA NOTEBOOK ,3710,2668.96,379,148.4,222.60000000000002,High Demand
SMALL RED RETROSPOT MUG IN BOX ,1443,4142.26,197,57.72,86.58,Medium Demand
SMALL RED RETROSPOT WINDMILL,4898,5821.82,329,195.92,293.88,High Demand
SMALL RED SPOT  WINDMILL,742,886.46,52,29.68,44.519999999999996,Medium Demand
SMALL REGAL  SILVER CANDLEPOT ,564,1587.0000000000002,61,22.56,33.839999999999996,Medium Demand
SMALL RETRO SPOT MUG IN BOX  RED,318,1192.5,78,12.72,19.080000000000002,Low Demand
SMALL RETRO SPOT MUG IN BOX  WHITE,382,1406.58,77,15.28,22.919999999999998,Low Demand
SMALL ROUND CUT GLASS CANDLESTICK,271,1242.75,43,10.84,16.259999999999998,Low Demand
SMALL SILVER FLOWER CANDLE POT,596,1748.6000000000001,75,23.84,35.76,Medium Demand
SMALL SILVER TRELLIS CANDLEPOT,782,2306.9,95,31.28,46.92,Medium Demand
SMALL SINGLE FLAME CANDLE HOLDER,51,17.849999999999998,8,2.04,3.06,Low Demand
SMALL SKULL WINDMILL,1984,2290.28,128,79.36,119.03999999999999,Medium Demand
SMALL SPOTTY CHOCOLATE GIFT BAG ,1049,881.5699999999999,65,41.96,62.94,Medium Demand
SMALL SQUARE CUT GLASS CANDLESTICK,152,752.4,37,6.08,9.120000000000001,Low Demand
SMALL STRIPES CHOCOLATE GIFT BAG ,2465,1430.93,82,98.6,147.89999999999998,Medium Demand
SMALL TAHITI BEACH BAG,457,1802.49,29,18.28,27.42,Low Demand
SMALL TALL CAMPHOR WOOD TOADSTOOL,523,603.15,57,20.92,31.380000000000003,Medium Demand
SMALL WHITE HEART OF WICKER,4283,6832.83,582,171.32,256.98,High Demand
SMALL WHITE RETROSPOT MUG IN BOX ,1143,2892.87,159,45.72,68.58,Medium Demand
SMALL WHITE/PINK ROSE ART FLOWER,394,299.53999999999996,19,15.76,23.64,Low Demand
SMALL YELLOW BABUSHKA NOTEBOOK ,2217,1696.9399999999998,331,88.68,133.02,Medium Demand
SMALL ZINC HEART WALL ORGANISER,1538,5378.8,42,61.52,92.28,Medium Demand
SMALL ZINC/GLASS CANDLEHOLDER,441,328.77,20,17.64,26.46,Low Demand
SMALLFOLKART BAUBLE CHRISTMAS DEC,3499,884.4599999999999,62,139.96,209.94,High Demand
SMOKEY GREY COLOUR D.O.F. GLASS,707,282.78999999999996,35,28.28,42.42,Medium Demand
SMOKEY GREY COLOUR GLASS,200,57.99999999999999,11,8.0,12.0,Low Demand
SNACK TRAY HAPPY FOREST  ,111,216.45,21,4.44,6.66,Low Demand
SNACK TRAY I LOVE LONDON,151,280.05,24,6.04,9.06,Low Demand
SNACK TRAY PAISLEY PARK,164,305.4,22,6.56,9.84,Low Demand
SNACK TRAY RED GINGHAM,56,109.2,11,2.24,3.3600000000000003,Low Demand
SNACK TRAY RED VINTAGE DOILY,185,346.34999999999997,29,7.4,11.100000000000001,Low Demand
SNOWFLAKE PORTABLE TABLE LIGHT ,737,2219.59,154,29.48,44.22,Medium Demand
SNOWSTORM PHOTO FRAME FRIDGE MAGNET,1512,1235.28,104,60.48,90.72,Medium Demand
SOAP DISH BROCANTE,1117,3141.55,148,44.68,67.02,Medium Demand
SOFT PINK ROSE TOWEL ,114,530.1,32,4.56,6.84,Low Demand
SOLDIERS EGG CUP ,9389,10860.22,349,375.56,563.34,High Demand
SOMBRERO ,9551,12419.65,123,382.04,573.0600000000001,High Demand
SPACE BOY BIRTHDAY CARD,817,338.82,53,32.68,49.019999999999996,Medium Demand
SPACE BOY CHILDRENS CUP,130,143.3,5,5.2,7.800000000000001,Low Demand
SPACE BOY GIFT WRAP,775,325.5,27,31.0,46.5,Medium Demand
SPACE CADET BLACK,128,157.41,25,5.12,7.68,Low Demand
SPACE CADET RED,230,286.12,39,9.2,13.799999999999999,Low Demand
SPACE CADET WHITE,180,226.73,32,7.2,10.8,Low Demand
SPACE FROG,233,293.5,36,9.32,13.98,Low Demand
SPACE OWL,403,502.37,55,16.12,24.18,Low Demand
SPACEBOY BEAKER,2571,2975.75,138,102.84,154.26,High Demand
SPACEBOY BIRTHDAY CARD,16474,6555.9800000000005,808,658.96,988.44,High Demand
SPACEBOY CHILDRENS BOWL,2367,2757.15,174,94.68,142.02,Medium Demand
SPACEBOY CHILDRENS CUP,1952,2344.32,159,78.08,117.12,Medium Demand
SPACEBOY CHILDRENS EGG CUP,1222,1535.97,147,48.88,73.32000000000001,Medium Demand
SPACEBOY GIFT WRAP,13767,5656.14,442,550.68,826.02,High Demand
SPACEBOY LUNCH BOX ,20661,36862.29,1108,826.44,1239.66,High Demand
SPACEBOY MINI BACKPACK,1037,4163.55,201,41.48,62.22,Medium Demand
SPACEBOY MINI RUCKSACK,13,53.95,4,0.52,0.78,Low Demand
SPACEBOY ROCKET LOLLY MAKERS,592,1175.68,78,23.68,35.519999999999996,Medium Demand
SPACEBOY TV DINNER TRAY,899,3952.8900000000003,188,35.96,53.94,Medium Demand
SPACEBOY WALL ART,306,885.9000000000001,13,12.24,18.36,Low Demand
SPHERICAL IVORY CANDLE ,82,34.44,12,3.28,4.92,Low Demand
SPOTS DESIGN MUG W PINK INSIDE,790,1139.34,51,31.6,47.400000000000006,Medium Demand
SPOTS MUG,426,744.2999999999998,17,17.04,25.56,Low Demand
SPOTS ON RED BOOKCOVER TAPE,62,26.04,18,2.48,3.7199999999999998,Low Demand
SPOTTED WHITE NATURAL SEED NECKLACE,77,101.75,8,3.08,4.62,Low Demand
SPOTTY  HOME SWEET HOME DOORMAT,650,3785.5,108,26.0,39.0,Medium Demand
SPOTTY BUNTING,7639,35539.25,1003,305.56,458.34000000000003,High Demand
SPOTTY COCKEREL DOORSTOP,1,4.25,1,0.04,0.06,Low Demand
SPOTTY COFFEE CUP & SAUCER,28,82.60000000000001,6,1.12,1.6800000000000002,Low Demand
SPOTTY PINK DUCK DOORSTOP,587,2042.49,139,23.48,35.22,Medium Demand
SPRIG LAVENDER ARTIFICIAL FLOWER,668,516.28,29,26.72,40.08,Medium Demand
"SPRING DEC , HANGING CHICK  GREEN",1113,1433.85,71,44.52,66.78,Medium Demand
"SPRING DEC , HANGING CHICK  YELLOW",1556,2018.6,92,62.24,93.36,Medium Demand
"SPRING DEC , HANGING CHICK CREAM",1874,2422.1,118,74.96,112.44,Medium Demand
SPRING FLOWER CHOPSTICKS SET/5,857,1581.1499999999999,87,34.28,51.42,Medium Demand
SQUARE CHERRY BLOSSOM CABINET,456,2281.2000000000003,73,18.24,27.36,Low Demand
SQUARE FLOOR CUSHION VINTAGE PINK ,5,39.75,3,0.2,0.30000000000000004,Low Demand
SQUARE FLOOR CUSHION VINTAGE RED,100,785.0,46,4.0,6.0,Low Demand
SQUARE METAL CANDLEHOLDER BASE,177,112.05,17,7.08,10.620000000000001,Low Demand
SQUARE MINI PORTRAIT FRAME,269,520.9499999999999,44,10.76,16.14,Low Demand
SQUARE MIRROR CURTAIN,207,1434.18,44,8.28,12.419999999999998,Low Demand
SQUARECUSHION COVER PINK UNION FLAG,119,800.05,44,4.76,7.14,Low Demand
SQUARECUSHION COVER PINK UNION JACK,150,382.14,29,6.0,9.0,Low Demand
ST GEORGE SET OF 10 PARTY LIGHTS,51,150.45000000000002,16,2.04,3.06,Low Demand
ST TROPEZ NECKLACE,22,108.9,11,0.88,1.32,Low Demand
STANDING FAIRY POLE SUPPORT ,779,627.83,47,31.16,46.74,Medium Demand
STANDING METAL RABBIT WITH EGG,675,1206.0,68,27.0,40.5,Medium Demand
STAR  T-LIGHT HOLDER ,647,935.7499999999999,60,25.88,38.82,Medium Demand
STAR DECORATION PAINTED ZINC ,5565,1797.81,180,222.6,333.9,High Demand
STAR DECORATION RUSTIC,5865,2463.3,221,234.6,351.9,High Demand
STAR PORTABLE TABLE LIGHT ,1384,3852.4000000000005,139,55.36,83.03999999999999,Medium Demand
STAR T-LIGHT HOLDER WILLIE WINKIE,1142,1875.06,98,45.68,68.52,Medium Demand
STAR WOODEN CHRISTMAS DECORATION,4666,3878.74,290,186.64,279.96,High Demand
STAR WREATH DECORATION WITH BELL,1595,1923.19,121,63.8,95.69999999999999,Medium Demand
STARFISH SOAP DISH,162,377.9,35,6.48,9.72,Low Demand
STARS GIFT TAPE ,2102,1056.96,165,84.08,126.12,Medium Demand
STEEL SWEETHEART ROUND TABLE CREAM,128,1878.9499999999998,74,5.12,7.68,Low Demand
STOOL HOME SWEET HOME ,228,2648.4,106,9.12,13.68,Low Demand
STOP FOR TEA WALL ART,518,2572.7,41,20.72,31.08,Medium Demand
STORAGE TIN HOME SWEET HOME,237,435.43,35,9.48,14.22,Low Demand
STORAGE TIN VINTAGE DOILEY ,6,17.34,1,0.24,0.36,Low Demand
STORAGE TIN VINTAGE DOILY ,1251,3548.39,158,50.04,75.06,Medium Demand
STORAGE TIN VINTAGE LEAF,765,1955.1299999999999,95,30.6,45.900000000000006,Medium Demand
STRAWBERRIES  DESIGN FLANNEL ,1542,880.04,73,61.68,92.52,Medium Demand
STRAWBERRIES PRINT BOWL,5,6.25,2,0.2,0.30000000000000004,Low Demand
STRAWBERRY   PICNIC BAG,3820,10629.0,499,152.8,229.20000000000002,High Demand
STRAWBERRY BATH SPONGE ,3275,4021.91,314,131.0,196.5,High Demand
STRAWBERRY CAKE TEAPOT,16,79.2,4,0.64,0.96,Low Demand
STRAWBERRY CANDY BAG,1659,524.25,41,66.36,99.53999999999999,Medium Demand
STRAWBERRY CERAMIC TRINKET BOX,34726,40675.38,1818,1389.04,2083.56,High Demand
STRAWBERRY CERAMIC TRINKET POT,1038,1314.54,75,41.52,62.28,Medium Demand
STRAWBERRY CHARLOTTE BAG,14654,11750.0,988,586.16,879.24,High Demand
STRAWBERRY DREAM CHILDS UMBRELLA,562,1787.5,157,22.48,33.72,Medium Demand
STRAWBERRY FAIRY CAKE TEAPOT,2234,10731.4,410,89.36,134.04,Medium Demand
STRAWBERRY HONEYCOMB  GARLAND ,2072,2842.8,190,82.88,124.32,Medium Demand
STRAWBERRY LUNCH BOX WITH CUTLERY,6505,15454.19,798,260.2,390.29999999999995,High Demand
STRAWBERRY LUNCHBOX WITH CUTLERY,1404,3241.8,153,56.16,84.24,Medium Demand
STRAWBERRY RAFFIA FOOD COVER,1238,4373.7,229,49.52,74.28,Medium Demand
STRAWBERRY SCENTED SET/9 T-LIGHTS,816,662.4,93,32.64,48.96,Medium Demand
STRAWBERRY SHOPPER BAG,5371,6398.53,500,214.84,322.26,High Demand
STRAWBERY SWIRL FLARE CANDLE,24,50.400000000000006,7,0.96,1.44,Low Demand
STRAWBRY SCENTED VOTIVE CANDLE,2421,621.4499999999999,65,96.84,145.26,Medium Demand
STRING CRYSTALS NATURAL,272,340.0,25,10.88,16.32,Low Demand
STRING OF 20 ROSE LIGHTS,262,2962.5,37,10.48,15.72,Low Demand
"STRING OF 8 BUTTERFLIES,PINK",365,579.3,58,14.6,21.9,Low Demand
STRING OF STARS CARD HOLDER,309,829.9500000000002,42,12.36,18.54,Low Demand
STRIPES DESIGN MONKEY DOLL,1319,1622.85,89,52.76,79.14,Medium Demand
STRIPES DESIGN TEDDY,168,428.4,65,6.72,10.08,Low Demand
STRIPEY CHOCOLATE NESTING BOXES,860,2063.4,130,34.4,51.599999999999994,Medium Demand
STRIPY DESIGN SHOWER CAP,1087,491.86999999999995,60,43.48,65.22,Medium Demand
SUKI  SHOULDER BAG,5048,7942.62,452,201.92,302.88,High Demand
SUMMER BUTTERFLIES BAG CHARM,31,79.05,11,1.24,1.8599999999999999,Low Demand
SUMMER DAISIES BAG CHARM,84,214.2,19,3.36,5.04,Low Demand
SUMMER FUN DESIGN SHOWER CAP,1304,464.55999999999995,49,52.16,78.24,Medium Demand
SUNFLOWER DECORATIVE PARASOL,128,1051.2,34,5.12,7.68,Low Demand
SUNSET CHECK HAMMOCK,291,2199.4500000000003,83,11.64,17.46,Low Demand
SUNSET COLOUR CHUNKY KNITTED THROW,52,881.4,32,2.08,3.12,Low Demand
SWALLOW CIGAR BOX MATCHES ,1391,1629.31,93,55.64,83.46000000000001,Medium Demand
SWALLOW GIANT TUBE MATCHES,1115,2573.25,86,44.6,66.9,Medium Demand
SWALLOW SMALL TUBE MATCHES,1,1.65,1,0.04,0.06,Low Demand
SWALLOW SQUARE TISSUE BOX,2056,1214.22,211,82.24,123.35999999999999,Medium Demand
SWALLOW WOODEN CHRISTMAS DECORATION,3121,2640.37,243,124.84,187.26,High Demand
SWALLOWS GREETING CARD,12664,5084.13,601,506.56,759.84,High Demand
SWEET HEART CAKE CARRIER,78,754.0,42,3.12,4.68,Low Demand
SWEET PUDDING STICKER SHEET,295,250.75,40,11.8,17.700000000000003,Low Demand
SWEET VALENCIA CANDLE+CUP,132,155.88,21,5.28,7.92,Low Demand
SWEETHEART 3 TIER CAKE STAND ,222,2174.1,122,8.88,13.32,Low Demand
SWEETHEART BIRD HOUSE,839,2950.05,83,33.56,50.34,Medium Demand
SWEETHEART CAKESTAND 3 TIER,1341,12583.15,466,53.64,80.46000000000001,Medium Demand
SWEETHEART CARRY-ALL BASKET,265,2211.7,126,10.6,15.899999999999999,Low Demand
SWEETHEART CERAMIC TRINKET BOX,18775,22152.0,1171,751.0,1126.5,High Demand
SWEETHEART CREAM STEEL FOLDIN BENCH,203,4049.85,92,8.12,12.18,Low Demand
SWEETHEART CREAM STEEL FOLDIN CHAIR,1,14.95,1,0.04,0.06,Low Demand
SWEETHEART CREAM STEEL TABLE RECT,149,2972.5499999999997,86,5.96,8.94,Low Demand
SWEETHEART KEY CABINET,1493,8302.95,351,59.72,89.58,Medium Demand
SWEETHEART RECIPE BOOK STAND,1519,9817.25,402,60.76,91.14,Medium Demand
SWEETHEART WALL TIDY ,108,1007.0799999999999,43,4.32,6.48,Low Demand
SWEETHEART WIRE FRUIT BOWL,243,1870.1,96,9.72,14.580000000000002,Low Demand
SWEETHEART WIRE MAGAZINE RACK,372,2931.0,183,14.88,22.32,Low Demand
SWEETHEART WIRE WALL TIDY,245,2368.45,106,9.8,14.700000000000001,Low Demand
SWEETIES  STICKERS,1062,902.6999999999999,109,42.48,63.72,Medium Demand
SWIRLY CIRCULAR RUBBERS IN BAG,1040,353.07,74,41.6,62.400000000000006,Medium Demand
SWISS CHALET TREE DECORATION ,1773,832.01,107,70.92,106.38,Medium Demand
SWISS ROLL TOWEL PINK  SPOTS,666,1782.18,27,26.64,39.96,Medium Demand
"SWISS ROLL TOWEL, CHOCOLATE  SPOTS",1229,2553.55,128,49.16,73.74,Medium Demand
"SWISS ROLL TOWEL, PINK  SPOTS",1419,3214.05,101,56.76,85.14,Medium Demand
T-LIGHT GLASS FLUTED ANTIQUE,9153,10513.34,332,366.12,549.1800000000001,High Demand
T-LIGHT HOLDER HANGING LACE,2192,2356.02,172,87.68,131.52,Medium Demand
T-LIGHT HOLDER HANGING LOVE BIRD,539,1988.13,95,21.56,32.339999999999996,Medium Demand
T-LIGHT HOLDER SILVER HEART HANDLE,192,370.79999999999995,22,7.68,11.52,Low Demand
T-LIGHT HOLDER SILVER PETIT FOUR ,183,228.75,15,7.32,10.98,Low Demand
T-LIGHT HOLDER SILVER SAUCER,41,38.03,6,1.64,2.46,Low Demand
T-LIGHT HOLDER SWEETHEART HANGING,1237,2362.29,180,49.48,74.22,Medium Demand
T-LIGHT HOLDER WHITE LACE,1069,775.5699999999999,57,42.76,64.14,Medium Demand
TABLE LAMP WHITE SHADE WOOD BASE,211,1070.8500000000001,35,8.44,12.66,Low Demand
TABLECLOTH RED APPLES DESIGN ,549,4929.95,173,21.96,32.94,Medium Demand
TALL ROCOCO CANDLE HOLDER,129,1051.5,27,5.16,7.74,Low Demand
TEA BAG PLATE RED RETROSPOT,5113,4239.19,353,204.52,306.78000000000003,High Demand
TEA BAG PLATE RED SPOTTY ,6871,5500.27,337,274.84,412.26,High Demand
TEA COSY BLUE STRIPE,515,1273.39,98,20.6,30.900000000000002,Medium Demand
TEA COSY RED  STRIPE,1211,2858.58,169,48.44,72.66,Medium Demand
TEA COSY VINTAGE UNION JACK,988,3885.93,96,39.52,59.28,Medium Demand
TEA CUP AND SAUCER RETRO SPOT,620,2241.48,103,24.8,37.2,Medium Demand
TEA FOR ONE POLKADOT,580,2493.7599999999998,155,23.2,34.8,Medium Demand
TEA PARTY  WRAPPING PAPER ,6350,2603.0,207,254.0,381.0,High Demand
TEA PARTY BIRTHDAY CARD,10964,4461.17,636,438.56,657.84,High Demand
TEA TIME BREAKFAST BASKET,171,359.1,43,6.84,10.26,Low Demand
TEA TIME CAKE STAND IN GIFT BOX,2388,23827.8,465,95.52,143.28,Medium Demand
TEA TIME DES TEA COSY,1562,3725.86,263,62.48,93.72,Medium Demand
TEA TIME KITCHEN APRON,2160,11511.720000000001,320,86.4,129.60000000000002,Medium Demand
TEA TIME MUG IN GIFT BOX,810,2312.7000000000003,148,32.4,48.599999999999994,Medium Demand
TEA TIME OVEN GLOVE,5076,6110.37,609,203.04,304.56,High Demand
TEA TIME PAPER LANTERNS,336,634.4,48,13.44,20.16,Low Demand
TEA TIME PARTY BUNTING,5646,24414.3,655,225.84,338.76,High Demand
TEA TIME TABLE CLOTH,934,8916.78,188,37.36,56.04,Medium Demand
TEA TIME TEA SET IN GIFT BOX,442,3047.9,146,17.68,26.52,Low Demand
TEA TIME TEA TOWELS ,5142,13366.3,408,205.68,308.52,High Demand
TEA TIME TEAPOT IN GIFT BOX,827,6166.57,216,33.08,49.62,Medium Demand
TEACUP AND SAUCER REGENCY GREEN,174,472.5,13,6.96,10.44,Low Demand
TEACUP AND SAUCER REGENCY PINK,144,384.0,9,5.76,8.64,Low Demand
TEACUP AND SAUCER REGENCY ROSES,210,566.7,14,8.4,12.600000000000001,Low Demand
TEAL/FUSCHIA COL BEAD NECKLACE,18,89.1,7,0.72,1.08,Low Demand
TEATIME CAKE TIN WITH HANDLE,231,2178.45,63,9.24,13.86,Low Demand
TEATIME FUNKY FLOWER BACKPACK FOR 2,7,118.65,6,0.28,0.42000000000000004,Low Demand
TEATIME GEL PENS ASST,3144,542.88,25,125.76,188.64000000000001,High Demand
TEATIME PEN CASE & PENS,9954,1047.78,45,398.16,597.24,High Demand
TEATIME PENCIL W STAMP ASST,938,82.2,3,37.52,56.28,Medium Demand
TEATIME PENCIL WITH RUBBER,122,30.5,4,4.88,7.32,Low Demand
TEATIME PUSH DOWN RUBBER,810,249.35,21,32.4,48.599999999999994,Medium Demand
TEATIME ROUND CAKE TINS ,4,39.8,1,0.16,0.24,Low Demand
TEATIME ROUND PENCIL SHARPENER ,3414,498.78,69,136.56,204.84,High Demand
TEXRIO TOMATOES CANDLE+CUP,123,149.19,32,4.92,7.38,Low Demand
THE KING GIFT BAG,8083,553.79,17,323.32,484.98,High Demand
THE KING GIFT BAG 25x24x12cm,86,36.12,12,3.44,5.16,Low Demand
THREE CANVAS LUGGAGE TAGS,91,145.81,11,3.64,5.46,Low Demand
THREE MINI HANGING FRAMES,134,556.1,44,5.36,8.040000000000001,Low Demand
TIGRIS EYE CHUNKY CHARM BRACELET,30,268.5,15,1.2,1.7999999999999998,Low Demand
TIN CAN BISCUITS DESIGN,48,60.0,4,1.92,2.88,Low Demand
TIN CAN CONFECTIONERY DESIGN,12,15.0,1,0.48,0.72,Low Demand
TIN CAN HOUSEKEEPING DESIGN,24,30.0,2,0.96,1.44,Low Demand
TIN CAN KINGS CHOICE DESIGN,36,45.0,3,1.44,2.16,Low Demand
TIN CAN POCKET MONEY DESIGN,24,30.0,2,0.96,1.44,Low Demand
TINY CRYSTAL BRACELET BLUE,18,45.9,4,0.72,1.08,Low Demand
TINY CRYSTAL BRACELET GREEN,23,58.650000000000006,5,0.92,1.3800000000000001,Low Demand
TINY CRYSTAL BRACELET RED,18,45.9,4,0.72,1.08,Low Demand
TINY CRYSTALS BRACELET BLACK,6,15.3,1,0.24,0.36,Low Demand
TOADSTOOL BEDSIDE LIGHT ,248,2198.6,103,9.92,14.879999999999999,Low Demand
TOADSTOOL MONEY BOX,1833,5289.750000000001,328,73.32,109.97999999999999,Medium Demand
TOAST ITS - BEST MUM,2458,2866.1,169,98.32,147.48,Medium Demand
TOAST ITS - DINOSAUR,1320,1642.92,164,52.8,79.19999999999999,Medium Demand
TOAST ITS - FAIRY FLOWER,1166,1433.45,177,46.64,69.96000000000001,Medium Demand
TOAST ITS - HAPPY BIRTHDAY,1043,1296.55,158,41.72,62.58,Medium Demand
TOAST ITS - I LOVE YOU ,3411,4072.15,278,136.44,204.66,High Demand
TOILET METAL SIGN,8228,4394.62,728,329.12,493.68,High Demand
TOILET SIGN OCCUPIED OR VACANT,3414,2837.57,254,136.56,204.84,High Demand
TOMATO CHARLIE+LOLA COASTER SET,1146,2509.54,158,45.84,68.76,Medium Demand
TOOL BOX SOFT TOY ,333,3041.79,176,13.32,19.98,Low Demand
TOOTHPASTE TUBE PEN,2099,1100.45,149,83.96,125.94,Medium Demand
TOP SECRET PEN SET,1213,1235.4499999999998,49,48.52,72.78,Medium Demand
TOTE BAG I LOVE LONDON,1689,3257.44,140,67.56,101.34,Medium Demand
TOXIC AREA  DOOR HANGER ,2329,1478.57,239,93.16,139.74,Medium Demand
TOY TIDY DOLLY GIRL DESIGN,1312,2491.18,178,52.48,78.72,Medium Demand
TOY TIDY PINK POLKADOT,4554,8919.58,381,182.16,273.24,High Demand
TOY TIDY PINK RETROSPOT  ,4284,8403.6,410,171.36,257.04,High Demand
TOY TIDY SPACEBOY  ,4682,9102.8,549,187.28,280.92,High Demand
TOYBOX  WRAP ,1801,740.42,64,72.04,108.06,Medium Demand
TRADITIONAL CHRISTMAS RIBBONS,5975,7388.08,562,239.0,358.5,High Demand
TRADITIONAL KNITTING NANCY,8401,12833.17,719,336.04,504.06000000000006,High Demand
TRADITIONAL MODELLING CLAY,14773,17279.14,655,590.92,886.3799999999999,High Demand
TRADITIONAL NAUGHTS & CROSSES,2036,3330.6,216,81.44,122.16,Medium Demand
TRADITIONAL PICK UP STICKS GAME ,1846,2307.5,231,73.84,110.76,Medium Demand
TRADITIONAL WOODEN CATCH CUP GAME ,7389,8959.42,601,295.56,443.34000000000003,High Demand
TRADITIONAL WOODEN SKIPPING ROPE,11833,14745.53,664,473.32,709.98,High Demand
TRADTIONAL ALPHABET STAMP SET,933,4531.95,174,37.32,55.980000000000004,Medium Demand
TRANQUILITY MASALA INCENSE,442,92.82,18,17.68,26.52,Low Demand
TRANSPARENT ACRYLIC TAPE DISPENSER,912,258.36,19,36.48,54.72,Medium Demand
TRAVEL CARD WALLET FLOWER MEADOW,1699,712.14,130,67.96,101.94,Medium Demand
TRAVEL CARD WALLET I LOVE LONDON,4396,1788.72,175,175.84,263.76,High Demand
TRAVEL CARD WALLET KEEP CALM,11769,4693.4,437,470.76,706.14,High Demand
TRAVEL CARD WALLET PANTRY,1862,783.68,123,74.48,111.72,Medium Demand
TRAVEL CARD WALLET RETRO PETALS,1490,624.36,88,59.6,89.4,Medium Demand
TRAVEL CARD WALLET RETROSPOT,2107,883.5,160,84.28,126.42,Medium Demand
TRAVEL CARD WALLET SKULLS,2078,871.32,140,83.12,124.68,Medium Demand
TRAVEL CARD WALLET SUKI,2236,936.24,183,89.44,134.16,Medium Demand
TRAVEL CARD WALLET TRANSPORT,3044,1275.6,205,121.76,182.64000000000001,High Demand
TRAVEL CARD WALLET UNION JACK,2527,1059.9,181,101.08,151.62,High Demand
TRAVEL CARD WALLET VINTAGE LEAF,1385,581.7,97,55.4,83.1,Medium Demand
TRAVEL CARD WALLET VINTAGE ROSE ,541,225.78,52,21.64,32.46,Medium Demand
TRAVEL CARD WALLET VINTAGE TICKET,4552,1880.16,292,182.08,273.12,High Demand
TRAVEL SEWING KIT,9583,15239.31,716,383.32,574.98,High Demand
"TRAY FOR TV DINNER , DOLLY GIRL",6,29.700000000000003,1,0.24,0.36,Low Demand
"TRAY FOR TV DINNER ,SPACEBOY",6,29.700000000000003,1,0.24,0.36,Low Demand
"TRAY, BREAKFAST IN BED",339,4066.6499999999996,103,13.56,20.34,Low Demand
TREASURE AHOY WALL ART,270,833.46,16,10.8,16.200000000000003,Low Demand
TREASURE ISLAND BOOK BOX,2431,5036.55,214,97.24,145.85999999999999,Medium Demand
TREASURE TIN BUFFALO BILL ,1436,2898.56,187,57.44,86.16,Medium Demand
TREASURE TIN GYMKHANA DESIGN,2024,4099.52,284,80.96,121.44,Medium Demand
TREE OF NOAH FESTIVE SCENTED CANDLE,62,40.3,8,2.48,3.7199999999999998,Low Demand
TREE T-LIGHT HOLDER WILLIE WINKIE,352,522.74,35,14.08,21.12,Low Demand
TRELLIS FLOWER CHOPSTICKS SET/5,24,46.8,9,0.96,1.44,Low Demand
TRIANGULAR POUFFE VINTAGE ,109,1539.35,40,4.36,6.540000000000001,Low Demand
TRIANGULAR RIDGED GLASS POSY HOLDER,766,475.1,40,30.64,45.96,Medium Demand
TRIPLE HOOK ANTIQUE IVORY ROSE,781,2535.89,211,31.24,46.86,Medium Demand
TRIPLE PHOTO FRAME CORNICE ,994,9204.779999999999,279,39.76,59.64,Medium Demand
TRIPLE WIRE HOOK IVORY HEART,160,658.54,35,6.4,9.600000000000001,Low Demand
TRIPLE WIRE HOOK PINK HEART,68,215.0,18,2.72,4.08,Low Demand
TROPICAL  HONEYCOMB PAPER GARLAND ,2644,6018.6,183,105.76,158.64000000000001,High Demand
TROPICAL HOLIDAY PURSE ,31,91.45000000000002,16,1.24,1.8599999999999999,Low Demand
TROPICAL LUGGAGE TAG,1694,536.64,71,67.76,101.64000000000001,Medium Demand
TROPICAL PASSPORT COVER ,374,568.4300000000001,68,14.96,22.44,Low Demand
TUB 24 HANGING EASTER EGGS SPOTTY,365,1195.95,33,14.6,21.9,Low Demand
TUB 24 PINK FLOWER PEGS,438,722.7,135,17.52,26.28,Low Demand
TUMBLER BAROQUE,408,159.12,25,16.32,24.48,Low Demand
TUMBLER NEW ENGLAND,1226,478.14,41,49.04,73.56,Medium Demand
"TUMBLER, BAROQUE",485,392.01,16,19.4,29.099999999999998,Low Demand
"TUMBLER, ENGLISH ROSE",151,249.15,20,6.04,9.06,Low Demand
"TUMBLER, NEW ENGLAND",480,696.24,52,19.2,28.799999999999997,Low Demand
TURQ ICE CREAM BUM BAG ,251,405.05,27,10.04,15.059999999999999,Low Demand
TURQ PENDANT TRIPLE SHELL NECKLACE,7,34.65,4,0.28,0.42000000000000004,Low Demand
TURQ STONE/CRYSTAL EARRINGS,15,44.25000000000001,4,0.6,0.8999999999999999,Low Demand
TURQ+RED BOUDICCA LARGE BRACELET,81,562.95,32,3.24,4.86,Low Demand
TURQOISE ICE CREAM SUNHAT,289,304.09000000000003,19,11.56,17.34,Low Demand
TURQUOISE BERTIE GLASS BEAD CHARM,88,94.8,6,3.52,5.28,Low Demand
TURQUOISE CHRISTMAS TREE ,20,25.0,9,0.8,1.2000000000000002,Low Demand
TURQUOISE CRYSTAL+GLASS BRACELET,38,188.1,15,1.52,2.2800000000000002,Low Demand
TURQUOISE GLASS TASSLE BAG CHARM ,65,191.75000000000003,18,2.6,3.9000000000000004,Low Demand
TURQUOISE HEART OF GLASS BRACELET,26,154.7,11,1.04,1.56,Low Demand
TUSCAN VILLA BIRD FEEDER,16,132.0,8,0.64,0.96,Low Demand
TUSCAN VILLA BIRD TABLE ,19,156.75,11,0.76,1.1400000000000001,Low Demand
TUSCAN VILLA DOVECOTE,12,99.0,4,0.48,0.72,Low Demand
TUSCAN VILLA DOVECOTE BIRD FEEDER,37,299.25,17,1.48,2.2199999999999998,Low Demand
TUSCAN VILLA FEEDING STATION,12,99.0,7,0.48,0.72,Low Demand
TV DINNER TRAY AIR HOSTESS ,565,2076.73,122,22.6,33.900000000000006,Medium Demand
TV DINNER TRAY DOLLY GIRL,1053,4664.07,202,42.12,63.17999999999999,Medium Demand
TV DINNER TRAY VINTAGE PAISLEY,749,2664.59,166,29.96,44.94,Medium Demand
TWO DOOR CURIO CABINET,799,9350.4,202,31.96,47.94,Medium Demand
TWO EMBOSSED HEART MINI DRAWERS,676,1544.2,28,27.04,40.56,Medium Demand
This is a test product.,51,226.0,10,2.04,3.06,Low Demand
UBO-LIGHT TRIOBASE BLUE,5,4.25,3,0.2,0.30000000000000004,Low Demand
UBO-LIGHT TRIOBASE PURPLE,5,4.25,3,0.2,0.30000000000000004,Low Demand
UNION FLAG WINDSOCK,1058,1187.98,69,42.32,63.480000000000004,Medium Demand
UNION JACK FLAG LUGGAGE TAG,1696,2114.65,294,67.84,101.76,Medium Demand
UNION JACK FLAG PASSPORT COVER ,1569,3098.1000000000004,259,62.76,94.14,Medium Demand
UNION JACK GUNS & ROSES  DOORMAT,748,3744.2000000000003,87,29.92,44.88,Medium Demand
UNION JACK HOT WATER BOTTLE ,613,3544.3500000000004,157,24.52,36.78,Medium Demand
UNION STRIPE CUSHION COVER ,1194,1469.7,154,47.76,71.64,Medium Demand
UNION STRIPE WITH FRINGE  HAMMOCK,1286,9671.74,330,51.44,77.16,Medium Demand
URBAN BLACK RIBBONS ,1636,1664.55,210,65.44,98.16,Medium Demand
URBAN CHIC CHOPSTICKS SET/5,397,744.15,48,15.88,23.82,Low Demand
UTILTY CABINET WITH HOOKS,306,6186.54,16,12.24,18.36,Low Demand
VANILLA CANDLE IN EMBOSSED ZINC POT,10,16.9,3,0.4,0.6000000000000001,Low Demand
VANILLA INCENSE 40 CONES IN TIN,95,113.95,28,3.8,5.699999999999999,Low Demand
VANILLA INCENSE IN TIN,4052,2213.32,161,162.08,243.12,High Demand
VANILLA SCENT CAKE CANDLE ,960,218.88,10,38.4,57.599999999999994,Medium Demand
VANILLA SCENT CANDLE JEWELLED BOX,2180,5895.34,234,87.2,130.8,Medium Demand
VANILLA SCENTED VOTIVE CANDLE,24,6.959999999999999,1,0.96,1.44,Low Demand
VEGETABLE GARDEN CHOPPING BOARD,72,327.6,17,2.88,4.32,Low Demand
VEGETABLE MAGNETIC  SHOPPING LIST,36,49.8,3,1.44,2.16,Low Demand
VENDETTA CANVAS PICTURE,2,7.5,2,0.08,0.12,Low Demand
VICTORIAN  METAL POSTCARD SPRING,5860,8302.12,380,234.4,351.6,High Demand
VICTORIAN GLASS HANGING T-LIGHT,37851,46440.909999999996,1442,1514.04,2271.06,High Demand
VICTORIAN METAL POSTCARD CHRISTMAS,353,582.4499999999999,42,14.12,21.18,Low Demand
VICTORIAN SEWING BOX LARGE,1369,15975.63,344,54.76,82.14,Medium Demand
VICTORIAN SEWING BOX MEDIUM,1294,9765.14,360,51.76,77.64,Medium Demand
VICTORIAN SEWING BOX SMALL ,2283,13028.36,553,91.32,136.98,Medium Demand
VICTORIAN SEWING KIT,5439,5958.79,254,217.56,326.34000000000003,High Demand
VILLAGE SHOW WALL ART,386,2072.42,18,15.44,23.16,Low Demand
VINTAGE  2 METER FOLDING RULER,1776,2904.12,155,71.04,106.56,Medium Demand
VINTAGE  2 METRE FOLDING RULER,1322,2199.34,127,52.88,79.32000000000001,Medium Demand
VINTAGE BEAD CHAISE LONG JEWEL BOX,18,21.5,2,0.72,1.08,Low Demand
VINTAGE BEAD COSMETIC BAG ,1776,1195.82,21,71.04,106.56,Medium Demand
VINTAGE BEAD FILLED PINK CUSHION,12,59.400000000000006,5,0.48,0.72,Low Demand
VINTAGE BEAD NOTEBOOK,188,554.6,56,7.52,11.28,Low Demand
VINTAGE BEAD PINK EVENING BAG,537,770.88,51,21.48,32.22,Medium Demand
VINTAGE BEAD PINK JEWEL BOX,51,216.75,24,2.04,3.06,Low Demand
VINTAGE BEAD PINK JEWEL STAND,3,14.850000000000001,3,0.12,0.18,Low Demand
VINTAGE BEAD PINK PURSE ,881,974.07,68,35.24,52.86,Medium Demand
VINTAGE BEAD PINK SCARF ,337,612.75,37,13.48,20.22,Low Demand
VINTAGE BEAD PINK SHADE ,525,652.5,43,21.0,31.5,Medium Demand
VINTAGE BELLS GARLAND,784,2246.56,127,31.36,47.04,Medium Demand
VINTAGE BILLBOARD DRINK ME MUG,4175,4523.96,314,167.0,250.5,High Demand
VINTAGE BILLBOARD LOVE/HATE MUG,4227,4165.45,257,169.08,253.62,High Demand
VINTAGE BILLBOARD MUG ,1927,1859.91,163,77.08,115.62,Medium Demand
VINTAGE BILLBOARD TEA MUG,4952,4973.150000000001,178,198.08,297.12,High Demand
VINTAGE BLUE KITCHEN CABINET,45,9290.0,37,1.8,2.7,Low Demand
VINTAGE BLUE TINSEL REEL,385,210.42000000000002,38,15.4,23.1,Low Demand
VINTAGE CARAVAN GIFT WRAP,3521,1458.82,124,140.84,211.26,High Demand
VINTAGE CARAVAN GREETING CARD ,3954,1618.3,244,158.16,237.24,High Demand
VINTAGE CAT FOOD CONTAINER,34,218.14,5,1.36,2.04,Low Demand
VINTAGE CHRISTMAS BUNTING,2755,12994.77,359,110.2,165.3,High Demand
VINTAGE CHRISTMAS CAKE FRILL,2465,3899.25,122,98.6,147.89999999999998,Medium Demand
VINTAGE CHRISTMAS GIFT BAG LARGE ,1781,2066.65,83,71.24,106.85999999999999,Medium Demand
VINTAGE CHRISTMAS GIFT SACK,1365,5527.150000000001,193,54.6,81.9,Medium Demand
VINTAGE CHRISTMAS PAPER GIFT BAG,1563,1241.6599999999999,88,62.52,93.78,Medium Demand
VINTAGE CHRISTMAS STOCKING ,2199,5564.25,281,87.96,131.94,Medium Demand
VINTAGE CHRISTMAS TABLECLOTH,393,4663.52,104,15.72,23.580000000000002,Low Demand
VINTAGE COFFEE GRINDER BOX,103,490.65,23,4.12,6.18,Low Demand
VINTAGE COLLAGE  GREETING  CARD ,40,16.8,2,1.6,2.4000000000000004,Low Demand
VINTAGE CREAM 3 BASKET CAKE STAND,1671,15537.289999999999,444,66.84,100.26,Medium Demand
VINTAGE CREAM CAT FOOD CONTAINER,851,5103.139999999999,287,34.04,51.06,Medium Demand
VINTAGE CREAM DOG FOOD CONTAINER,1010,8292.35,357,40.4,60.599999999999994,Medium Demand
VINTAGE DESIGN GIFT TAGS,3,2.55,2,0.12,0.18,Low Demand
VINTAGE DOG FOOD CONTAINER,36,308.64,6,1.44,2.16,Low Demand
VINTAGE DOILY DELUXE SEWING KIT ,726,4218.7,176,29.04,43.56,Medium Demand
VINTAGE DOILY JUMBO BAG RED ,4447,8535.26,234,177.88,266.82,High Demand
VINTAGE DOILY TRAVEL SEWING KIT,3522,6747.9,349,140.88,211.32,High Demand
VINTAGE DONKEY TAIL GAME ,1750,6146.89,215,70.0,105.0,Medium Demand
VINTAGE EMBOSSED HEART,904,1124.96,84,36.16,54.239999999999995,Medium Demand
VINTAGE ENAMEL & CRYSTAL EARRINGS,22,108.9,7,0.88,1.32,Low Demand
VINTAGE ENAMEL & CRYSTAL NECKLACE,10,49.5,5,0.4,0.6000000000000001,Low Demand
VINTAGE ENGRAVED HEART,60,75.0,4,2.4,3.5999999999999996,Low Demand
VINTAGE GLASS COFFEE CADDY,240,1392.0,78,9.6,14.399999999999999,Low Demand
VINTAGE GLASS SUGAR CADDY,69,404.55,25,2.76,4.14,Low Demand
VINTAGE GLASS T-LIGHT HOLDER,2130,1723.6200000000001,122,85.2,127.80000000000001,Medium Demand
VINTAGE GLASS TEA CADDY,220,1285.0,78,8.8,13.200000000000001,Low Demand
VINTAGE GOLD TINSEL REEL,235,112.14,42,9.4,14.100000000000001,Low Demand
VINTAGE HEADS AND TAILS CARD GAME ,17143,20204.53,1050,685.72,1028.58,High Demand
VINTAGE JINGLE BELLS HEART,226,1864.5,76,9.04,13.559999999999999,Low Demand
VINTAGE JINGLE BELLS WREATH,74,610.5,26,2.96,4.4399999999999995,Low Demand
VINTAGE KEEPSAKE BOX BEAUTY GIRL,6,38.1,3,0.24,0.36,Low Demand
VINTAGE KEEPSAKE BOX PARIS DAYS,71,326.04999999999995,15,2.84,4.26,Low Demand
VINTAGE KEEPSAKE BOX PINK FLOWER,34,215.89999999999998,16,1.36,2.04,Low Demand
VINTAGE KEEPSAKE BOX TRAVELOGUE,105,349.95,19,4.2,6.300000000000001,Low Demand
VINTAGE KID DOLLY CARD ,6556,2645.41,409,262.24,393.36,High Demand
VINTAGE KITCHEN PRINT FRUITS,3471,1343.85,56,138.84,208.26,High Demand
VINTAGE KITCHEN PRINT PUDDINGS,2707,1382.8500000000001,70,108.28,162.42000000000002,High Demand
VINTAGE KITCHEN PRINT SEAFOOD,3650,1567.5,37,146.0,219.0,High Demand
VINTAGE KITCHEN PRINT VEGETABLES,3316,1714.2,53,132.64,198.95999999999998,High Demand
VINTAGE LEAF CHOPPING BOARD  ,144,684.0,41,5.76,8.64,Low Demand
VINTAGE LEAF MAGNETIC NOTEPAD,1596,2247.0,211,63.84,95.76,Medium Demand
VINTAGE METAL CAKE STAND CREAM ,1,12.75,1,0.04,0.06,Low Demand
VINTAGE NOTEBOOK BEAUTY GIRL,79,233.05,28,3.16,4.74,Low Demand
VINTAGE NOTEBOOK FRENCH LETTER ,16,47.20000000000001,4,0.64,0.96,Low Demand
VINTAGE NOTEBOOK PARIS DAYS,304,631.6,37,12.16,18.240000000000002,Low Demand
VINTAGE NOTEBOOK PINK FLOWER,39,115.05000000000001,13,1.56,2.34,Low Demand
VINTAGE NOTEBOOK RED ROSE,44,129.8,12,1.76,2.64,Low Demand
VINTAGE NOTEBOOK TRAVELOGUE,307,620.0500000000001,37,12.28,18.419999999999998,Low Demand
VINTAGE PAISLEY STATIONERY SET,2088,3489.84,308,83.52,125.28,Medium Demand
VINTAGE PHOTO ALBUM PARIS DAYS,84,514.1999999999999,28,3.36,5.04,Low Demand
VINTAGE PINK DECORATIVE PARASOL,103,785.25,32,4.12,6.18,Low Demand
VINTAGE PINK TINSEL REEL ,13,27.3,4,0.52,0.78,Low Demand
VINTAGE POST OFFICE CABINET,134,8562.52,48,5.36,8.040000000000001,Low Demand
VINTAGE RED ENAMEL TRIM JUG ,582,2138.34,123,23.28,34.92,Medium Demand
VINTAGE RED ENAMEL TRIM MUG ,1634,1941.7,101,65.36,98.03999999999999,Medium Demand
VINTAGE RED ENAMEL TRIM PLATE,790,1274.7,67,31.6,47.400000000000006,Medium Demand
VINTAGE RED KITCHEN CABINET,76,12845.0,52,3.04,4.5600000000000005,Low Demand
VINTAGE RED MUG,2265,1438.71,110,90.6,135.89999999999998,Medium Demand
VINTAGE RED TEATIME MUG,4525,3312.7200000000003,180,181.0,271.5,High Demand
VINTAGE RED TRIM ENAMEL BOWL ,1079,1328.59,87,43.16,64.74,Medium Demand
VINTAGE ROSE BEAD BRACELET BLACK,87,369.75,32,3.48,5.22,Low Demand
VINTAGE ROSE BEAD BRACELET BLUE,19,80.75,9,0.76,1.1400000000000001,Low Demand
VINTAGE ROSE BEAD BRACELET RASPBERR,75,318.75,26,3.0,4.5,Low Demand
VINTAGE SEASIDE JIGSAW PUZZLES,1010,3672.52,204,40.4,60.599999999999994,Medium Demand
VINTAGE SHELLS PRINT,101,647.45,45,4.04,6.0600000000000005,Low Demand
VINTAGE SNAKES & LADDERS,3435,12337.97,615,137.4,206.10000000000002,High Demand
VINTAGE SNAP CARDS,25765,20458.79,1480,1030.6,1545.8999999999999,High Demand
VINTAGE UNION JACK APRON,865,5818.29,245,34.6,51.900000000000006,Medium Demand
VINTAGE UNION JACK BUNTING,6542,54815.12,1121,261.68,392.52,High Demand
VINTAGE UNION JACK CUSHION COVER,3563,18723.17,550,142.52,213.78000000000003,High Demand
VINTAGE UNION JACK DOORSTOP,1725,10077.23,350,69.0,103.5,Medium Demand
VINTAGE UNION JACK MEMOBOARD,7158,51465.619999999995,499,286.32,429.48,High Demand
VINTAGE UNION JACK PENNANT,1431,2790.45,159,57.24,85.86,Medium Demand
VINTAGE UNION JACK SHOPPING BAG,897,4232.55,185,35.88,53.82000000000001,Medium Demand
VINTAGE WOODEN BAR STOOL,43,1157.8999999999999,17,1.72,2.58,Low Demand
VINTAGE WOODEN PLATE RACK,17,659.1500000000001,11,0.68,1.02,Low Demand
VINTAGE ZINC PLANTER  ,23,75.66999999999999,5,0.92,1.3800000000000001,Low Demand
VINTAGE ZINC WATERING CAN,12,119.39999999999999,7,0.48,0.72,Low Demand
VINTAGE ZINC WATERING CAN SMALL,16,79.2,6,0.64,0.96,Low Demand
VINYL RECORD FRAME SILVER,2577,8923.81,177,103.08,154.62,High Demand
VIP HOLIDAY PURSE,664,296.48,22,26.56,39.839999999999996,Medium Demand
VIP LUGGAGE TAG ,73,91.25,26,2.92,4.38,Low Demand
VIP PASSPORT COVER ,35,73.5,11,1.4,2.0999999999999996,Low Demand
VIPPASSPORT COVER ,492,849.08,71,19.68,29.52,Low Demand
WAKE UP COCKEREL CALENDAR SIGN ,123,472.38,46,4.92,7.38,Low Demand
WAKE UP COCKEREL TILE COASTER,655,270.59,42,26.2,39.3,Medium Demand
WAKE UP COCKEREL TILE HOOK,218,124.17,25,8.72,13.080000000000002,Low Demand
WAKE UP COCKEREL WALL THERMOMETER,177,328.95,15,7.08,10.620000000000001,Low Demand
"WALL ART , LOVES' SECRET ",8,47.6,2,0.32,0.48,Low Demand
"WALL ART , THE MAGIC FOREST ",2,13.9,1,0.08,0.12,Low Demand
"WALL ART ,PUDDINGS ",8,61.2,2,0.32,0.48,Low Demand
WALL ART 70'S ALPHABET ,334,2399.58,55,13.36,20.04,Low Demand
WALL ART ANIMALS AND NATURE ,149,474.75,26,5.96,8.94,Low Demand
WALL ART BICYCLE SAFETY,649,3442.27,120,25.96,38.94,Medium Demand
WALL ART BICYCLE SAFTEY ,21,114.15,3,0.84,1.26,Low Demand
WALL ART BIG LOVE ,963,5340.21,97,38.52,57.78,Medium Demand
WALL ART BUFFALO BILL ,322,936.4200000000001,29,12.88,19.32,Low Demand
WALL ART CAT AND BIRD ,118,324.98,18,4.72,7.08,Low Demand
WALL ART CLASSIC PUDDINGS ,821,6093.49,118,32.84,49.260000000000005,Medium Demand
WALL ART DOG AND BALL ,89,226.29,17,3.56,5.34,Low Demand
WALL ART DOG LICENCE ,474,2265.18,62,18.96,28.44,Low Demand
WALL ART DOLLY GIRL ,311,896.3700000000001,19,12.44,18.66,Low Demand
WALL ART GARDEN HAVEN ,210,936.34,31,8.4,12.600000000000001,Low Demand
WALL ART HORSE & PONY ,209,644.6700000000001,34,8.36,12.54,Low Demand
WALL ART I LOVE LONDON ,86,387.3,19,3.44,5.16,Low Demand
WALL ART KEEP CALM ,959,4861.75,74,38.36,57.54,Medium Demand
WALL ART LOVES' SECRET ,229,1082.1100000000001,33,9.16,13.74,Low Demand
WALL ART MID CENTURY MODERN ,164,1015.78,20,6.56,9.84,Low Demand
WALL ART ONLY ONE PERSON ,1037,4241.25,73,41.48,62.22,Medium Demand
WALL ART SPACEBOY,156,495.48,21,6.24,9.36,Low Demand
WALL ART STOP FOR TEA ,689,3754.13,153,27.56,41.339999999999996,Medium Demand
WALL ART THE MAGIC FOREST ,144,876.64,9,5.76,8.64,Low Demand
WALL ART TREASURE AHOY ,87,317.97,22,3.48,5.22,Low Demand
WALL ART VILLAGE SHOW ,227,1201.6100000000001,56,9.08,13.620000000000001,Low Demand
WALL ART VINTAGE HEART,327,1278.87,27,13.08,19.62,Low Demand
WALL ART WORK REST AND PLAY  ,205,853.47,26,8.2,12.299999999999999,Low Demand
"WALL ART,ONLY ONE PERSON ",6,29.700000000000003,1,0.24,0.36,Low Demand
"WALL MIRROR , DIAMANTE OVAL SHAPE",387,2591.85,99,15.48,23.22,Low Demand
"WALL MIRROR , RECT DIAMANTE, PINK/",178,1108.8600000000001,21,7.12,10.68,Low Demand
WALL MIRROR RECTANGLE DIAMANTE PINK,131,561.45,20,5.24,7.86,Low Demand
WALL MOUNTED VINTAGE ORGANISER,460,5507.74,123,18.4,27.599999999999998,Low Demand
WALL TIDY RETROSPOT ,3069,4898.96,288,122.76,184.14000000000001,High Demand
WASH BAG VINTAGE ROSE PAISLEY,1829,4497.45,303,73.16,109.74,Medium Demand
WASHROOM METAL SIGN,6836,9209.91,654,273.44,410.15999999999997,High Demand
WATERING CAN BLUE ELEPHANT,3214,6072.999999999999,498,128.56,192.84,High Demand
WATERING CAN GARDEN MARKER,2268,2998.7,183,90.72,136.07999999999998,Medium Demand
WATERING CAN GREEN DINOSAUR,2707,4894.37,353,108.28,162.42000000000002,High Demand
WATERING CAN PINK BUNNY,3417,6261.049999999999,429,136.68,205.02,High Demand
WATERING CAN SINGLE HOOK PISTACHIO,412,564.12,38,16.48,24.72,Low Demand
WATERMELON BATH SPONGE,1739,2169.95,141,69.56,104.34,Medium Demand
WAVELINE SURF IRONING BOARD COVER,8,30.0,6,0.32,0.48,Low Demand
WAY OUT METAL SIGN ,1035,1333.35,101,41.4,62.099999999999994,Medium Demand
WEEKEND BAG VINTAGE ROSE PAISLEY,975,7877.8,280,39.0,58.5,Medium Demand
WELCOME  WOODEN BLOCK LETTERS,978,9398.65,316,39.12,58.67999999999999,Medium Demand
WELCOME METAL SIGN,44,55.0,8,1.76,2.64,Low Demand
WHEELBARROW FOR CHILDREN ,519,6146.37,187,20.76,31.14,Medium Demand
WHITE  ROSEBUD PEARL BRACELET,30,80.7,8,1.2,1.7999999999999998,Low Demand
WHITE 3 FRAME BIRDS AND TREE ,24,237.8,13,0.96,1.44,Low Demand
WHITE ADVENT CANDLE,443,829.08,39,17.72,26.58,Low Demand
WHITE ALLIUM  ARTIFICIAL FLOWER,40,67.6,10,1.6,2.4000000000000004,Low Demand
WHITE AND BLUE CERAMIC OIL BURNER,325,367.85,39,13.0,19.5,Low Demand
WHITE ANEMONE ARTIFICIAL FLOWER,195,329.55,21,7.8,11.7,Low Demand
WHITE BAMBOO RIBS LAMPSHADE,3155,2678.35,91,126.2,189.3,High Demand
WHITE BAROQUE CARRIAGE CLOCK,22,218.89999999999998,15,0.88,1.32,Low Demand
WHITE BAROQUE WALL CLOCK ,80,785.4,41,3.2,4.800000000000001,Low Demand
WHITE BEADED GARLAND STRING 20LIGHT,996,6055.8,201,39.84,59.760000000000005,Medium Demand
WHITE BELL HONEYCOMB PAPER ,1889,2914.85,113,75.56,113.34,Medium Demand
WHITE BELL HONEYCOMB PAPER GARLAND ,1349,2098.65,108,53.96,80.94,Medium Demand
WHITE BIRD GARDEN DESIGN MUG,8800,1323.2,22,352.0,528.0,High Demand
WHITE BITTY LIGHT CHAIN ,241,1004.73,39,9.64,14.46,Low Demand
WHITE BROCANTE SOAP DISH,755,2169.65,118,30.2,45.3,Medium Demand
WHITE CANDYSTUFT ARTIFICIAL FLOWER,433,543.37,30,17.32,25.98,Low Demand
WHITE CERAMIC PARTY SET (5PCS),94,337.58,15,3.76,5.64,Low Demand
WHITE CHERRY LIGHTS,962,5687.5,98,38.48,57.72,Medium Demand
WHITE CHOCOLATE SCENT CANDLE,351,244.35,10,14.04,21.06,Low Demand
WHITE CHRISTMAS FLOCK DROPLET ,91,73.91,6,3.64,5.46,Low Demand
WHITE CHRISTMAS GARLAND STARS TREES,563,2100.45,106,22.52,33.78,Medium Demand
WHITE CHRISTMAS HEART DECORATION,2600,1083.36,104,104.0,156.0,High Demand
WHITE CHRISTMAS STAR DECORATION,3204,1337.04,132,128.16,192.24,High Demand
WHITE CHRISTMAS TREE 60CM,3,8.850000000000001,3,0.12,0.18,Low Demand
WHITE CHRISTMAS TREE DECORATION ,2124,874.8,82,84.96,127.44,Medium Demand
WHITE CHRYSANTHEMUMS ART FLOWER,271,464.34,18,10.84,16.259999999999998,Low Demand
WHITE DOVE HONEYCOMB PAPER GARLAND,5022,7737.3,274,200.88,301.32,High Demand
WHITE ENAMEL FLOWER HAIR TIE,9,26.550000000000004,3,0.36,0.54,Low Demand
WHITE FOXGLOVE ARTIIFCIAL FLOWER,16,40.8,3,0.64,0.96,Low Demand
WHITE FRANGIPANI HAIR CLIP,17,14.45,3,0.68,1.02,Low Demand
WHITE FRANGIPANI NECKLACE,17,43.35,5,0.68,1.02,Low Demand
WHITE GLASS CHUNKY CHARM BRACELET,70,620.05,28,2.8,4.199999999999999,Low Demand
WHITE GLASS TV TRIPLE FRAME,16,68.0,8,0.64,0.96,Low Demand
WHITE GOOSE FEATHER CHRISTMAS TREE ,467,1461.65,81,18.68,28.02,Low Demand
WHITE GOOSE FEATHER TREE 60CM ,354,786.3,57,14.16,21.240000000000002,Low Demand
WHITE GRAND BAROQUE PHOTO FRAME,174,379.5,12,6.96,10.44,Low Demand
WHITE HAND TOWEL WITH BUTTERFLY,183,477.85,17,7.32,10.98,Low Demand
WHITE HANGING BEADS CANDLE HOLDER,729,3854.65,144,29.16,43.74,Medium Demand
WHITE HANGING HEART T-LIGHT HOLDER,93640,252072.46,4888,3745.6,5618.4,High Demand
WHITE HEART CONFETTI IN TUBE,1191,1306.1100000000001,82,47.64,71.46000000000001,Medium Demand
WHITE HEART OF GLASS BRACELET,23,136.85000000000002,8,0.92,1.3800000000000001,Low Demand
WHITE HEARTS WIRE PLANT POT HOLDER,324,873.5600000000001,59,12.96,19.44,Low Demand
WHITE HONEYCOMB PAPER FAN ,84,158.36,14,3.36,5.04,Low Demand
WHITE HONEYCOMB PAPER GARLAND ,543,866.75,61,21.72,32.58,Medium Demand
WHITE HYDRANGEA ART FLOWER,202,319.8,16,8.08,12.120000000000001,Low Demand
WHITE JEWELLED HEART DECORATION,5990,4826.719999999999,330,239.6,359.4,High Demand
WHITE LOVEBIRD LANTERN,2130,6090.700000000001,304,85.2,127.80000000000001,Medium Demand
WHITE METAL BAROQUE PHOTO FRAME,72,120.0,8,2.88,4.32,Low Demand
WHITE METAL LANTERN,4522,16058.44,583,180.88,271.32,High Demand
WHITE MOROCCAN METAL LANTERN,48,202.92,12,1.92,2.88,Low Demand
WHITE MURANO TWIST BRACELET,102,418.25,20,4.08,6.12,Low Demand
WHITE NEWBAROQUE CANDLESTICK CANDLE,640,737.2,46,25.6,38.400000000000006,Medium Demand
"WHITE PEARL BEADED HEART, SMALL",429,536.25,62,17.16,25.740000000000002,Low Demand
WHITE PICNIC BARBECUE BUCKET,54,474.9,24,2.16,3.24,Low Demand
WHITE RETRODISC LAMPSHADE,898,1775.1,41,35.92,53.88,Medium Demand
WHITE ROCKING HORSE HAND PAINTED,2803,3377.75,154,112.12,168.18,High Demand
WHITE ROHMBIC BLOCK TABLE LAMP,2,5.9,1,0.08,0.12,Low Demand
WHITE ROSE C/COVER,20,119.0,12,0.8,1.2000000000000002,Low Demand
WHITE ROSEBUD  PEARL EARRINGS,20,51.0,6,0.8,1.2000000000000002,Low Demand
WHITE ROSEBUD & PEARL NECKLACE,4,30.0,2,0.16,0.24,Low Demand
WHITE ROUND PORCELAIN TLIGHT HOLDER,112,256.8,13,4.48,6.720000000000001,Low Demand
WHITE SAGE INCENSE,2108,435.18,50,84.32,126.47999999999999,Medium Demand
WHITE SATIN DRESS JEWEL STAND,4,19.8,2,0.16,0.24,Low Demand
WHITE SCANDINAVIAN HEART CHRISTMAS,1,1.25,1,0.04,0.06,Low Demand
WHITE SILVER NECKLACE SHELL GLASS,2,19.9,2,0.08,0.12,Low Demand
WHITE SKULL HOT WATER BOTTLE ,4930,18319.2,738,197.2,295.79999999999995,High Demand
WHITE SNOW SCANDINAVIAN STOCKING ,564,266.52,60,22.56,33.839999999999996,Medium Demand
WHITE SOAP RACK WITH 2 BOTTLES,250,1393.9,86,10.0,15.0,Low Demand
WHITE SPOT BLUE CERAMIC DRAWER KNOB,9390,11297.98,563,375.6,563.4000000000001,High Demand
WHITE SPOT RED CERAMIC DRAWER KNOB,10377,12465.37,625,415.08,622.62,High Demand
WHITE SQUARE TABLE CLOCK,203,228.54,25,8.12,12.18,Low Demand
WHITE STITCHED CUSHION COVER,212,1158.08,56,8.48,12.72,Low Demand
WHITE STITCHED WALL CLOCK,851,814.4,42,34.04,51.06,Medium Demand
WHITE STONE/CRYSTAL EARRINGS,18,53.10000000000001,6,0.72,1.08,Low Demand
WHITE SWEETHEARTS CABINET 4 DRAWERS,241,2940.75,133,9.64,14.46,Low Demand
WHITE TALL PORCELAIN T-LIGHT HOLDER,1588,3431.4,159,63.52,95.28,Medium Demand
"WHITE TEA,COFFEE,SUGAR JARS",638,1236.1,68,25.52,38.28,Medium Demand
WHITE TISSUE REAM,326,2591.7000000000003,204,13.04,19.56,Low Demand
WHITE TRAVEL ALARM CLOCK,313,770.76,71,12.52,18.78,Low Demand
WHITE VINT ART DECO CRYSTAL NECKLAC,18,153.0,10,0.72,1.08,Low Demand
WHITE VINTAGE CRYSTAL BRACELET,19,128.25,7,0.76,1.1400000000000001,Low Demand
WHITE VINTAGE CRYSTAL EARRINGS,11,41.25,4,0.44,0.66,Low Demand
WHITE WICKER STAR ,1426,2963.1,270,57.04,85.56,Medium Demand
WHITE WIRE EGG HOLDER,1745,9629.050000000001,327,69.8,104.69999999999999,Medium Demand
WHITE WIRE PLANT POT HOLDER,16,46.24,2,0.64,0.96,Low Demand
WHITE WITH BLACK CATS BOWL,344,141.68,27,13.76,20.64,Low Demand
WHITE WITH BLACK CATS MUG,5155,977.11,47,206.2,309.29999999999995,High Demand
WHITE WITH BLACK CATS PLATE,6091,716.23,25,243.64,365.46,High Demand
WHITE WITH METAL BAG CHARM,13,64.35,7,0.52,0.78,Low Demand
WHITE WOOD GARDEN PLANT LADDER,1529,14350.66,808,61.16,91.74,Medium Demand
WHITE WOOD SINGLE P/FRAME,5,6.25,3,0.2,0.30000000000000004,Low Demand
WHITE/BLUE PULL BACK RACING CAR,1661,851.15,114,66.44,99.66,Medium Demand
WHITE/BLUE RECT CERAMIC OIL BURNER,20,25.0,4,0.8,1.2000000000000002,Low Demand
WHITE/PINK CHICK DECORATION,285,328.89,26,11.4,17.1,Low Demand
WHITE/PINK CHICK EASTER DECORATION,101,85.85,19,4.04,6.0600000000000005,Low Demand
WHITE/PINK MINI CRYSTALS NECKLACE,11,54.45,5,0.44,0.66,Low Demand
WICKER STAR ,4621,9521.1,720,184.84,277.26,High Demand
WICKER WREATH LARGE,1421,2696.21,245,56.84,85.26,Medium Demand
WICKER WREATH SMALL,1415,1875.6699999999998,184,56.6,84.9,Medium Demand
WILLOW BRANCH LIGHTS.,703,4121.25,63,28.12,42.18,Medium Demand
WINE BOTTLE DRESSING DARK BLUE,138,33.05,22,5.52,8.28,Low Demand
WINE BOTTLE DRESSING LT.BLUE,141,39.87,25,5.64,8.459999999999999,Low Demand
WIRE EGG BASKET ,110,827.5,40,4.4,6.6000000000000005,Low Demand
WIRE FLOWER T-LIGHT HOLDER,221,276.25,41,8.84,13.26,Low Demand
WISE MAN STAR SHAPE EGG PAN,73,93.99,22,2.92,4.38,Low Demand
WOBBLING METAL CHICKEN EASTER,85,72.25,13,3.4,5.1,Low Demand
WOOD 2 DRAWER CABINET WHITE FINISH,4998,29150.02,1053,199.92,299.88,High Demand
WOOD AND GLASS MEDICINE CABINET,67,1874.65,24,2.68,4.0200000000000005,Low Demand
WOOD ANIMALS HEIGHT CHART STICKERS ,6,17.700000000000003,1,0.24,0.36,Low Demand
WOOD BLACK BOARD ANT WHITE FINISH,10893,60513.09,1048,435.72,653.58,High Demand
WOOD FAN WITH FLOWER DESIGN,1391,1638.43,74,55.64,83.46000000000001,Medium Demand
WOOD S/3 CABINET ANT WHITE FINISH,4072,31557.8,1002,162.88,244.32,High Demand
WOOD STAMP SET BEST WISHES,1491,1755.42,226,59.64,89.46000000000001,Medium Demand
WOOD STAMP SET FLOWERS,1288,1636.83,202,51.52,77.28,Medium Demand
WOOD STAMP SET HAPPY BIRTHDAY,1281,1550.42,193,51.24,76.86,Medium Demand
WOOD STAMP SET THANK YOU,2111,2568.8,311,84.44,126.66,Medium Demand
WOOD STOCKING CHRISTMAS SCANDISPOT,3062,2336.68,263,122.48,183.72,High Demand
WOOD XMAS TREE 9 FIG SHELVES,29,24.65,4,1.16,1.7399999999999998,Low Demand
WOODEN ADVENT CALENDAR CREAM,876,12707.1,208,35.04,52.56,Medium Demand
WOODEN ADVENT CALENDAR RED,779,8561.65,162,31.16,46.74,Medium Demand
WOODEN BOX ADVENT CALENDAR ,1247,10781.699999999999,331,49.88,74.82000000000001,Medium Demand
WOODEN BOX OF DOMINOES,12193,14877.12,869,487.72,731.58,High Demand
WOODEN CHRISTMAS TREE 3 HANGING,144,60.480000000000004,21,5.76,8.64,Low Demand
WOODEN CROQUET GARDEN SET,1724,21003.309999999998,548,68.96,103.44,Medium Demand
WOODEN FRAME ANTIQUE WHITE ,14707,40870.82000000001,1773,588.28,882.42,High Demand
WOODEN HAPPY BIRTHDAY GARLAND,4902,13843.900000000001,540,196.08,294.12,High Demand
WOODEN HEART CHRISTMAS SCANDINAVIAN,13100,6235.08,726,524.0,786.0,High Demand
WOODEN HEART CHRISTMAS SCANDISPOT,36,30.6,1,1.44,2.16,Low Demand
WOODEN OWLS LIGHT GARLAND ,2019,7645.389999999999,191,80.76,121.14000000000001,Medium Demand
WOODEN PICTURE FRAME WHITE FINISH,15919,37679.600000000006,1658,636.76,955.14,High Demand
WOODEN REGATTA BUNTING,997,5740.150000000001,294,39.88,59.82000000000001,Medium Demand
WOODEN ROUNDERS GARDEN SET ,2427,21177.27,643,97.08,145.62,Medium Demand
WOODEN SCHOOL COLOURING SET,11292,18082.32,838,451.68,677.52,High Demand
WOODEN SKITTLES GARDEN SET,1030,13850.34,337,41.2,61.800000000000004,Medium Demand
WOODEN STAR CHRISTMAS SCANDINAVIAN,12297,5432.169999999999,662,491.88,737.8199999999999,High Demand
WOODEN STAR CHRISTMAS SCANDISPOT,72,61.2,2,2.88,4.32,Low Demand
WOODEN TREE CHRISTMAS SCANDINAVIAN,6693,3267.41,457,267.72,401.58000000000004,High Demand
WOODEN TREE CHRISTMAS SCANDISPOT,96,81.6,3,3.84,5.76,Low Demand
WOODEN UNION JACK BUNTING,3177,18322.68,632,127.08,190.62,High Demand
WOODLAND  HEIGHT CHART STICKERS ,1572,4271.400000000001,188,62.88,94.32000000000001,Medium Demand
WOODLAND  STICKERS,2730,2245.62,149,109.2,163.8,High Demand
WOODLAND ANIMAL  WRITING SET ,1361,2139.65,127,54.44,81.66,Medium Demand
WOODLAND BUNNIES LOLLY MAKERS,566,1135.52,75,22.64,33.96,Medium Demand
WOODLAND CHARLOTTE BAG,19288,15235.59,1062,771.52,1157.28,High Demand
WOODLAND CREATURES  WRAP,25,10.5,1,1.0,1.5,Low Demand
WOODLAND DESIGN  COTTON TOTE BAG,1926,4315.5,276,77.04,115.56,Medium Demand
WOODLAND LARGE BLUE FELT HEART,85,106.25,8,3.4,5.1,Low Demand
WOODLAND LARGE PINK FELT HEART,278,307.18,10,11.12,16.68,Low Demand
WOODLAND LARGE RED FELT HEART,198,247.5,18,7.92,11.879999999999999,Low Demand
WOODLAND MINI BACKPACK,788,3150.2000000000003,133,31.52,47.28,Medium Demand
WOODLAND MINI RUCKSACK ,5,20.75,2,0.2,0.30000000000000004,Low Demand
WOODLAND PARTY BAG + STICKER SET,3529,5570.21,345,141.16,211.74,High Demand
WOODLAND SMALL BLUE FELT HEART,297,246.51000000000002,27,11.88,17.82,Low Demand
WOODLAND SMALL PINK FELT HEART,280,232.4,26,11.2,16.799999999999997,Low Demand
WOODLAND SMALL RED FELT HEART,666,531.6600000000001,43,26.64,39.96,Medium Demand
WOODLAND STORAGE BOX LARGE ,782,1739.5400000000002,61,31.28,46.92,Medium Demand
WOODLAND STORAGE BOX SMALL,963,1340.7,51,38.52,57.78,Medium Demand
WOODLAND WATER TRANSFER TATTOOS ,1753,1447.6499999999999,145,70.12,105.18,Medium Demand
WOOLLY HAT SOCK GLOVE ADVENT STRING,1689,5001.750000000001,162,67.56,101.34,Medium Demand
WORLD WAR 2 GLIDERS ASSTD DESIGNS,109169,24905.87,920,4366.76,6550.14,High Demand
WOVEN BERRIES CUSHION COVER ,194,383.1,20,7.76,11.64,Low Demand
WOVEN BUBBLE GUM CUSHION COVER,190,363.3,20,7.6,11.399999999999999,Low Demand
WOVEN CANDY CUSHION COVER ,93,193.95000000000002,11,3.72,5.58,Low Demand
WOVEN FROST CUSHION COVER,102,238.5,17,4.08,6.12,Low Demand
WOVEN ROSE GARDEN CUSHION COVER ,172,363.0,17,6.88,10.32,Low Demand
WOVEN SUNSET CUSHION COVER ,23,113.85,9,0.92,1.3800000000000001,Low Demand
WRAP  PINK FLOCK,1075,449.5,39,43.0,64.5,Medium Demand
WRAP  VINTAGE DOILEY ,100,42.0,2,4.0,6.0,Low Demand
WRAP  VINTAGE DOILY ,2450,1029.0,93,98.0,147.0,Medium Demand
"WRAP , SUMMER ROSE DESIGN",150,63.0,6,6.0,9.0,Low Demand
WRAP 50'S  CHRISTMAS,4563,1892.46,149,182.52,273.78000000000003,High Demand
WRAP A PRETTY THANK YOU,50,21.0,2,2.0,3.0,Low Demand
WRAP ALPHABET DESIGN,7950,3207.0,232,318.0,477.0,High Demand
WRAP ALPHABET POSTER  ,1850,761.0,63,74.0,111.0,Medium Demand
WRAP BAD HAIR DAY,975,97.5,33,39.0,58.5,Medium Demand
WRAP BILLBOARD FONTS DESIGN,1800,756.0,62,72.0,108.0,Medium Demand
WRAP BIRD GARDEN ,1300,546.0,51,52.0,78.0,Medium Demand
WRAP BLIZZARD,975,409.5,34,39.0,58.5,Medium Demand
WRAP BLUE REINDEER,1350,567.0,43,54.0,81.0,Medium Demand
WRAP BLUE RUSSIAN FOLKART,2050,636.75,56,82.0,123.0,Medium Demand
WRAP BOUDOIR ,750,75.0,9,30.0,45.0,Medium Demand
WRAP CAROUSEL,375,157.5,14,15.0,22.5,Low Demand
WRAP CHRISTMAS DECOUPAGE,25,10.5,1,1.0,1.5,Low Demand
WRAP CHRISTMAS SCREEN PRINT,3575,1035.75,112,143.0,214.5,High Demand
WRAP CHRISTMAS VILLAGE,9713,3971.46,280,388.52,582.78,High Demand
WRAP CIRCUS PARADE,5327,2189.34,178,213.08,319.62,High Demand
WRAP COWBOYS  ,4265,1711.3,123,170.6,255.89999999999998,High Demand
WRAP DAISY CARPET ,2060,640.95,59,82.4,123.60000000000001,Medium Demand
WRAP DOILEY DESIGN,4675,1915.5,162,187.0,280.5,High Demand
WRAP DOLLY GIRL,5350,2151.0,158,214.0,321.0,High Demand
WRAP ENGLISH ROSE ,13298,5477.4,440,531.92,797.8799999999999,High Demand
WRAP FLOWER SHOP  ,1575,661.5,62,63.0,94.5,Medium Demand
WRAP FOLK ART,2075,658.75,59,83.0,124.5,Medium Demand
WRAP GINGHAM ROSE ,2276,943.92,82,91.04,136.56,Medium Demand
WRAP GREEN PEARS ,3850,1617.0,147,154.0,231.0,High Demand
WRAP GREEN RUSSIAN FOLKART ,1750,533.75,48,70.0,105.0,Medium Demand
WRAP I LOVE LONDON ,7129,2798.18,168,285.16,427.74,High Demand
WRAP KEEP CALM BIRTHDAY,1125,460.5,36,45.0,67.5,Medium Demand
WRAP MAGIC FOREST ,1075,451.5,43,43.0,64.5,Medium Demand
WRAP MONSTER FUN ,2150,903.0,81,86.0,129.0,Medium Demand
WRAP PAISLEY PARK ,3275,1375.5,120,131.0,196.5,High Demand
WRAP PINK FAIRY CAKES ,16686,6569.12,417,667.44,1001.1600000000001,High Demand
WRAP POPPIES  DESIGN,5175,2105.5,158,207.0,310.5,High Demand
WRAP RED APPLES ,8825,3626.5,293,353.0,529.5,High Demand
WRAP RED DOILEY,375,157.5,15,15.0,22.5,Low Demand
WRAP RED VINTAGE DOILY,2100,866.0,68,84.0,126.0,Medium Demand
WRAP ROMANTIC DECOUPAGE,25,10.5,1,1.0,1.5,Low Demand
WRAP SPEED DEMONS ,450,45.0,2,18.0,27.0,Low Demand
WRAP SUKI AND FRIENDS,6726,2742.92,208,269.04,403.56000000000006,High Demand
WRAP SUMMER ROSE DESIGN,100,42.0,4,4.0,6.0,Low Demand
WRAP SWEETS LIGHT PINK SMALL BOWL,71,78.11,9,2.84,4.26,Low Demand
WRAP VINTAGE LEAF DESIGN,5326,2140.92,134,213.04,319.56,High Demand
WRAP VINTAGE PETALS  DESIGN,3300,1338.0,104,132.0,198.0,High Demand
WRAP WEDDING DAY,2775,1089.5,76,111.0,166.5,High Demand
WRAP WINTER FOREST,250,105.0,9,10.0,15.0,Low Demand
"WRAP, BILLBOARD FONTS DESIGN",2940,1146.8,71,117.6,176.39999999999998,High Demand
"WRAP, CAROUSEL",575,241.5,22,23.0,34.5,Medium Demand
"WRAP, FRIENDSHIP ON GREEN",1450,609.0,55,58.0,87.0,Medium Demand
"WRAP,SUKI AND FRIENDS",3325,1352.5,109,133.0,199.5,High Demand
"WRAPPING PAPER, XMAS VILLAGE",25,10.5,1,1.0,1.5,Low Demand
YELLOW + BROWN BEAR FELT PURSE KIT,35,43.75,11,1.4,2.0999999999999996,Low Demand
YELLOW BIRDS FELT DES FOODCOVER,9,33.75,4,0.36,0.54,Low Demand
YELLOW BREAKFAST CUP AND SAUCER,2688,439.84,26,107.52,161.28,High Demand
YELLOW BROWN BEAR FELT PURSE KIT,11,13.75,3,0.44,0.66,Low Demand
YELLOW COAT RACK PARIS FASHION,319,1465.29,98,12.76,19.14,Low Demand
YELLOW DRAGONFLY HELICOPTER,78,620.1,50,3.12,4.68,Low Demand
YELLOW EASTER EGG HUNT START POST,250,465.9,37,10.0,15.0,Low Demand
YELLOW FELT HANGING HEART W FLOWER,51,43.349999999999994,7,2.04,3.06,Low Demand
YELLOW FLOWERS FELT HANDBAG KIT,161,338.1,47,6.44,9.66,Low Demand
YELLOW GIANT GARDEN THERMOMETER,263,1606.97,91,10.52,15.78,Low Demand
YELLOW KNITTED KIDS RUCKSACK,33,222.75,11,1.32,1.98,Low Demand
YELLOW METAL CHICKEN HEART ,1341,1903.05,137,53.64,80.46000000000001,Medium Demand
YELLOW PINK FLOWER DESIGN BIG BOWL,31,19.770000000000003,5,1.24,1.8599999999999999,Low Demand
YELLOW POT PLANT CANDLE,493,1245.15,42,19.72,29.58,Low Demand
YELLOW PURPLE DAISY FELT PURSE KIT,86,107.5,23,3.44,5.16,Low Demand
YELLOW RABBIT SAT EASTER,48,20.16,3,1.92,2.88,Low Demand
YELLOW RED FLOWER PIGGY BANK,107,206.54999999999998,10,4.28,6.42,Low Demand
YELLOW SHARK HELICOPTER,98,779.1,67,3.92,5.88,Low Demand
YELLOW VW BEETLE CERAMIC MONEY BOX,46,130.9,15,1.84,2.7600000000000002,Low Demand
YELLOW/BLUE RETRO RADIO,24,70.80000000000001,12,0.96,1.44,Low Demand
YELLOW/ORANGE FLOWER DESIGN PLATE,68,19.72,2,2.72,4.08,Low Demand
YELLOW/PINK CERAMIC CANDLE HOLDER,7,11.549999999999999,5,0.28,0.42000000000000004,Low Demand
YELLOW/PINK FLOWER DESIGN BIG MUG,45,37.83,21,1.8,2.7,Low Demand
YOU'RE CONFUSING ME METAL SIGN ,8719,13568.710000000001,621,348.76,523.14,High Demand
YULETIDE IMAGES GIFT WRAP SET,1043,1136.56,90,41.72,62.58,Medium Demand
YULETIDE IMAGES S/6 PAPER BOXES,774,932.1,63,30.96,46.44,Medium Demand
ZINC  HEART T-LIGHT HOLDER,830,997.1800000000001,49,33.2,49.800000000000004,Medium Demand
ZINC  STAR T-LIGHT HOLDER ,1186,1361.54,35,47.44,71.16,Medium Demand
ZINC BOX SIGN HOME,139,1348.01,62,5.56,8.34,Low Demand
ZINC FINISH 15CM PLANTER POTS,1585,1907.53,148,63.4,95.1,Medium Demand
ZINC FOLKART SLEIGH BELLS,7898,12885.7,545,315.92,473.88,High Demand
ZINC HEART FLOWER T-LIGHT HOLDER,760,947.18,57,30.4,45.599999999999994,Medium Demand
ZINC HEART LATTICE 2 WALL PLANTER,73,463.55,21,2.92,4.38,Low Demand
ZINC HEART LATTICE CHARGER LARGE,71,266.25,20,2.84,4.26,Low Demand
ZINC HEART LATTICE CHARGER SMALL,39,115.05000000000001,12,1.56,2.34,Low Demand
ZINC HEART LATTICE DOUBLE PLANTER,670,566.1,20,26.8,40.2,Medium Demand
ZINC HEART LATTICE PLANTER BOWL,820,713.8000000000001,23,32.8,49.199999999999996,Medium Demand
ZINC HEART LATTICE T-LIGHT HOLDER,1322,1629.22,127,52.88,79.32000000000001,Medium Demand
ZINC HEART LATTICE TRAY OVAL ,334,417.7,27,13.36,20.04,Low Demand
ZINC HEARTS PLANT POT HOLDER,275,746.15,49,11.0,16.5,Low Demand
ZINC HERB GARDEN CONTAINER,546,3348.57,187,21.84,32.76,Medium Demand
ZINC METAL HEART DECORATION,19715,23815.18,1244,788.6,1182.9,High Demand
ZINC PLANT POT HOLDER,8,23.12,1,0.32,0.48,Low Demand
ZINC POLICE BOX LANTERN,193,783.7,4,7.72,11.58,Low Demand
ZINC STAR T-LIGHT HOLDER ,8,10.0,1,0.32,0.48,Low Demand
ZINC SWEETHEART SOAP DISH,60,106.9,19,2.4,3.5999999999999996,Low Demand
ZINC SWEETHEART WIRE LETTER RACK,248,923.63,78,9.92,14.879999999999999,Low Demand
ZINC T-LIGHT HOLDER STAR LARGE,2030,1896.54,148,81.2,121.80000000000001,Medium Demand
ZINC T-LIGHT HOLDER STARS LARGE,24,22.8,2,0.96,1.44,Low Demand
ZINC T-LIGHT HOLDER STARS SMALL,4894,3879.98,237,195.76,293.64,High Demand
ZINC TOP  2 DOOR WOODEN SHELF ,244,1511.8,48,9.76,14.64,Low Demand
ZINC WILLIE WINKIE  CANDLE STICK,6237,5187.57,442,249.48,374.21999999999997,High Demand
ZINC WIRE KITCHEN ORGANISER,25,156.8,12,1.0,1.5,Low Demand
ZINC WIRE SWEETHEART LETTER TRAY,80,253.24,20,3.2,4.800000000000001,Low Demand
